tipo;temp_aire_k;temp_proceso_k;velocidad_rpm;torque_nm;torque_predicho;residual;desgaste_min;nivel_desgaste;falla_maquina
M;298,1;308,6;1551;42,8;39,43850705242438;3,36149294757562;0;Bajo (0-100 min);0
L;298,2;308,7;1408;46,3;46,361668016283375;-0,06166801628337737;3;Bajo (0-100 min);0
L;298,1;308,5;1498;49,4;42,01262707917484;7,3873729208251575;5;Bajo (0-100 min);0
L;298,2;308,6;1433;39,5;45,1591065316116;-5,659106531611599;7;Bajo (0-100 min);0
L;298,2;308,7;1408;40,0;46,357158385108924;-6,357158385108924;9;Bajo (0-100 min);0
M;298,1;308,6;1425;41,9;45,53224673750025;-3,632246737500253;11;Bajo (0-100 min);0
L;298,1;308,6;1558;42,4;39,08898417178238;3,31101582821762;14;Bajo (0-100 min);0
L;298,1;308,6;1527;40,2;40,58876848209804;-0,3887684820980368;16;Bajo (0-100 min);0
M;298,3;308,7;1667;28,6;33,81866125691779;-5,218661256917791;18;Bajo (0-100 min);0
M;298,5;309,0;1741;28,0;30,221770629523093;-2,2217706295230926;21;Bajo (0-100 min);0
H;298,4;308,9;1782;23,9;28,233820263913145;-4,333820263913147;24;Bajo (0-100 min);0
H;298,6;309,1;1423;44,3;45,6161837649437;-1,3161837649437018;29;Bajo (0-100 min);0
M;298,6;309,1;1339;51,1;49,68043063378435;1,4195693662156543;34;Bajo (0-100 min);0
M;298,6;309,2;1742;30,0;30,1502773703873;-0,15027737038730038;37;Bajo (0-100 min);0
L;298,6;309,2;2035;19,6;15,958434052632555;3,6415659473674467;40;Bajo (0-100 min);0
L;298,6;309,2;1542;48,4;39,83224528445468;8,56775471554532;42;Bajo (0-100 min);0
M;298,6;309,2;1311;46,6;51,01775553481642;-4,417755534816422;44;Bajo (0-100 min);0
M;298,7;309,2;1410;45,6;46,23234878983661;-0,6323487898366054;47;Bajo (0-100 min);0
H;298,8;309,2;1306;54,5;51,27795387400358;3,222046125996421;50;Bajo (0-100 min);0
M;298,9;309,3;1632;32,5;35,48658429806301;-2,9865842980630077;55;Bajo (0-100 min);0
H;298,9;309,3;1375;42,7;47,930487315435;-5,230487315434999;58;Bajo (0-100 min);0
L;298,8;309,3;1450;44,8;44,28329965100879;0,5167003489912076;63;Bajo (0-100 min);0
M;298,9;309,3;1581;30,7;37,94892836081734;-7,248928360817342;65;Bajo (0-100 min);0
L;299,0;309,4;1758;25,7;29,3749278206026;-3,6749278206026013;68;Bajo (0-100 min);0
M;299,0;309,4;1561;37,3;38,913864661156516;-1,6138646611565193;70;Bajo (0-100 min);0
L;299,0;309,5;1861;23,3;24,371860256883195;-1,0718602568831948;73;Bajo (0-100 min);0
L;299,1;309,5;1512;39,0;41,283231222802364;-2,283231222802364;75;Bajo (0-100 min);0
H;299,1;309,4;1811;24,6;26,81272841065894;-2,21272841065894;77;Bajo (0-100 min);0
L;299,1;309,4;1439;44,2;44,82442063316596;-0,6244206331659541;82;Bajo (0-100 min);0
L;299,0;309,4;1693;30,1;32,51076306798571;-2,4107630679857053;84;Bajo (0-100 min);0
M;299,1;309,5;1339;48,2;49,65311650378907;-1,4531165037890688;86;Bajo (0-100 min);0
L;299,0;309,4;1798;25,5;27,421998923482803;-1,9219989234828034;89;Bajo (0-100 min);0
L;299,0;309,4;1419;48,3;45,774946369478656;2,5250536305213416;91;Bajo (0-100 min);0
L;298,9;309,3;1665;32,5;33,859878520517206;-1,3598785205172064;93;Bajo (0-100 min);0
M;298,8;309,1;1559;34,7;39,00284900465384;-4,302849004653837;95;Bajo (0-100 min);0
M;298,8;309,2;1452;48,6;44,171296888374314;4,428703111625687;98;Bajo (0-100 min);0
M;298,9;309,2;1581;36,7;37,933031252387586;-1,2330312523875833;101;Moderado (100-200 min);0
L;298,8;309,1;1439;39,2;44,807520121919815;-5,607520121919812;104;Moderado (100-200 min);0
H;298,9;309,2;1379;50,7;47,71185642585543;2,9881435741445728;106;Moderado (100-200 min);0
L;298,8;309,1;1350;52,5;49,11240692887013;3,3875930711298707;111;Moderado (100-200 min);0
L;298,8;309,1;1362;45,4;48,52976016207588;-3,1297601620758826;113;Moderado (100-200 min);0
L;298,8;309,1;1368;50,8;48,237685173483015;2,5623148265169817;115;Moderado (100-200 min);0
M;298,8;309,1;1368;49,1;48,23618196309153;0,8638180369084694;117;Moderado (100-200 min);0
H;298,8;309,2;1372;48,5;48,029051950086426;0,47094804991357364;120;Moderado (100-200 min);0
M;298,8;309,1;1472;47,5;43,19359163270163;4,306408367298367;125;Moderado (100-200 min);0
L;298,8;309,1;1489;49,1;42,36805011221048;6,7319498877895185;128;Moderado (100-200 min);0
M;298,7;309,0;1843;25,8;25,22269025562416;0,5773097443758424;130;Moderado (100-200 min);0
L;298,8;309,1;1418;46,3;45,80272479494814;0,4972752050518565;133;Moderado (100-200 min);0
H;298,8;309,2;1425;53,9;45,45106049803809;8,44893950196191;135;Moderado (100-200 min);0
M;298,9;309,2;1412;44,1;46,088157069092595;-1,988157069092594;140;Moderado (100-200 min);0
L;298,9;309,1;2861;4,6;-24,076021503511576;28,676021503511578;143;Moderado (100-200 min);1
L;298,9;309,1;1383;54,9;47,49998998303752;7,400010016962476;145;Moderado (100-200 min);0
H;298,8;309,0;1497;43,8;41,97750125450651;1,8224987454934904;147;Moderado (100-200 min);0
L;298,7;309,0;1565;35,1;38,669313997981895;-3,5693139979818937;152;Moderado (100-200 min);0
L;298,7;309,0;1691;30,1;32,565803445361375;-2,4658034453613737;154;Moderado (100-200 min);0
L;298,8;309,1;1512;40,7;41,23314668362441;-0,533146683624409;156;Moderado (100-200 min);0
L;298,8;309,1;1477;42,4;42,92664551274099;-0,5266455127409913;158;Moderado (100-200 min);0
L;298,8;309,1;1513;40,3;41,18171163314121;-0,8817116331412151;160;Moderado (100-200 min);0
M;298,8;309,0;1661;29,5;34,02393190573258;-4,5239319057325815;162;Moderado (100-200 min);0
L;298,8;309,1;1378;54,4;47,71581861669361;6,684181383306388;165;Moderado (100-200 min);0
L;298,8;309,1;1393;52,6;46,98788596079867;5,61211403920133;167;Moderado (100-200 min);0
M;298,8;309,0;1592;38,2;37,36024611867829;0,8397538813217125;169;Moderado (100-200 min);0
L;298,8;309,0;1829;22,9;25,88040606413645;-2,980406064136453;172;Moderado (100-200 min);0
M;298,9;309,0;1812;25,9;26,713471969579107;-0,8134719695791084;174;Moderado (100-200 min);0
L;299,0;309,1;1523;38,6;40,70721286967174;-2,1072128696717414;177;Moderado (100-200 min);0
L;299,0;309,1;1394;45,1;46,95300289060999;-1,8530028906099858;179;Moderado (100-200 min);0
M;298,9;308,9;1679;28,7;33,16037916195652;-4,460379161956521;181;Moderado (100-200 min);0
H;298,8;308,9;1466;44,1;43,46214006158816;0,6378599384118431;184;Moderado (100-200 min);0
L;298,8;308,9;1527;32,4;40,50423562389539;-8,104235623895391;189;Moderado (100-200 min);0
L;298,9;309,0;1410;65,7;46,16900382074413;19,530996179255872;191;Moderado (100-200 min);1
M;298,9;309,0;1924;22,6;21,2751849444342;1,3248150555658;193;Moderado (100-200 min);0
L;298,9;309,1;1452;45,5;44,12008266873878;1,3799173312612183;196;Moderado (100-200 min);0
L;298,9;309,1;1369;44,4;48,13815572346642;-3,73815572346642;198;Moderado (100-200 min);0
L;299,0;309,1;1592;35,0;37,34835050085378;-2,3483505008537833;200;Moderado (100-200 min);0
L;298,9;309,0;1601;32,3;36,91086789084695;-4,610867890846954;202;Alto (>200 min);0
L;298,8;308,9;1379;46,7;47,66039874159336;-0,9603987415933588;204;Alto (>200 min);0
L;298,8;308,9;1461;47,9;43,687747895782984;4,212252104217015;206;Alto (>200 min);0
L;298,8;308,9;1455;41,3;43,97681646359288;-2,6768164635928855;208;Alto (>200 min);1
L;298,8;308,9;1398;51,5;46,89358223722036;4,6064177627796425;0;Bajo (0-100 min);0
L;298,8;308,9;1402;37,9;46,69836450802795;-8,798364508027952;2;Bajo (0-100 min);0
H;298,8;308,8;1445;49,9;44,62559089914351;5,274409100856488;4;Bajo (0-100 min);0
L;298,9;308,9;1450;47,5;44,37981145697692;3,120188543023083;9;Bajo (0-100 min);0
L;298,9;308,9;1453;40,8;44,23302235748474;-3,433022357484745;11;Bajo (0-100 min);0
L;299,0;309,0;1469;40,1;43,45678280420284;-3,3567828042028367;13;Bajo (0-100 min);0
L;298,9;308,9;1422;47,6;45,73130345740891;1,8686965425910884;15;Bajo (0-100 min);0
M;299,0;309,0;1804;26,8;27,230185433842674;-0,4301854338426736;17;Bajo (0-100 min);0
H;299,0;309,0;1436;43,9;45,049666347940246;-1,1496663479402471;20;Bajo (0-100 min);0
L;299,0;309,0;1544;31,8;39,81561631433665;-8,01561631433665;25;Bajo (0-100 min);0
M;299,0;309,0;1419;45,2;45,86769181647397;-0,6676918164739689;27;Bajo (0-100 min);0
M;298,9;308,9;1487;39,5;42,57216844895781;-3,072168448957811;30;Bajo (0-100 min);0
L;298,9;308,9;1753;25,8;29,687898133109286;-3,8878981331092852;33;Bajo (0-100 min);0
L;298,9;308,9;1830;24,9;25,957390435800058;-1,057390435800059;35;Bajo (0-100 min);0
M;298,9;308,9;1727;27,1;30,94403608453231;-3,844036084532309;37;Bajo (0-100 min);0
L;299,1;309,0;1450;43,0;44,36791583915241;-1,3679158391524098;40;Bajo (0-100 min);0
L;299,0;308,9;1622;31,9;36,03656658800802;-4,136566588008023;42;Bajo (0-100 min);0
M;299,0;309,0;1351;52,2;49,14806134776203;3,051938652237972;44;Bajo (0-100 min);0
M;299,0;309,0;1575;35,3;38,29779347932318;-2,9977934793231853;47;Bajo (0-100 min);0
M;298,9;308,9;1750;29,9;29,820406733882365;0,07959326611763373;50;Bajo (0-100 min);0
L;298,9;308,8;1529;32,7;40,53203976066302;-7,832039760663015;53;Bajo (0-100 min);0
L;298,8;308,8;1523;44,4;40,809825917542696;3,5901740824573025;55;Bajo (0-100 min);0
L;298,8;308,9;1852;25,0;24,86414285715844;0,1358571428415587;57;Bajo (0-100 min);0
L;298,8;308,8;1991;20,7;18,142220797051877;2,5577792029481223;59;Bajo (0-100 min);0
L;298,8;308,8;1555;40,6;39,25560013596087;1,3443998640391328;61;Bajo (0-100 min);0
M;298,8;308,8;1441;40,5;44,77496071139565;-4,27496071139565;63;Bajo (0-100 min);0
L;298,8;308,7;1450;43,4;44,348008907123315;-0,9480089071233166;66;Bajo (0-100 min);0
L;298,8;308,7;1591;31,1;37,51806890899934;-6,418068908999338;68;Bajo (0-100 min);0
L;298,8;308,7;1445;48,5;44,5871456348415;3,912854365158502;70;Bajo (0-100 min);0
M;298,8;308,8;1497;46,8;42,05619300142107;4,7438069985789255;72;Bajo (0-100 min);0
H;298,9;308,8;1621;32,7;36,06007051393549;-3,36007051393549;75;Bajo (0-100 min);0
L;298,9;308,7;1572;34,1;38,44047602188503;-4,340476021885031;80;Bajo (0-100 min);0
L;298,8;308,6;1872;22,5;23,91026216911115;-1,4102621691111494;82;Bajo (0-100 min);0
H;298,7;308,6;1499;43,5;41,96135542597539;1,5386445740246089;84;Bajo (0-100 min);0
M;298,8;308,7;1498;39,5;42,00614776201019;-2,506147762010187;89;Bajo (0-100 min);0
M;298,8;308,6;1486;41,9;42,59619718144268;-0,6961971814426846;92;Bajo (0-100 min);0
L;298,8;308,6;1680;29,4;33,19878820401075;-3,798788204010748;95;Bajo (0-100 min);0
L;298,8;308,6;1431;45,7;45,256013788976645;0,44398621102335767;97;Bajo (0-100 min);0
L;298,9;308,7;1564;34,1;38,81362456076778;-4,7136245607677765;99;Bajo (0-100 min);0
L;298,8;308,6;1599;33,0;37,116997578554965;-4,116997578554965;101;Moderado (100-200 min);0
M;298,8;308,6;1707;28,1;31,885202360538592;-3,785202360538591;103;Moderado (100-200 min);0
L;298,7;308,5;1467;40,7;43,505696940693404;-2,8056969406934016;106;Moderado (100-200 min);0
L;298,9;308,7;1433;44,7;45,15101060473629;-0,4510106047362896;108;Moderado (100-200 min);0
L;298,9;308,7;1558;41,2;39,095928681816005;2,1040713181839976;110;Moderado (100-200 min);0
L;299,0;308,8;1310;50,7;51,10484736939493;-0,40484736939492905;112;Moderado (100-200 min);0
L;298,9;308,7;1546;43,4;39,674065817435796;3,7259341825642025;114;Moderado (100-200 min);0
L;298,9;308,7;1727;29,4;30,90698063130261;-1,5069806313026106;116;Moderado (100-200 min);0
L;298,9;308,6;1560;32,2;39,00421925946656;-6,8042192594665565;118;Moderado (100-200 min);0
L;299,0;308,6;1329;60,5;50,20101192075854;10,298988079241461;120;Moderado (100-200 min);0
L;298,9;308,6;1413;46,5;46,12022140461747;0,37977859538253256;122;Moderado (100-200 min);0
L;299,0;308,6;1587;38,6;37,70341903731612;0,8965809626838848;124;Moderado (100-200 min);0
L;298,9;308,5;1559;34,3;39,05779572621781;-4,7577957262178145;126;Moderado (100-200 min);0
L;298,8;308,4;1473;41,1;43,221032937732886;-2,1210329377328847;128;Moderado (100-200 min);0
L;298,8;308,4;1737;27,7;30,434371486480565;-2,7343714864805655;130;Moderado (100-200 min);0
M;298,7;308,4;1441;43,2;44,75646025642706;-1,5564602564270587;132;Moderado (100-200 min);0
M;298,7;308,4;1430;49,6;45,28692036754237;4,3130796324576295;135;Moderado (100-200 min);0
L;298,8;308,4;1369;53,0;48,25009437459943;4,749905625400572;138;Moderado (100-200 min);0
M;298,8;308,5;1711;28,5;31,674839128112176;-3,1748391281121755;140;Moderado (100-200 min);0
H;298,7;308,5;1420;45,7;45,75403314436178;-0,05403314436177453;143;Moderado (100-200 min);0
L;298,7;308,6;1297;55,3;51,69583589289445;3,6041641071055466;148;Moderado (100-200 min);0
H;298,8;308,6;1449;49,4;44,34446337899817;5,055536621001828;150;Moderado (100-200 min);0
L;298,8;308,6;1268;55,8;53,10628732876117;2,6937126712388277;155;Moderado (100-200 min);0
L;298,8;308,6;1511;36,1;41,336627101213686;-5,236627101213685;157;Moderado (100-200 min);0
L;298,7;308,5;1544;35,2;39,73685737840133;-4,536857378401329;159;Moderado (100-200 min);0
M;298,6;308,4;1778;28,2;28,402933085842662;-0,20293308584266256;161;Moderado (100-200 min);0
H;298,6;308,4;1407;50,5;46,36769988904093;4,132300110959072;164;Moderado (100-200 min);0
M;298,6;308,4;1391;42,4;47,138799938265905;-4,738799938265906;169;Moderado (100-200 min);0
L;298,5;308,4;1513;33,6;41,216969888320335;-7,616969888320334;172;Moderado (100-200 min);0
H;298,5;308,4;1612;36,1;36,42103233760604;-0,32103233760604155;174;Moderado (100-200 min);0
L;298,4;308,4;1515;40,1;41,10356898161945;-1,003568981619452;179;Moderado (100-200 min);0
M;298,3;308,3;1379;48,0;47,68823767814604;0,311762321853962;181;Moderado (100-200 min);0
L;298,4;308,3;1473;39,9;43,14497408166738;-3,2449740816673796;184;Moderado (100-200 min);0
L;298,4;308,3;1422;42,7;45,613330985987645;-2,913330985987642;186;Moderado (100-200 min);0
M;298,4;308,2;1463;37,6;43,63741463650367;-6,037414636503669;188;Moderado (100-200 min);0
M;298,4;308,2;1584;41,0;37,77529562718856;3,2247043728114377;191;Moderado (100-200 min);0
L;298,4;308,2;1850;27,0;24,89102531134004;2,108974688659959;194;Moderado (100-200 min);0
L;298,4;308,2;1528;36,2;40,48354086442276;-4,283540864422754;196;Moderado (100-200 min);0
H;298,4;308,2;1987;19,8;18,2532966216255;1,5467033783745023;198;Moderado (100-200 min);0
M;298,4;308,1;1495;46,0;42,087585086777125;3,912414913222875;203;Alto (>200 min);0
H;298,4;308,2;1478;43,5;42,89745629747686;0,6025437025231426;206;Alto (>200 min);0
M;298,4;308,2;1499;40,0;41,876697047793314;-1,8766970477933143;211;Alto (>200 min);0
L;298,4;308,2;1471;47,0;43,23044386381254;3,769556136187461;214;Alto (>200 min);0
L;298,4;308,2;1282;60,7;52,38195166676461;8,318048333235396;216;Alto (>200 min);1
L;298,3;308,1;1412;52,3;46,084604863029895;6,215395136970102;218;Alto (>200 min);1
L;298,3;308,1;1586;35,5;37,82187322786156;-2,321873227861559;0;Bajo (0-100 min);0
M;298,4;308,2;1468;43,8;43,53507005441053;0,2649299455894649;2;Bajo (0-100 min);0
M;298,5;308,3;1440;43,6;44,88893860274303;-1,2889386027430305;5;Bajo (0-100 min);0
L;298,5;308,4;1733;26,0;30,685934606371333;-4,685934606371333;8;Bajo (0-100 min);0
H;298,4;308,2;1612;32,6;36,555334536011415;-3,9553345360114136;10;Bajo (0-100 min);0
H;298,4;308,3;1458;42,9;43,99842480525123;-1,0984248052512342;15;Bajo (0-100 min);0
L;298,4;308,3;1433;62,3;45,20538252177828;17,094617478221714;20;Bajo (0-100 min);1
L;298,4;308,3;1318;59,1;50,7731717269133;8,326828273086704;22;Bajo (0-100 min);0
M;298,4;308,2;1610;35,0;36,64166932267149;-1,6416693226714898;24;Bajo (0-100 min);0
L;298,2;308,1;1462;50,8;43,795447559474866;7,004552440525131;27;Bajo (0-100 min);0
M;298,1;308,0;1924;20,8;21,419795695263662;-0,6197956952636616;29;Bajo (0-100 min);0
M;298,2;308,0;1591;33,7;37,55555698078339;-3,8555569807833905;32;Bajo (0-100 min);0
L;298,2;308,1;1306;58,3;51,34430095114488;6,9556990488551165;35;Bajo (0-100 min);0
L;298,2;308,1;1382;43,5;47,662221883535885;-4,162221883535885;37;Bajo (0-100 min);0
L;298,2;308,1;1618;34,7;36,23156206389002;-1,5315620638900143;39;Bajo (0-100 min);0
L;298,2;308,2;1988;21,4;18,300305185796315;3,0996948142036835;41;Bajo (0-100 min);0
L;298,2;308,2;1436;50,2;45,03140556993203;5,168594430067969;43;Bajo (0-100 min);0
L;298,2;308,3;1304;49,8;51,41132080135401;-1,6113208013540117;45;Bajo (0-100 min);0
L;298,2;308,3;1475;49,9;43,128521912223114;6,7714780877768845;47;Bajo (0-100 min);0
H;298,2;308,3;1824;24,2;26,22542693645121;-2,025426936451211;49;Bajo (0-100 min);0
M;298,1;308,2;1342;48,1;49,56414669367031;-1,4641466936703083;54;Bajo (0-100 min);0
L;298,1;308,2;1485;40,7;42,63659783095013;-1,9365978309501273;57;Bajo (0-100 min);0
L;298,2;308,2;1667;30,6;33,83236642604693;-3,23236642604693;59;Bajo (0-100 min);0
L;298,2;308,2;1446;38,2;44,53359037940637;-6,333590379406367;61;Bajo (0-100 min);0
L;298,1;308,3;1301;56,0;51,53179538600112;4,4682046139988785;63;Bajo (0-100 min);0
L;298,2;308,4;1379;43,1;47,75298079130493;-4,652980791304927;65;Bajo (0-100 min);0
L;298,3;308,5;1606;33,6;36,7583003712744;-3,1583003712744;67;Bajo (0-100 min);0
M;298,3;308,4;1539;43,4;40,01267602941532;3,3873239705846814;69;Bajo (0-100 min);0
L;298,2;308,4;1477;49,9;43,00171384431215;6,898286155687849;72;Bajo (0-100 min);0
L;298,2;308,4;1666;34,6;33,847199620577115;0,7528003794228866;74;Bajo (0-100 min);0
H;298,2;308,4;1398;51,8;46,824569169847386;4,975430830152611;76;Bajo (0-100 min);0
H;298,2;308,4;1678;34,6;33,260794827804155;1,3392051721958467;81;Bajo (0-100 min);0
M;298,2;308,5;2678;10,7;-15,182753577021948;25,882753577021948;86;Bajo (0-100 min);1
L;298,3;308,5;1453;42,9;44,151345401103335;-1,251345401103336;89;Bajo (0-100 min);0
H;298,3;308,6;1432;49,5;45,15568273579973;4,344317264200271;91;Bajo (0-100 min);0
M;298,4;308,6;1527;40,9;40,56248729922935;0,3375127007706453;96;Bajo (0-100 min);0
L;298,4;308,7;1588;35,0;37,594925393311115;-2,594925393311115;99;Bajo (0-100 min);0
L;298,4;308,6;1433;47,1;45,1110204650723;1,9889795349277009;101;Moderado (100-200 min);0
L;298,4;308,6;1609;35,0;36,58607842744026;-1,5860784274402633;103;Moderado (100-200 min);0
L;298,3;308,5;1575;41,2;38,231026894543355;2,968973105456648;105;Moderado (100-200 min);0
M;298,4;308,5;1636;35,7;35,286659683368036;0,4133403166319667;107;Moderado (100-200 min);0
L;298,4;308,5;1490;37,9;42,35498480401445;-4,454984804014451;110;Moderado (100-200 min);0
L;298,4;308,5;1741;32,8;30,19789553886513;2,602104461134868;112;Moderado (100-200 min);0
M;298,5;308,6;1344;53,0;49,4226800517784;3,5773199482216;114;Moderado (100-200 min);0
L;298,5;308,7;1609;35,3;36,57567768701315;-1,2756776870131503;117;Moderado (100-200 min);0
M;298,4;308,7;1421;60,7;45,66747444933476;15,032525550665241;119;Moderado (100-200 min);1
L;298,4;308,6;1591;36,7;37,443513263325315;-0,7435132633253119;122;Moderado (100-200 min);0
L;298,4;308,6;1477;44,0;42,962873838760096;1,0371261612399039;124;Moderado (100-200 min);0
L;298,4;308,7;1523;36,1;40,72249298354106;-4,622492983541058;126;Moderado (100-200 min);0
L;298,5;308,7;1575;33,9;38,21398343966782;-4,3139834396678225;128;Moderado (100-200 min);0
H;298,4;308,7;1344;52,9;49,388211279099345;3,511788720900654;130;Moderado (100-200 min);0
L;298,4;308,7;1386;44,9;47,35045080571095;-2,4504508057109504;135;Moderado (100-200 min);0
M;298,3;308,6;1589;37,1;37,51781403385942;-0,41781403385942184;137;Moderado (100-200 min);0
L;298,3;308,6;1548;40,3;39,501133035981645;0,7988669640183517;140;Moderado (100-200 min);0
L;298,3;308,6;1499;38,3;41,87263268090145;-3,5726326809014495;142;Moderado (100-200 min);0
L;298,3;308,5;1664;31,6;33,8915662485889;-2,2915662485889;144;Moderado (100-200 min);0
L;298,3;308,6;1447;38,1;44,38791500453046;-6,287915004530461;146;Moderado (100-200 min);0
M;298,3;308,5;1434;46,2;45,02714465885894;1,1728553411410658;148;Moderado (100-200 min);0
L;298,3;308,5;1416;52,7;45,896605177875855;6,803394822124147;151;Moderado (100-200 min);0
H;298,4;308,5;1827;24,3;26,002217571619887;-1,7022175716198866;153;Moderado (100-200 min);0
L;298,4;308,6;1304;45,0;51,315472200244734;-6,315472200244734;158;Moderado (100-200 min);0
L;298,4;308,6;1569;34,4;38,48038211929219;-4,080382119292189;160;Moderado (100-200 min);0
L;298,3;308,6;1584;29,3;37,74116705246702;-8,44116705246702;162;Moderado (100-200 min);0
L;298,3;308,5;1362;53,8;48,50198031414366;5,298019685856339;164;Moderado (100-200 min);0
L;298,3;308,4;1329;49,2;50,10978256247674;-0,9097825624767353;166;Moderado (100-200 min);0
L;298,3;308,5;1539;36,1;39,9271064364199;-3,8271064364198963;168;Moderado (100-200 min);0
M;298,3;308,5;1629;37,1;35,56702655300768;1,5329734469923224;170;Moderado (100-200 min);0
L;298,3;308,5;1538;32,2;39,97177704014142;-7,771777040141416;173;Moderado (100-200 min);0
L;298,3;308,6;1570;34,8;38,409397000725605;-3,6093970007256075;175;Moderado (100-200 min);0
L;298,3;308,4;1408;43,1;46,27565315900537;-3,175653159005371;177;Moderado (100-200 min);0
L;298,2;308,4;1424;47,6;45,48800946247997;2,111990537520029;179;Moderado (100-200 min);0
L;298,2;308,4;1512;34,9;41,224786838468205;-6,324786838468206;181;Moderado (100-200 min);0
L;298,2;308,4;1478;42,9;42,86985703788456;0,030142962115441208;183;Moderado (100-200 min);0
M;298,1;308,3;1680;33,7;33,08564889573326;0,6143511042667456;185;Moderado (100-200 min);0
L;298,1;308,3;1495;38,7;42,04269057468866;-3,3426905746886604;188;Moderado (100-200 min);0
M;298,0;308,1;1552;36,6;39,29179441768773;-2,6917944176877313;190;Moderado (100-200 min);0
L;297,9;308,1;1393;50,3;46,978409313506916;3,3215906864930815;193;Moderado (100-200 min);0
L;298,0;308,2;1611;30,6;36,41958656077847;-5,819586560778468;195;Moderado (100-200 min);0
M;298,0;308,1;1339;51,6;49,60183130746662;1,9981686925333833;197;Moderado (100-200 min);0
L;298,0;308,1;1777;24,3;28,38783668317846;-4,087836683178459;200;Moderado (100-200 min);0
L;298,0;308,2;1348;58,8;49,15105493556888;9,648945064431118;202;Alto (>200 min);1
L;298,0;308,2;1442;44,1;44,59726053335574;-0,4972605333557354;204;Alto (>200 min);0
M;298,0;308,2;1395;49,1;46,87190291887508;2,228097081124922;206;Alto (>200 min);0
M;297,9;308,1;1627;31,4;35,63408428052112;-4,234084280521124;209;Alto (>200 min);0
L;297,9;308,1;1585;33,5;37,66583191234357;-4,16583191234357;212;Alto (>200 min);0
L;298,0;308,2;1469;45,5;43,28217147949209;2,217828520507908;214;Alto (>200 min);0
L;298,0;308,3;1362;56,8;48,451370968408305;8,348629031591692;216;Alto (>200 min);1
L;298,0;308,3;1405;56,2;46,36743668090691;9,83256331909309;218;Alto (>200 min);1
L;298,0;308,3;1662;32,7;34,08512878061945;-1,3851287806194463;0;Bajo (0-100 min);0
M;298,0;308,2;1466;42,6;43,58679767009009;-0,9867976700900911;2;Bajo (0-100 min);0
L;298,0;308,2;1620;35,8;36,126533880667374;-0,32653388066737676;5;Bajo (0-100 min);0
L;298,0;308,2;1357;48,2;48,861760281436496;-0,6617602814364929;7;Bajo (0-100 min);0
L;298,0;308,2;1514;37,9;41,25696220810883;-3,3569622081088326;9;Bajo (0-100 min);0
L;298,0;308,2;1489;40,4;42,46617474022311;-2,0661747402231114;11;Bajo (0-100 min);0
L;298,1;308,3;1331;63,0;50,11651675478131;12,883483245218692;13;Bajo (0-100 min);0
L;298,0;308,0;1615;29,5;36,38348233444502;-6,88348233444502;15;Bajo (0-100 min);0
L;298,1;308,2;1482;37,9;42,8119479278805;-4,9119479278805045;17;Bajo (0-100 min);0
M;298,1;308,2;1420;63,9;45,81301975890331;18,08698024109669;19;Bajo (0-100 min);1
M;298,2;308,3;1522;49,1;40,871166446205834;8,228833553794168;22;Bajo (0-100 min);0
L;298,1;308,2;1654;32,1;34,47621077787493;-2,376210777874931;25;Bajo (0-100 min);0
M;298,1;308,2;1736;26,8;30,503559932064555;-3,703559932064554;27;Bajo (0-100 min);0
M;298,0;308,1;1587;32,3;37,717049209498384;-5,417049209498387;30;Bajo (0-100 min);0
L;298,1;308,2;1390;47,5;47,25535617716983;0,24464382283017017;33;Bajo (0-100 min);0
L;298,0;308,1;1454;37,1;44,154298933650324;-7,054298933650323;35;Bajo (0-100 min);0
H;298,0;308,1;1440;43,7;44,830796539062064;-1,130796539062061;37;Bajo (0-100 min);0
L;297,9;308,0;1954;21,1;19,93460111485164;1,1653988851483597;42;Bajo (0-100 min);0
H;297,9;308,0;1800;24,8;27,391106878295645;-2,591106878295644;44;Bajo (0-100 min);0
L;298,0;308,0;1524;37,0;40,764933060510764;-3,7649330605107636;49;Bajo (0-100 min);0
H;298,0;308,0;1520;39,6;40,957144368920204;-1,3571443689202027;51;Bajo (0-100 min);0
M;298,1;308,1;1452;40,8;44,24665489487043;-3,4466548948704343;56;Bajo (0-100 min);0
L;298,1;308,1;1484;40,4;42,69468392887583;-2,294683928875834;59;Bajo (0-100 min);0
L;298,1;308,0;1426;46,0;45,513201919714675;0,48679808028532534;61;Bajo (0-100 min);0
L;298,1;308,0;1652;28,5;34,566828397071106;-6,066828397071106;63;Bajo (0-100 min);0
L;298,0;308,0;1401;54,7;46,709628830507235;7,990371169492768;65;Bajo (0-100 min);0
M;298,0;307,9;1750;26,6;29,81769453335229;-3,21769453335229;67;Bajo (0-100 min);0
H;298,0;308,0;1479;50,7;42,92843768791055;7,771562312089451;70;Bajo (0-100 min);0
M;298,0;308,0;1620;29,4;36,09624287419935;-6,696242874199349;75;Bajo (0-100 min);0
L;298,0;308,1;1819;23,4;26,44553006964931;-3,0455300696493097;78;Bajo (0-100 min);0
M;298,1;308,1;1456;43,7;44,0349018513717;-0,33490185137169703;80;Bajo (0-100 min);0
L;298,1;308,0;1626;36,5;35,81094066536226;0,68905933463774;83;Bajo (0-100 min);0
M;298,1;308,1;1390;49,8;47,2274333856082;2,5725666143917962;85;Bajo (0-100 min);0
L;298,2;308,2;1469;43,0;43,39943855601604;-0,3994385560160367;88;Bajo (0-100 min);0
L;298,2;308,3;2051;19,2;15,201312181473476;3,9986878185265233;90;Bajo (0-100 min);0
L;298,2;308,3;1568;36,0;38,590837116293294;-2,5908371162932937;92;Bajo (0-100 min);0
L;298,2;308,3;1589;33,2;37,57233268219697;-4,372332682196969;94;Bajo (0-100 min);0
L;298,2;308,3;1805;31,6;27,110245456555717;4,489754543444285;96;Bajo (0-100 min);0
H;298,2;308,4;1385;42,2;47,43760604164406;-5,237606041644057;98;Bajo (0-100 min);0
L;298,1;308,4;1436;46,7;44,95270549002338;1,7472945099766264;103;Moderado (100-200 min);0
L;298,1;308,4;1438;45,6;44,854345020231435;0,7456549797685668;105;Moderado (100-200 min);0
L;298,0;308,3;1473;42,6;43,15771803801861;-0,5577180380186064;107;Moderado (100-200 min);0
L;298,1;308,4;1335;40,2;49,839487458572194;-9,63948745857219;109;Moderado (100-200 min);0
H;298,1;308,5;1392;44,8;47,06639167665062;-2,2663916766506205;111;Moderado (100-200 min);0
M;298,1;308,5;1372;51,1;48,03120624467652;3,068793755323483;116;Moderado (100-200 min);0
M;298,1;308,6;1716;30,7;31,358342133593055;-0,6583421335930559;119;Moderado (100-200 min);0
L;298,0;308,5;1395;46,2;46,901555719466536;-0,7015557194665334;122;Moderado (100-200 min);0
L;298,0;308,5;1713;25,3;31,499748264401774;-6,199748264401773;124;Moderado (100-200 min);0
H;297,9;308,5;2129;18,7;11,340652687784196;7,359347312215803;126;Moderado (100-200 min);0
M;297,8;308,3;1567;35,6;38,564823499638685;-2,9648234996386833;131;Moderado (100-200 min);0
L;297,8;308,4;1622;38,3;35,88783337192183;2,412166628078168;134;Moderado (100-200 min);0
L;297,7;308,4;1740;27,1;30,160469445972925;-3,060469445972924;136;Moderado (100-200 min);0
H;297,8;308,4;1512;35,1;41,21197621816421;-6,111976218164209;138;Moderado (100-200 min);0
M;297,8;308,4;1479;43,5;42,8063629722931;0,6936370277068988;143;Moderado (100-200 min);0
L;297,8;308,4;1737;27,5;30,309521694046424;-2,809521694046424;146;Moderado (100-200 min);0
L;297,8;308,4;2129;19,2;11,323995641164611;7,876004358835388;148;Moderado (100-200 min);0
L;297,8;308,4;1374;47,1;47,886107854447104;-0,7861078544471027;150;Moderado (100-200 min);0
M;297,8;308,4;1579;36,6;37,95673555550838;-1,3567355555083793;152;Moderado (100-200 min);0
L;297,9;308,5;1305;47,2;51,22404701009756;-4,024047010097554;155;Moderado (100-200 min);0
M;297,9;308,5;1449;40,8;44,24882112287289;-3,448821122872893;157;Moderado (100-200 min);0
H;298,0;308,6;1526;41,8;40,51768355268119;1,2823164473188058;160;Moderado (100-200 min);0
M;298,0;308,6;1453;44,1;44,0492154948193;0,05078450518070099;165;Moderado (100-200 min);0
L;297,9;308,6;1468;36,0;43,30924882279839;-7,309248822798388;168;Moderado (100-200 min);0
L;298,0;308,6;1313;50,8;50,825465626872855;-0,025465626872858138;170;Moderado (100-200 min);0
M;297,9;308,5;1300;53,0;51,453412870271094;1,5465871297289056;172;Moderado (100-200 min);0
L;297,9;308,4;1646;40,6;34,7060128570211;5,893987142978901;175;Moderado (100-200 min);0
L;297,8;308,4;1714;33,2;31,400080416083725;1,799919583916278;177;Moderado (100-200 min);0
L;297,8;308,4;1685;28,4;32,80300746699892;-4,403007466998922;179;Moderado (100-200 min);0
L;297,8;308,4;1512;39,9;41,1796571947473;-1,2796571947473012;181;Moderado (100-200 min);0
L;297,8;308,4;1612;32,1;36,335291014332775;-4,235291014332773;183;Moderado (100-200 min);0
H;297,8;308,4;1550;38,2;39,33636284535558;-1,1363628453555776;185;Moderado (100-200 min);0
L;297,8;308,4;1518;32,5;40,882320969784246;-8,382320969784246;190;Moderado (100-200 min);0
L;297,8;308,5;1448;40,0;44,25966115979193;-4,259661159791932;192;Moderado (100-200 min);0
L;297,8;308,5;1561;46,3;38,7857227932744;7,514277206725595;194;Moderado (100-200 min);0
M;297,8;308,5;1488;41,9;42,31950955099974;-0,4195095509997415;196;Moderado (100-200 min);0
L;297,8;308,5;1699;27,8;32,098813868663896;-4,2988138686638955;199;Moderado (100-200 min);0
L;297,7;308,5;1501;41,4;41,67489692798781;-0,27489692798781107;201;Alto (>200 min);0
L;297,7;308,5;1373;56,7;47,87225831922582;8,827741680774182;203;Alto (>200 min);1
H;297,6;308,4;1703;31,4;31,88918557544503;-0,48918557544503116;205;Alto (>200 min);0
H;297,7;308,5;1720;29,9;31,062262576875668;-1,1622625768756691;210;Alto (>200 min);0
M;297,6;308,4;1398;41,9;46,65240158205789;-4,752401582057892;215;Alto (>200 min);0
M;297,6;308,4;1391;51,9;46,98914717437228;4,910852825627721;218;Alto (>200 min);0
M;297,6;308,3;1538;40,2;40,045149219727115;0,1548507802728878;0;Bajo (0-100 min);0
L;297,5;308,2;1647;31,3;34,7640520345015;-3,4640520345015027;3;Bajo (0-100 min);0
M;297,5;308,1;1469;44,8;43,39400558936799;1,4059944106320046;5;Bajo (0-100 min);0
L;297,4;308,1;1749;25,9;29,820452046786013;-3,920452046786014;8;Bajo (0-100 min);0
M;297,6;308,2;1995;20,5;17,916910073381345;2,583089926618655;10;Bajo (0-100 min);0
L;297,6;308,3;1742;27,7;30,155937893335462;-2,455937893335463;13;Bajo (0-100 min);0
L;297,5;308,2;1563;38,2;38,823037666971956;-0,6230376669719533;15;Bajo (0-100 min);0
M;297,5;308,2;1713;32,2;31,557240001545907;0,6427599984540961;17;Bajo (0-100 min);0
L;297,4;308,1;1474;39,4;43,12930595200048;-3,7293059520004803;20;Bajo (0-100 min);0
M;297,4;308,2;1530;32,6;40,404638799779136;-7,804638799779134;22;Bajo (0-100 min);0
L;297,4;308,2;1471;46,5;43,259673136505505;3,240326863494495;25;Bajo (0-100 min);0
L;297,5;308,3;1388;48,6;47,27786792354642;1,3221320764535847;27;Bajo (0-100 min);0
M;297,5;308,2;2448;13,8;-4,046822090472375;17,846822090472376;29;Bajo (0-100 min);0
L;297,5;308,3;1585;32,9;37,73366984662231;-4,833669846622314;32;Bajo (0-100 min);0
M;297,5;308,3;1459;45,2;43,834173978459866;1,365826021540137;34;Bajo (0-100 min);0
L;297,5;308,3;1544;40,8;39,71548563835305;1,0845143616469457;37;Bajo (0-100 min);0
L;297,6;308,3;1617;31,7;36,189974870774975;-4,489974870774976;39;Bajo (0-100 min);0
L;297,6;308,3;1595;34,3;37,25390151378856;-2,9539015137885656;41;Bajo (0-100 min);0
H;297,6;308,3;1400;44,3;46,69598109494201;-2,395981094942016;43;Bajo (0-100 min);0
M;297,6;308,4;1611;31,0;36,462621523597726;-5,462621523597726;48;Bajo (0-100 min);0
M;297,6;308,4;1507;46,0;41,49694419683446;4,503055803165537;51;Bajo (0-100 min);0
H;297,5;308,3;1674;30,0;33,40698648899548;-3,4069864889954786;54;Bajo (0-100 min);0
L;297,6;308,3;1658;34,3;34,18936894915068;0,1106310508493138;59;Bajo (0-100 min);0
L;297,6;308,3;1623;36,9;35,88286777826727;1,01713222173273;61;Bajo (0-100 min);0
M;297,6;308,4;1398;48,9;46,76664557181068;2,133354428189321;63;Bajo (0-100 min);0
L;297,6;308,4;1517;34,2;41,00138382189603;-6,8013838218960245;66;Bajo (0-100 min);0
M;297,6;308,3;1467;36,7;43,43247277513302;-6,732472775133019;68;Bajo (0-100 min);0
M;297,6;308,3;1567;34,6;38,58735498952275;-3,98735498952275;71;Bajo (0-100 min);0
M;297,5;308,3;1521;38,2;40,801534729215895;-2,601534729215892;74;Bajo (0-100 min);0
L;297,5;308,3;1596;36,8;37,16713268611139;-0,3671326861113897;77;Bajo (0-100 min);0
H;297,6;308,3;1640;30,9;35,04605217983999;-4,146052179839991;79;Bajo (0-100 min);0
L;297,6;308,3;1438;47,8;44,82487735330783;2,9751226466921636;84;Bajo (0-100 min);0
L;297,6;308,4;1407;55,2;46,31350098500654;8,886499014993461;86;Bajo (0-100 min);0
L;297,6;308,4;1353;57,5;48,9271437784275;8,5728562215725;88;Bajo (0-100 min);0
M;297,6;308,5;1552;40,9;39,2771825790732;1,6228174209268005;90;Bajo (0-100 min);0
M;297,6;308,4;1569;38,3;38,462801737199015;-0,16280173719901825;93;Bajo (0-100 min);0
L;297,5;308,4;1489;39,5;42,323554886699995;-2,823554886699995;96;Bajo (0-100 min);0
H;297,5;308,4;1587;36,1;37,57604596568592;-1,4760459656859197;98;Bajo (0-100 min);0
M;297,5;308,3;1622;37,2;35,8884465788161;1,311553421183902;103;Moderado (100-200 min);0
L;297,5;308,4;1604;38,1;36,74674641921607;1,353253580783928;106;Moderado (100-200 min);0
M;297,4;308,3;1405;51,7;46,38241878685717;5,31758121314283;108;Moderado (100-200 min);0
L;297,4;308,3;1412;42,0;46,04116356336833;-4,041163563368329;111;Moderado (100-200 min);0
L;297,4;308,3;1431;43,0;45,119516388672466;-2,1195163886724657;113;Moderado (100-200 min);0
L;297,4;308,2;1533;37,4;40,18945362747444;-2,789453627474444;115;Moderado (100-200 min);0
M;297,4;308,2;1401;51,9;46,58052953751337;5,319470462486628;117;Moderado (100-200 min);0
M;297,4;308,2;1424;53,9;45,464416238820846;8,435583761179153;120;Moderado (100-200 min);0
L;297,3;308,2;1754;29,4;29,469431211227352;-0,06943121122735363;123;Moderado (100-200 min);0
L;297,3;308,2;1754;26,8;29,46792800083587;-2,667928000835868;125;Moderado (100-200 min);0
L;297,5;308,3;2564;12,8;-9,74936112349878;22,54936112349878;127;Moderado (100-200 min);1
L;297,5;308,5;1546;40,4;39,52715934371041;0,8728406562895898;129;Moderado (100-200 min);0
L;297,5;308,5;1335;48,0;49,74409700006755;-1,7440970000675478;131;Moderado (100-200 min);0
M;297,5;308,6;1842;27,0;25,17811785304227;1,82188214695773;133;Moderado (100-200 min);0
L;297,5;308,5;1712;26,8;31,482745577101966;-4,682745577101965;136;Moderado (100-200 min);0
M;297,6;308,6;1414;45,4;45,91309574969242;-0,5130957496924182;138;Moderado (100-200 min);0
L;297,6;308,7;1319;50,9;50,50040007701013;0,39959992298987146;141;Moderado (100-200 min);0
L;297,7;308,7;1249;60,4;53,900183356565;6,499816643434997;143;Moderado (100-200 min);0
L;297,6;308,7;1455;48,2;43,911100016995825;4,288899983004178;145;Moderado (100-200 min);0
M;297,6;308,7;1408;54,8;46,18574240251517;8,61425759748483;147;Moderado (100-200 min);0
L;297,6;308,7;1460;46,7;43,66519884251596;3,03480115748404;150;Moderado (100-200 min);0
L;297,6;308,6;1491;38,1;42,17356879003429;-4,073568790034287;152;Moderado (100-200 min);0
M;297,6;308,5;1490;43,4;42,23165488795999;1,168345112040008;154;Moderado (100-200 min);0
M;297,5;308,4;1350;52,2;49,00928649809176;3,1907135019082418;157;Moderado (100-200 min);0
L;297,5;308,4;1528;39,9;40,38673559586351;-0,48673559586351445;160;Moderado (100-200 min);0
L;297,4;308,3;1571;37,7;38,302679576048845;-0,6026795760488426;162;Moderado (100-200 min);0
L;297,4;308,3;1490;42,6;42,22389537137603;0,3761046286239704;164;Moderado (100-200 min);0
M;297,4;308,3;1774;28,9;28,468661326119104;0,4313386738808944;166;Moderado (100-200 min);0
H;297,4;308,3;1502;43,6;41,638993788994554;1,9610062110054471;169;Moderado (100-200 min);0
L;297,4;308,4;1392;49,7;46,95122435142424;2,7487756485757657;174;Moderado (100-200 min);0
L;297,4;308,5;2100;16,9;12,651090634652643;4,248909365347355;176;Moderado (100-200 min);0
L;297,5;308,5;1722;30,4;30,966891861878494;-0,5668918618784957;178;Moderado (100-200 min);0
L;297,4;308,6;1678;32,3;33,07380526874996;-0,7738052687499604;180;Moderado (100-200 min);0
L;297,3;308,6;1273;59,8;52,67461467602158;7,125385323978421;182;Moderado (100-200 min);0
L;297,3;308,6;1297;45,9;51,510824352824564;-5,610824352824565;184;Moderado (100-200 min);0
L;297,3;308,5;1350;57,6;48,95376444693783;8,64623555306217;186;Moderado (100-200 min);0
L;297,4;308,6;1439;51,9;44,6422349255391;7,257765074460899;188;Moderado (100-200 min);0
M;297,4;308,5;1600;42,1;36,85488301202747;5,24511698797253;190;Moderado (100-200 min);0
M;297,4;308,6;1434;44,4;44,880620048061544;-0,4806200480615459;193;Moderado (100-200 min);0
L;297,4;308,6;1459;41,3;43,667649489968554;-2,3676494899685565;196;Moderado (100-200 min);0
M;297,5;308,6;1472;44,9;43,0478565044043;1,8521434955956977;198;Moderado (100-200 min);0
L;297,5;308,7;1429;44,3;45,11687208731003;-0,8168720873100312;201;Alto (>200 min);0
L;297,5;308,6;1388;48,2;47,11210337324495;1,0878966267550538;203;Alto (>200 min);0
L;297,4;308,4;1573;34,5;38,16234261461453;-3,6623426146145306;205;Alto (>200 min);0
L;297,4;308,4;1588;32,5;37,434409958719584;-4,934409958719584;207;Alto (>200 min);0
L;297,5;308,4;1511;42,8;41,173193646176074;1,6268063538239232;209;Alto (>200 min);0
L;297,4;308,5;1495;37,8;41,92410542144109;-4,124105421441094;211;Alto (>200 min);0
L;297,4;308,4;1394;50,1;46,82505448938984;3,2749455106101593;213;Alto (>200 min);0
L;297,4;308,4;2151;17,7;10,324673713008444;7,375326286991555;0;Bajo (0-100 min);0
M;297,3;308,3;1501;38,2;41,801658075453474;-3,6016580754534715;2;Bajo (0-100 min);0
M;297,3;308,3;1301;39,6;51,485129199912336;-11,885129199912335;5;Bajo (0-100 min);0
M;297,3;308,3;1657;31,1;34,242282211043076;-3,1422822110430744;8;Bajo (0-100 min);0
L;297,3;308,3;1333;55,2;49,930903418330516;5,269096581669487;11;Bajo (0-100 min);0
L;297,3;308,3;1484;43,9;42,616677123204234;1,283322876795765;13;Bajo (0-100 min);0
L;297,3;308,4;1430;45,7;45,21915923800824;0,4808407619917645;15;Bajo (0-100 min);0
M;297,3;308,4;1665;28,9;33,8369280480626;-4,9369280480626045;17;Bajo (0-100 min);0
L;297,4;308,5;1501;44,9;41,77709023562643;3,122909764373567;20;Bajo (0-100 min);0
M;297,5;308,5;1496;42,2;42,029012584666326;0,170987415333677;22;Bajo (0-100 min);0
M;297,6;308,6;1595;36,9;37,232445161069556;-0,33244516106955757;25;Bajo (0-100 min);0
L;297,5;308,6;1208;62,3;55,96078762854128;6,339212371458714;28;Bajo (0-100 min);0
L;297,5;308,6;1596;37,1;37,16897609446038;-0,06897609446038189;30;Bajo (0-100 min);0
L;297,5;308,5;1446;41,9;44,442928017720426;-2,5429280177204276;32;Bajo (0-100 min);0
M;297,6;308,5;1466;39,7;43,484134624254565;-3,7841346242545626;34;Bajo (0-100 min);0
M;297,6;308,5;1848;23,7;24,98214326317931;-1,2821432631793108;37;Bajo (0-100 min);0
M;297,5;308,5;1484;44,7;42,59662724754573;2,10337275245427;40;Bajo (0-100 min);0
L;297,4;308,3;1493;41,2;42,16955371096012;-0,9695537109601204;43;Bajo (0-100 min);0
L;297,3;308,3;1504;36,3;41,62405316293588;-5,324053162935883;45;Bajo (0-100 min);0
L;297,3;308,3;1538;38,5;39,97597654273656;-1,4759765427365608;47;Bajo (0-100 min);0
L;297,4;308,4;1341;52,2;49,51503511560374;2,6849648843962655;49;Bajo (0-100 min);0
M;297,4;308,3;1535;34,6;40,129538421984506;-5,529538421984505;51;Bajo (0-100 min);0
L;297,4;308,5;1389;39,2;47,175542185397006;-7,975542185397003;54;Bajo (0-100 min);0
H;297,5;308,5;1393;46,6;46,991606867134834;-0,3916068671348327;56;Bajo (0-100 min);0
L;297,4;308,5;1399;61,5;46,68599465202451;14,814005347975488;61;Bajo (0-100 min);1
H;297,4;308,5;1469;45,1;43,2944873626169;1,805512637383103;63;Bajo (0-100 min);0
L;297,4;308,4;1582;37,2;37,82945485912911;-0,6294548591291047;68;Bajo (0-100 min);0
L;297,5;308,6;1793;26,7;27,59847183568531;-0,8984718356853101;70;Bajo (0-100 min);0
L;297,5;308,6;1452;39,0;44,1111313530724;-5,111131353072402;72;Bajo (0-100 min);0
M;297,6;308,7;1376;59,9;47,790325732211706;12,109674267788293;74;Bajo (0-100 min);0
L;297,5;308,6;1552;44,9;39,26451035707065;5,63548964292935;77;Bajo (0-100 min);0
L;297,6;308,7;1622;37,9;35,87312479997631;2,0268752000236887;79;Bajo (0-100 min);0
M;297,6;308,7;1419;41,7;45,70263341873161;-4,002633418731605;81;Bajo (0-100 min);0
H;297,5;308,6;1440;46,1;44,683255647126266;1,4167443528737351;84;Bajo (0-100 min);0
M;297,4;308,6;1643;31,0;34,837203381070545;-3,8372033810705446;89;Bajo (0-100 min);0
L;297,4;308,7;1510;36,2;41,264795636997015;-5,064795636997012;92;Bajo (0-100 min);0
L;297,4;308,7;1468;46,6;43,29729487401521;3,3027051259847937;94;Bajo (0-100 min);0
L;297,4;308,7;1429;57,4;45,18450822193271;12,215491778067289;96;Bajo (0-100 min);0
H;297,3;308,7;1478;47,6;42,798719745299714;4,801280254700288;98;Bajo (0-100 min);0
L;297,4;308,6;1276;53,6;52,599988008314725;1,0000119916852768;103;Moderado (100-200 min);0
L;297,3;308,6;1486;42,6;42,41719014994463;0,18280985005537076;105;Moderado (100-200 min);0
L;297,4;308,6;1476;42,3;42,911255647485675;-0,6112556474856774;107;Moderado (100-200 min);0
H;297,3;308,6;1431;42,0;45,07775836267434;-3,077758362674338;109;Moderado (100-200 min);0
L;297,4;308,7;1402;40,2;46,47855233031558;-6,278552330315577;114;Moderado (100-200 min);0
L;297,4;308,7;1433;43,4;44,97576159921695;-1,5757615992169534;116;Moderado (100-200 min);0
L;297,4;308,7;2874;4,2;-24,81139700920661;29,011397009206608;118;Moderado (100-200 min);1
L;297,3;308,6;1511;35,7;41,19520032950274;-5,495200329502737;120;Moderado (100-200 min);0
M;297,3;308,6;1456;42,9;43,85727175262393;-0,9572717526239316;122;Moderado (100-200 min);0
L;297,2;308,5;1550;41,5;39,302604012901774;2,1973959870982256;125;Moderado (100-200 min);0
L;297,2;308,5;2182;16,5;8,694206831964653;7,805793168035347;127;Moderado (100-200 min);0
L;297,3;308,7;1619;31,6;35,94698319649922;-4,346983196499217;129;Moderado (100-200 min);0
M;297,3;308,8;1586;32,7;37,53246408759838;-4,832464087598375;131;Moderado (100-200 min);0
H;297,3;308,8;1499;44,2;41,7435000559312;2,4564999440688027;134;Moderado (100-200 min);0
H;297,3;308,8;1419;42,4;45,61403240597093;-3,214032405970933;139;Moderado (100-200 min);0
M;297,4;309,0;1497;41,8;41,82180231707055;-0,021802317070552135;144;Moderado (100-200 min);0
M;297,4;309,0;1520;37,0;40,705689018378024;-3,705689018378024;147;Moderado (100-200 min);0
L;297,4;309,1;1478;49,8;42,72627597158352;7,073724028416478;150;Moderado (100-200 min);0
L;297,4;309,1;1380;41,1;47,47077847181461;-6,37077847181461;152;Moderado (100-200 min);0
L;297,4;309,0;1570;37,9;38,27899629699631;-0,37899629699631276;154;Moderado (100-200 min);0
H;297,4;309,0;1468;41,4;43,21721331602833;-1,8172133160283295;156;Moderado (100-200 min);0
L;297,4;309,0;1833;22,6;25,53700544946551;-2,9370054494655093;161;Moderado (100-200 min);0
M;297,4;308,9;1323;57,3;50,24526406480851;7,054735935191488;163;Moderado (100-200 min);0
L;297,4;309,0;1583;32,0;37,64040484854441;-5,6404048485444065;166;Moderado (100-200 min);0
M;297,3;309,0;1556;39,5;38,93519222912892;0,5648077708710773;168;Moderado (100-200 min);0
L;297,3;309,0;1548;37,4;39,32036645114354;-1,9203664511435434;171;Moderado (100-200 min);0
L;297,4;309,0;1324;56,9;50,1781587045339;6,721841295466099;173;Moderado (100-200 min);0
L;297,4;309,0;1568;33,7;38,36006984728619;-4,660069847286188;175;Moderado (100-200 min);0
M;297,4;309,0;1685;30,7;32,692416961967744;-1,992416961967745;177;Moderado (100-200 min);0
M;297,4;309,1;1582;35,9;37,66715032688729;-1,7671503268872897;180;Moderado (100-200 min);0
M;297,4;309,1;1463;35,0;43,42790244562749;-8,427902445627488;183;Moderado (100-200 min);0
L;297,4;309,2;1584;42,8;37,55462275769543;5,245377242304571;186;Moderado (100-200 min);0
M;297,5;309,2;1347;55,8;49,04198719718879;6,7580128028112085;188;Moderado (100-200 min);0
L;297,4;309,2;1459;37,9;43,60444344424552;-5,70444344424552;191;Moderado (100-200 min);0
L;297,4;309,2;1420;45,6;45,49165679216302;0,10834320783698104;193;Moderado (100-200 min);0
L;297,5;309,3;1404;43,5;46,26513338928849;-2,7651333892884935;195;Moderado (100-200 min);0
L;297,5;309,3;1470;38,8;43,0673406186818;-4,2673406186818;197;Moderado (100-200 min);0
L;297,6;309,4;1326;49,8;50,03968181743677;-0,2396818174367752;199;Moderado (100-200 min);0
H;297,5;309,3;1459;49,7;43,59704912460137;6,1029508753986335;201;Alto (>200 min);0
M;297,5;309,2;1530;40,0;40,166019068523255;-0,166019068523255;206;Alto (>200 min);0
L;297,4;309,0;1505;39,2;41,385518941745474;-2,185518941745471;209;Alto (>200 min);0
L;297,5;309,1;1611;30,2;36,250702715442834;-6,050702715442835;211;Alto (>200 min);0
L;297,5;309,1;1515;35,1;40,898347956273476;-5,798347956273474;213;Alto (>200 min);0
M;297,5;309,2;1804;27,4;26,88981008389844;0,5101899161015595;215;Alto (>200 min);0
M;297,6;309,3;1464;46,2;43,35341109870283;2,8465889012971743;218;Alto (>200 min);0
L;297,6;309,2;1390;43,3;46,946035559549614;-3,646035559549617;221;Alto (>200 min);0
M;297,6;309,2;1442;48,1;44,59385156339662;3,5061484366033824;0;Bajo (0-100 min);0
M;297,6;309,3;1529;41,9;40,367145285272386;1,5328547147276126;3;Bajo (0-100 min);0
L;297,6;309,3;1610;35,0;36,44217146396649;-1,4421714639664884;6;Bajo (0-100 min);0
L;297,6;309,3;1543;34,3;39,685386443490444;-5,385386443490447;8;Bajo (0-100 min);0
H;297,8;309,4;1445;48,2;44,44129308696505;3,758706913034956;10;Bajo (0-100 min);0
L;297,7;309,3;1893;24,6;22,74138722296982;1,8586127770301815;15;Bajo (0-100 min);0
M;297,6;309,3;1415;41,3;45,87748659835827;-4,57748659835827;17;Bajo (0-100 min);0
L;297,5;309,3;1564;37,5;38,64808354650648;-1,1480835465064771;20;Bajo (0-100 min);0
L;297,5;309,3;1479;39,4;42,76301386063458;-3,363013860634581;22;Bajo (0-100 min);0
L;297,5;309,2;1426;44,8;45,339388702972265;-0,5393887029722677;24;Bajo (0-100 min);0
L;297,4;309,2;1428;38,8;45,229745822250095;-6,429745822250098;26;Bajo (0-100 min);0
L;297,4;309,2;1620;33,2;35,92994570941436;-2,729945709414359;28;Bajo (0-100 min);0
L;297,5;309,2;1715;28,0;31,33900508843122;-3,3390050884312217;30;Bajo (0-100 min);0
L;297,5;309,3;1732;29,9;30,503054494518857;-0,6030544945188581;32;Bajo (0-100 min);0
M;297,5;309,4;1391;58,2;47,004553333288996;11,195446666711007;34;Bajo (0-100 min);0
L;297,6;309,5;1924;20,6;21,18996061979222;-0,5899606197922189;37;Bajo (0-100 min);0
M;297,7;309,5;2027;19,8;16,21159096120722;3,588409038792779;39;Bajo (0-100 min);0
L;297,6;309,5;1617;36,2;36,05379191178425;0,14620808821575082;42;Bajo (0-100 min);0
L;297,5;309,4;1497;35,8;41,86360253310715;-6,063602533107151;44;Bajo (0-100 min);0
M;297,5;309,5;1448;43,7;44,223941499409996;-0,5239414994099931;46;Bajo (0-100 min);0
L;297,4;309,4;1401;45,9;46,49771054742033;-0,5977105474203341;49;Bajo (0-100 min);0
L;297,4;309,4;1620;35,4;35,890337432678386;-0,4903374326783876;51;Bajo (0-100 min);0
L;297,4;309,4;1466;45,5;43,346843196122386;2,1531568038776143;53;Bajo (0-100 min);0
L;297,6;309,5;1373;50,6;47,86060669109583;2,7393933089041695;55;Bajo (0-100 min);0
M;297,6;309,6;1592;35,8;37,24207289773692;-1,4420728977369208;57;Bajo (0-100 min);0
M;297,5;309,5;1553;42,4;39,128412908145414;3,2715870918545846;60;Bajo (0-100 min);0
L;297,6;309,5;1569;36,2;38,36258242828473;-2,162582428284729;63;Bajo (0-100 min);0
M;297,6;309,5;1709;32,2;31,58107105986098;0,6189289401390212;65;Bajo (0-100 min);0
L;297,6;309,5;1549;34,9;39,327396996310625;-4,427396996310627;68;Bajo (0-100 min);0
L;297,5;309,4;1443;45,4;44,459206801830305;0,9407931981696933;70;Bajo (0-100 min);0
L;297,5;309,3;1675;29,8;33,233422179602314;-3,4334221796023137;72;Bajo (0-100 min);0
L;297,5;309,3;1623;33,4;35,750207713622814;-2,350207713622815;74;Bajo (0-100 min);0
H;297,4;309,3;1365;52,4;48,23200855496055;4,167991445039448;76;Bajo (0-100 min);0
L;297,4;309,3;1759;24,8;29,147370427091047;-4,347370427091047;81;Bajo (0-100 min);0
H;297,4;309,3;1516;43,0;40,91402423385556;2,0859757661444434;83;Bajo (0-100 min);0
M;297,4;309,3;1499;36,8;41,733552912780766;-4,933552912780769;88;Bajo (0-100 min);0
M;297,4;309,3;1775;25,8;28,36499629992994;-2,5649962999299376;91;Bajo (0-100 min);0
L;297,4;309,4;1473;45,5;42,97702697519535;2,5229730248046494;94;Bajo (0-100 min);0
L;297,4;309,4;1296;52,3;51,547391221744654;0,7526087782553432;96;Bajo (0-100 min);0
L;297,5;309,4;1803;24,7;27,003855164266568;-2,303855164266569;98;Bajo (0-100 min);0
H;297,5;309,3;1563;36,1;38,636383760547346;-2,536383760547345;100;Bajo (0-100 min);0
M;297,5;309,4;1831;26,6;25,64259229628992;0,9574077037100821;105;Moderado (100-200 min);0
L;297,6;309,4;1958;22,1;19,50118391970366;2,5988160802963414;108;Moderado (100-200 min);0
L;297,5;309,4;1809;24,3;26,704264123716282;-2,404264123716281;110;Moderado (100-200 min);0
M;297,5;309,4;1482;39,3;42,53892282530015;-3,2389228253001505;112;Moderado (100-200 min);0
L;297,4;309,3;1332;53,2;49,80084073243422;3,3991592675657856;115;Moderado (100-200 min);0
L;297,4;309,2;1437;40,4;44,725492082135496;-4,325492082135497;117;Moderado (100-200 min);0
L;297,4;309,2;1698;29,4;32,084116519983866;-2,684116519983867;119;Moderado (100-200 min);0
L;297,4;309,2;1274;54,3;52,61635230249009;1,6836476975099046;121;Moderado (100-200 min);0
M;297,4;309,3;1622;35,0;35,75052527780145;-0,7505252778014508;123;Moderado (100-200 min);0
M;297,4;309,3;1564;36,0;38,557130984827594;-2,5571309848275945;126;Moderado (100-200 min);0
H;297,5;309,4;1368;45,3;48,04700932279881;-2,74700932279881;129;Moderado (100-200 min);0
M;297,4;309,4;1539;42,2;39,75067320715046;2,44932679284954;134;Moderado (100-200 min);0
L;297,5;309,4;1357;50,1;48,573711407935406;1,5262885920645957;137;Moderado (100-200 min);0
M;297,5;309,4;1433;48,3;44,89163234032641;3,408367659673587;139;Moderado (100-200 min);0
L;297,5;309,4;1650;34,6;34,38036487978918;0,21963512021082465;142;Moderado (100-200 min);0
L;297,5;309,4;1503;40,6;41,49787023533157;-0,8978702353315668;144;Moderado (100-200 min);0
L;297,5;309,4;1318;58,2;50,45566351948271;7,7443364805172905;146;Moderado (100-200 min);0
M;297,5;309,4;1678;34,4;33,01985361700827;1,3801463829917253;148;Moderado (100-200 min);0
L;297,6;309,5;1574;30,9;38,05429802255828;-7,1542980225582795;151;Moderado (100-200 min);0
L;297,7;309,6;1529;35,2;40,23220488099043;-5,032204880990427;153;Moderado (100-200 min);0
H;297,6;309,6;1669;32,1;33,43941110163646;-1,3394111016364576;155;Moderado (100-200 min);0
H;297,7;309,7;1570;35,8;38,23020914829383;-2,4302091482938337;160;Moderado (100-200 min);0
M;297,6;309,7;1541;33,7;39,619598972691584;-5,919598972691581;165;Moderado (100-200 min);0
M;297,7;309,7;1680;30,2;32,89704703970255;-2,69704703970255;168;Moderado (100-200 min);0
L;297,8;309,7;1935;22,1;20,55677406148679;1,5432259385132099;171;Moderado (100-200 min);0
M;297,7;309,6;1596;35,2;36,97245458716015;-1,7724545871601478;173;Moderado (100-200 min);0
L;297,7;309,7;1498;41,0;41,70504480357855;-0,7050448035785521;176;Moderado (100-200 min);0
M;297,8;309,8;1676;29,0;33,08336723885932;-4,083367238859317;178;Moderado (100-200 min);0
L;297,8;309,9;1351;49,0;48,80925639723003;0,19074360276997027;181;Moderado (100-200 min);0
L;297,9;309,9;1472;45,0;42,95917140404089;2,0408285959591126;183;Moderado (100-200 min);0
M;297,9;310,0;1439;41,7;44,54465229514005;-2,844652295140044;185;Moderado (100-200 min);0
M;297,9;309,9;1410;55,4;45,957988419476465;9,442011580523534;188;Moderado (100-200 min);0
H;297,7;309,7;1440;51,1;44,50263124825579;6,597368751744213;191;Moderado (100-200 min);0
L;297,7;309,7;1591;37,7;37,186150137542285;0,5138498624577181;196;Moderado (100-200 min);0
L;297,8;309,8;1533;36,8;39,993629182077434;-3,193629182077437;198;Moderado (100-200 min);0
M;297,8;309,7;1700;31,3;31,915705490364424;-0,615705490364423;200;Moderado (100-200 min);0
M;297,8;309,8;1798;25,5;27,156284285537655;-1,6562842855376552;203;Alto (>200 min);0
L;297,8;309,7;1394;42,9;46,73035654746049;-3,8303565474604895;206;Alto (>200 min);0
L;297,8;309,7;1341;49,2;49,29557071118121;-0,0955707111812103;208;Alto (>200 min);0
H;297,7;309,6;1697;32,2;32,05335359519442;0,14664640480557978;210;Alto (>200 min);0
H;297,6;309,6;1419;48,2;45,50147221494955;2,6985277850504517;215;Alto (>200 min);0
L;297,6;309,5;2001;20,5;17,323412382053686;3,176587617946314;220;Alto (>200 min);0
L;297,6;309,6;1501;49,8;41,52506334316046;8,274936656839536;222;Alto (>200 min);1
H;297,6;309,5;1623;33,1;35,626427987957825;-2,526427987957824;224;Alto (>200 min);0
L;297,6;309,4;1628;33,4;35,391687492094924;-1,9916874920949255;229;Alto (>200 min);0
L;297,6;309,4;1491;40,2;42,02490655063501;-1,8249065506350064;231;Alto (>200 min);0
L;297,5;309,4;1517;36,7;40,7529765571073;-4,0529765571073;233;Alto (>200 min);0
H;297,5;309,3;1525;41,7;40,37520498773093;1,324795012269071;235;Alto (>200 min);0
H;297,5;309,5;1668;27,9;33,423831557385355;-5,523831557385357;240;Alto (>200 min);0
L;297,5;309,6;1312;50,7;50,83364829902851;-0,13364829902850772;0;Bajo (0-100 min);0
H;297,6;309,6;1278;50,4;52,490000909375084;-2,0900009093750853;2;Bajo (0-100 min);0
M;297,6;309,6;1330;53,1;49,967954138984396;3,1320458610156052;7;Bajo (0-100 min);0
M;297,6;309,6;1530;37,3;40,279973383351084;-2,979973383351087;10;Bajo (0-100 min);0
H;297,6;309,6;1428;46,6;45,21743879718736;1,3825612028126386;13;Bajo (0-100 min);0
L;297,7;309,6;1480;47,9;42,70667443772689;5,19332556227311;18;Bajo (0-100 min);0
H;297,7;309,7;1616;31,1;36,10771690948712;-5,007716909487115;20;Bajo (0-100 min);0
L;297,8;309,7;1547;37,3;39,45681674375453;-2,1568167437545327;25;Bajo (0-100 min);0
L;297,9;309,7;2194;16,8;8,133272528244177;8,666727471755824;27;Bajo (0-100 min);0
L;297,9;309,8;2000;21,3;17,515762801080438;3,7842371989195627;29;Bajo (0-100 min);0
L;297,9;309,8;1336;71,6;49,67086971164197;21,929130288358024;31;Bajo (0-100 min);1
L;297,9;309,9;1542;33,8;39,68190810438606;-5,8819081043860635;33;Bajo (0-100 min);0
M;297,9;309,8;1693;29,9;32,37884248787673;-2,478842487876733;35;Bajo (0-100 min);0
L;297,9;309,8;1461;50,5;43,612029762742964;6,887970237257036;38;Bajo (0-100 min);0
M;298,0;309,9;1565;33,9;38,5740707958408;-4,674070795840798;40;Bajo (0-100 min);0
L;298,0;309,9;1403;47,7;46,4172539916909;1,282746008309104;43;Bajo (0-100 min);0
L;298,1;309,9;1629;32,5;35,482162879977565;-2,9821628799775652;45;Bajo (0-100 min);0
L;298,1;310,0;1534;33,7;40,070218812491014;-6,370218812491011;47;Bajo (0-100 min);0
L;298,1;310,0;1553;40,9;39,14857163779515;1,751428362204848;49;Bajo (0-100 min);0
L;298,1;309,9;1563;32,8;38,67394280901832;-5,873942809018324;51;Bajo (0-100 min);0
L;298,1;309,9;1634;30,0;35,234006889910475;-5,234006889910475;53;Bajo (0-100 min);0
M;298,0;309,9;1445;45,2;44,374232281932315;0,8257677180676879;55;Bajo (0-100 min);0
L;298,1;309,9;1642;30,4;34,84281982632992;-4,442819826329924;58;Bajo (0-100 min);0
H;298,1;309,9;1686;29,1;32,7104569091283;-3,6104569091282954;60;Bajo (0-100 min);0
M;298,1;310,0;1393;43,1;46,88512670670015;-3,7851267067001473;65;Bajo (0-100 min);0
H;298,2;310,0;1433;44,2;44,95700911403392;-0,7570091140339201;68;Bajo (0-100 min);0
L;298,3;310,0;1507;44,7;41,38081490116839;3,3191850988316105;73;Bajo (0-100 min);0
M;298,3;310,1;1389;49,6;47,08272931678714;2,517270683212864;75;Bajo (0-100 min);0
L;298,3;310,1;1408;45,3;46,160330536895536;-0,860330536895539;78;Bajo (0-100 min);0
M;298,4;310,2;1725;32,0;30,80707344384427;1,1929265561557294;80;Bajo (0-100 min);0
L;298,4;310,1;1926;23,7;21,081824737127683;2,6181752628723167;83;Bajo (0-100 min);0
H;298,3;310,1;1509;37,6;41,263777700802066;-3,663777700802065;85;Bajo (0-100 min);0
L;298,3;310,1;1545;36,3;39,51658900561506;-3,216589005615063;90;Bajo (0-100 min);0
L;298,4;310,1;1533;35,2;40,10751176255657;-4,907511762556567;92;Bajo (0-100 min);0
L;298,4;310,1;1455;42,2;43,88344166878306;-1,683441668783054;94;Bajo (0-100 min);0
M;298,4;310,1;1335;57,8;49,69337402241923;8,10662597758077;96;Bajo (0-100 min);0
L;298,3;310,1;1523;45,9;40,57525441225845;5,324745587741546;99;Bajo (0-100 min);0
L;298,3;310,0;1460;47,6;43,63591555159845;3,9640844484015503;101;Moderado (100-200 min);0
L;298,4;310,0;1554;37,3;39,09340356031552;-1,7934035603155252;103;Moderado (100-200 min);0
H;298,3;310,0;1419;47,1;45,61848294852493;1,4815170514750733;105;Moderado (100-200 min);0
L;298,3;310,0;1442;43,9;44,50086643944092;-0,6008664394409209;110;Moderado (100-200 min);0
L;298,3;309,9;1507;41,6;41,362662977151416;0,23733702284858538;112;Moderado (100-200 min);0
L;298,3;310,0;1858;23,9;24,351550063362087;-0,45155006336208814;114;Moderado (100-200 min);0
L;298,3;309,9;1463;43,9;43,490516263178584;0,40948373682141437;116;Moderado (100-200 min);0
L;298,2;309,7;1585;37,4;37,59175917566267;-0,19175917566267486;118;Moderado (100-200 min);0
L;298,0;309,6;1536;37,3;39,951854677338986;-2,6518546773389886;120;Moderado (100-200 min);0
L;298,0;309,6;1403;51,3;46,39135921707815;4,90864078292185;122;Moderado (100-200 min);0
M;297,9;309,6;1515;38,8;40,95456706933063;-2,154567069330632;124;Moderado (100-200 min);0
L;297,9;309,5;1390;47,9;47,017051644889165;0,8829483551108339;127;Moderado (100-200 min);0
M;297,8;309,4;1226;58,7;54,95772197302221;3,742278026977793;129;Moderado (100-200 min);0
M;297,8;309,4;1495;36,5;41,928165768073;-5,428165768073001;132;Moderado (100-200 min);0
H;297,7;309,4;1608;30,2;36,442193385429505;-6,2421933854295055;135;Moderado (100-200 min);0
L;297,7;309,4;1392;44,1;46,899019374700565;-2,7990193747005634;140;Moderado (100-200 min);0
M;297,7;309,4;1461;43,7;43,555940714993184;0,14405928500681853;142;Moderado (100-200 min);0
L;297,7;309,3;1559;36,9;38,818840867400326;-1,918840867400327;145;Moderado (100-200 min);0
H;297,7;309,3;1400;48,9;46,51748977934548;2,382510220654517;147;Moderado (100-200 min);0
M;297,7;309,2;1732;28,8;30,446587371507228;-1,646587371507227;152;Moderado (100-200 min);0
L;297,6;309,2;1611;33,1;36,292914338717665;-3,1929143387176637;155;Moderado (100-200 min);0
L;297,6;309,1;1503;38,9;41,53286381456802;-2,6328638145680188;157;Moderado (100-200 min);0
L;297,7;309,2;1391;44,5;46,955488862915615;-2,4554888629156153;159;Moderado (100-200 min);0
L;297,8;309,3;2015;20,1;16,734642451893606;3,3653575481063953;161;Moderado (100-200 min);0
L;297,8;309,2;1683;30,9;32,822604980595585;-1,9226049805955867;163;Moderado (100-200 min);0
L;297,7;309,1;1435;38,8;44,831280203547976;-6,031280203547979;165;Moderado (100-200 min);0
M;297,7;309,1;1732;28,1;30,446473972188052;-2,3464739721880505;167;Moderado (100-200 min);0
L;297,7;309,2;1365;58,6;48,20636557796844;10,39363442203156;170;Moderado (100-200 min);0
L;297,7;309,1;1562;36,8;38,67558299524852;-1,8755829952485215;172;Moderado (100-200 min);0
L;297,6;309,1;1449;49,1;44,13523253005285;4,964767469947148;174;Moderado (100-200 min);0
M;297,7;309,2;1700;27,4;31,978264997216797;-4,578264997216799;176;Moderado (100-200 min);0
M;297,6;309,0;1427;45,6;45,20806503609617;0,39193496390382876;179;Moderado (100-200 min);0
M;297,6;308,9;1479;38,1;42,69868215471392;-4,59868215471392;182;Moderado (100-200 min);0
L;297,5;308,9;1469;44,0;43,16943122519877;0,8305687748012289;185;Moderado (100-200 min);0
L;297,5;308,9;1390;47,4;46,99378976112549;0,40621023887450747;187;Moderado (100-200 min);0
L;297,5;308,9;1729;28,1;30,57498108235589;-2,474981082355889;189;Moderado (100-200 min);0
L;297,5;309,0;1470;43,5;43,10533228570713;0,39466771429287206;191;Moderado (100-200 min);0
L;297,5;308,9;1459;48,5;43,64770468063514;4,852295319364863;193;Moderado (100-200 min);0
L;297,5;308,9;1738;24,0;30,134613783879363;-6,134613783879363;195;Moderado (100-200 min);0
H;297,5;308,9;1471;37,7;43,063554703449405;-5,363554703449402;197;Moderado (100-200 min);0
L;297,6;309,0;1822;25,4;26,061469385003083;-0,6614693850030839;202;Alto (>200 min);0
L;297,5;308,9;1554;34,8;39,03871720196008;-4,238717201960085;204;Alto (>200 min);0
M;297,6;308,9;1433;43,2;44,908360596226714;-1,7083605962267114;206;Alto (>200 min);0
L;297,6;308,9;1449;47,7;44,1312477054358;3,568752294564206;209;Alto (>200 min);0
L;297,8;309,0;1456;41,2;43,96073692668776;-2,7607369266877555;0;Bajo (0-100 min);0
M;297,8;309,1;1424;45,5;45,497789188086685;0,0022108119133150694;2;Bajo (0-100 min);0
H;297,9;309,2;1577;34,7;38,086075760677474;-3,386075760677471;5;Bajo (0-100 min);0
L;297,9;309,2;1478;39,7;42,87675207502158;-3,176752075021575;10;Bajo (0-100 min);0
M;297,8;309,2;1295;61,2;51,726405688842036;9,473594311157967;12;Bajo (0-100 min);0
L;297,8;309,2;1372;47,3;47,99514638633707;-0,6951463863370719;15;Bajo (0-100 min);0
M;297,8;309,1;1432;42,6;45,099086072548715;-2,499086072548714;17;Bajo (0-100 min);0
M;297,7;309,0;1656;33,2;34,2486964717966;-1,048696471796596;20;Bajo (0-100 min);0
H;297,8;309,0;1410;48,8;46,171166973396296;2,6288330266037008;23;Bajo (0-100 min);0
L;297,7;309,0;1874;24,4;23,68524235558043;0,7147576444195671;28;Bajo (0-100 min);0
L;297,7;309,0;1538;43,2;39,95575872446637;3,244241275533632;30;Bajo (0-100 min);0
M;297,7;309,0;1636;29,7;35,208249803452304;-5,508249803452305;32;Bajo (0-100 min);0
M;297,7;309,0;1504;40,4;41,5985741082955;-1,198574108295503;35;Bajo (0-100 min);0
M;297,7;309,0;1531;42,4;40,28874629080205;2,111253709197946;38;Bajo (0-100 min);0
H;297,6;309,0;1735;26,4;30,395768605437592;-3,9957686054375934;41;Bajo (0-100 min);0
H;297,6;309,0;1354;55,6;48,84331849524668;6,756681504753324;46;Bajo (0-100 min);0
H;297,6;309,0;1413;40,2;45,982271316954375;-5,782271316954372;51;Bajo (0-100 min);0
L;297,7;309,1;1563;39,3;38,71434056825436;0,5856594317456398;56;Bajo (0-100 min);0
L;297,7;309,1;1479;42,1;42,780842252682234;-0,6808422526822326;58;Bajo (0-100 min);0
L;297,7;309,1;1477;38,3;42,87619630169121;-4,576196301691212;60;Bajo (0-100 min);0
L;297,6;309,1;1394;50,0;46,882986945488625;3,117013054511375;62;Bajo (0-100 min);0
L;297,6;309,0;1487;45,4;42,388781851592675;3,0112181484073233;64;Bajo (0-100 min);0
M;297,6;309,0;1815;25,3;26,502688099525606;-1,2026880995256057;66;Bajo (0-100 min);0
M;297,6;308,8;1453;39,7;44,05391859265571;-4,35391859265571;69;Bajo (0-100 min);0
L;297,6;308,8;1539;40,2;39,88680162284867;0,3131983771513305;72;Bajo (0-100 min);0
H;297,5;308,7;1416;39,2;45,84189813327226;-6,641898133272257;74;Bajo (0-100 min);0
M;297,6;308,8;1683;31,6;32,90781770964529;-1,3078177096452919;79;Bajo (0-100 min);0
L;297,7;308,8;1515;40,1;41,052855094627006;-0,9528550946270045;82;Bajo (0-100 min);0
M;297,7;308,9;1531;48,3;40,26533313041488;8,034666869585116;84;Bajo (0-100 min);0
H;297,7;308,9;1479;40,9;42,781367059239635;-1,8813670592396363;87;Bajo (0-100 min);0
L;297,7;308,9;1516;33,7;40,985749734352396;-7,285749734352393;92;Bajo (0-100 min);0
L;297,7;309,0;1507;38,2;41,408943512646026;-3,208943512646023;94;Bajo (0-100 min);0
M;297,8;309,0;1434;43,3;44,9540126813016;-1,6540126813016016;96;Bajo (0-100 min);0
L;297,7;308,9;1838;27,3;25,386469734508005;1,9135302654919961;99;Bajo (0-100 min);0
M;297,6;308,8;1416;45,9;45,8217265253005;0,07827347469950041;101;Moderado (100-200 min);0
M;297,6;308,8;1357;49,7;48,67676086202687;1,0232391379731354;104;Moderado (100-200 min);0
M;297,5;308,7;1697;28,1;32,20865021604802;-4,108650216048019;107;Moderado (100-200 min);0
L;297,5;308,7;1443;46,2;44,50726734431933;1,6927326556806719;110;Moderado (100-200 min);0
L;297,5;308,7;1453;37,6;44,02147783692554;-6,42147783692554;112;Moderado (100-200 min);0
L;297,4;308,6;1439;46,4;44,697853710024006;1,7021462899759925;114;Moderado (100-200 min);0
L;297,4;308,6;1609;36,2;36,463483450593344;-0,2634834505933412;116;Moderado (100-200 min);0
L;297,4;308,6;1324;59,1;50,26413970476754;8,835860295232465;118;Moderado (100-200 min);0
H;297,4;308,6;1420;45,8;45,613488043153936;0,18651195684606137;120;Moderado (100-200 min);0
L;297,4;308,7;1545;36,9;39,54499062602947;-2,644990626029468;125;Moderado (100-200 min);0
L;297,5;308,8;1477;39,0;42,836755967566916;-3,8367559675669156;127;Moderado (100-200 min);0
L;297,4;308,8;1447;58,1;44,276829237252116;13,823170762747885;129;Moderado (100-200 min);0
L;297,4;308,9;1809;23,8;26,73300139676026;-2,933001396760261;131;Moderado (100-200 min);0
L;297,5;308,9;1696;30,9;32,21521575342505;-1,3152157534250506;133;Moderado (100-200 min);0
L;297,5;308,9;1427;44,7;45,241013932395546;-0,5410139323955434;135;Moderado (100-200 min);0
M;297,4;308,9;1500;46,3;41,692938342957014;4,607061657042983;137;Moderado (100-200 min);0
L;297,5;308,9;1390;44,6;47,02911520532537;-2,429115205325367;140;Moderado (100-200 min);0
L;297,4;308,8;1640;34,2;34,920332837562995;-0,7203328375629923;142;Moderado (100-200 min);0
M;297,4;308,8;1628;37,4;35,49997318357428;1,9000268164257221;144;Moderado (100-200 min);0
H;297,3;308,6;1499;37,6;41,75605054562047;-4,156050545620467;147;Moderado (100-200 min);0
M;297,4;308,7;1425;50,3;45,336132849772085;4,963867150227912;152;Moderado (100-200 min);0
L;297,3;308,6;1586;37,7;37,53674692013449;0,16325307986551252;155;Moderado (100-200 min);0
M;297,3;308,6;1471;50,7;43,104536125269505;7,595463874730498;157;Moderado (100-200 min);0
M;297,3;308,6;1431;53,0;45,039426497691494;7,960573502308506;160;Moderado (100-200 min);0
L;297,2;308,6;1924;22,1;21,150574828960437;0,9494251710395645;163;Moderado (100-200 min);0
M;297,1;308,4;1421;42,0;45,51971130408856;-3,5197113040885597;165;Moderado (100-200 min);0
H;297,0;308,4;1305;54,6;51,12389512279783;3,476104877202168;168;Moderado (100-200 min);0
L;296,9;308,4;1557;32,4;38,90484000143082;-6,504840001430821;173;Moderado (100-200 min);0
L;296,9;308,3;1555;38,2;39,011354729056755;-0,8113547290567524;175;Moderado (100-200 min);0
H;296,9;308,3;1474;39,2;42,932570524383934;-3,732570524383931;177;Moderado (100-200 min);0
L;296,8;308,3;1506;45,9;41,36781393706763;4,532186062932368;182;Moderado (100-200 min);0
L;296,9;308,4;1390;41,8;46,984153504216145;-5,184153504216148;184;Moderado (100-200 min);0
M;296,9;308,4;1450;46,9;44,07693251181084;2,82306748818916;186;Moderado (100-200 min);0
L;296,9;308,3;1513;38,8;41,03483470372605;-2,234834703726051;189;Moderado (100-200 min);0
L;296,8;308,2;1643;34,7;34,73748789999134;-0,03748789999134061;191;Moderado (100-200 min);0
L;296,8;308,2;1361;53,8;48,392858265064845;5,407141734935152;193;Moderado (100-200 min);0
L;296,7;308,1;1450;40,9;44,08108527903957;-3,1810852790395714;195;Moderado (100-200 min);0
L;296,7;308,0;1451;50,7;44,04231411756482;6,657685882435182;197;Moderado (100-200 min);0
L;296,8;308,1;1289;62,0;51,886370650923936;10,113629349076064;199;Moderado (100-200 min);1
L;296,8;308,1;1356;48,3;48,640149250617014;-0,3401492506170172;201;Alto (>200 min);0
H;296,7;308,1;1528;46,3;40,297639320855666;6,002360679144331;203;Alto (>200 min);0
L;296,6;308,0;1978;22,3;18,500876197459995;3,799123802540006;208;Alto (>200 min);0
L;296,7;308,0;1535;36,8;39,964538355200816;-3,1645383552008184;210;Alto (>200 min);0
M;296,8;308,1;1843;24,2;25,047138929451627;-0,8471389294516278;212;Alto (>200 min);0
L;296,9;308,1;1422;48,7;45,44461962859164;3,2553803714083642;215;Alto (>200 min);0
L;296,8;308,0;1536;40,4;39,92213090006062;0,477869099939376;217;Alto (>200 min);0
M;296,9;308,1;1483;44,3;42,487466796094616;1,8125332039053816;219;Alto (>200 min);0
H;296,8;308,1;1492;43,7;42,03807190227509;1,6619280977249105;222;Alto (>200 min);0
L;296,8;308,0;1584;40,4;37,59004062249214;2,809959377507859;227;Alto (>200 min);0
L;296,9;308,1;1555;33,7;38,9930894057206;-5,2930894057206;229;Alto (>200 min);0
L;296,8;308,0;1497;41,7;41,80032498562922;-0,10032498562921432;231;Alto (>200 min);0
M;296,7;307,8;1537;36,3;39,8727155335322;-3,572715533532204;233;Alto (>200 min);0
L;296,7;307,8;1505;39,4;41,42017686835235;-2,020176868352351;236;Alto (>200 min);0
L;296,7;307,8;1646;34,6;34,590236870228374;0,009763129771627632;238;Alto (>200 min);0
M;296,7;307,8;1286;60,5;52,20342559889793;8,29657440110207;0;Bajo (0-100 min);0
L;296,7;307,8;1400;47,5;46,680306997484436;0,8196930025155638;3;Bajo (0-100 min);0
L;296,8;307,9;1337;56,5;49,72992919052074;6,770070809479257;5;Bajo (0-100 min);0
L;296,9;308,0;1332;53,9;49,97069086094368;3,929309139056322;7;Bajo (0-100 min);0
L;296,8;308,0;1561;38,3;38,867749038269196;-0,5677490382691985;9;Bajo (0-100 min);0
L;296,9;308,0;1546;31,1;39,60395768431139;-8,503957684311388;11;Bajo (0-100 min);0
L;296,9;308,0;1713;29,3;31,514873313981425;-2,2148733139814247;13;Bajo (0-100 min);0
L;296,9;308,0;1343;44,5;49,431963092675204;-4,931963092675204;15;Bajo (0-100 min);0
L;296,8;308,0;1391;54,4;47,094603245742434;7,305396754257565;17;Bajo (0-100 min);0
H;296,8;308,0;1311;58,6;50,96739041136939;7,632609588630615;19;Bajo (0-100 min);0
H;296,8;308,0;1453;51,0;44,086766967957956;6,913233032042044;24;Bajo (0-100 min);0
L;296,8;308,0;1510;39,4;41,32257704906611;-1,9225770490661134;29;Bajo (0-100 min);0
L;296,8;307,9;1448;48,8;44,33480955870587;4,465190441294126;31;Bajo (0-100 min);0
L;296,7;307,8;1453;46,0;44,09104146749996;1,908958532500037;33;Bajo (0-100 min);0
L;296,7;307,8;1468;39,2;43,363108811605024;-4,163108811605021;35;Bajo (0-100 min);0
L;296,7;307,8;1382;47,5;47,52646775543335;-0,02646775543335167;37;Bajo (0-100 min);0
L;296,7;308,0;1580;32,2;37,91377450716233;-5,713774507162327;39;Bajo (0-100 min);0
L;296,8;308,0;1666;29,8;33,758691553481256;-3,9586915534812555;41;Bajo (0-100 min);0
M;296,9;308,0;1409;50,7;46,21462858697922;4,485371413020786;43;Bajo (0-100 min);0
L;296,8;308,0;1675;29,7;33,31907586020047;-3,6190758602004713;46;Bajo (0-100 min);0
L;296,8;307,9;1698;30,8;32,21487484532065;-1,41487484532065;48;Bajo (0-100 min);0
H;296,7;307,9;1579;33,4;37,96509615832636;-4,565096158326362;50;Bajo (0-100 min);0
L;296,7;307,9;1743;27,9;30,01904286150986;-2,119042861509861;55;Bajo (0-100 min);0
M;296,9;308,0;1497;44,8;41,94238670061855;2,8576132993814483;57;Bajo (0-100 min);0
L;296,9;308,1;1741;28,8;30,11238555955814;-1,3123855595581375;60;Bajo (0-100 min);0
L;296,9;308,1;1435;45,3;44,93004303743717;0,3699569625628243;62;Bajo (0-100 min);0
M;296,9;308,1;1440;46,3;44,68639667854453;1,6136033214554644;64;Bajo (0-100 min);0
M;296,9;308,0;1641;33,3;34,96114797182795;-1,6611479718279512;67;Bajo (0-100 min);0
L;296,8;307,9;1420;45,4;45,66149858767839;-0,26149858767838907;70;Bajo (0-100 min);0
L;296,8;307,9;1611;35,4;36,41012710454289;-1,0101271045428888;72;Bajo (0-100 min);0
L;296,8;307,8;1373;42,9;47,94579844142321;-5,045798441423209;74;Bajo (0-100 min);0
M;296,8;307,9;1683;31,8;32,92025934534333;-1,1202593453433316;76;Bajo (0-100 min);0
H;296,9;307,9;1547;32,6;39,51558057991767;-6,915580579917666;79;Bajo (0-100 min);0
L;296,9;307,8;1605;37,0;36,714122709942544;0,28587729005745643;84;Bajo (0-100 min);0
M;296,9;307,9;2010;18,9;17,08786379234078;1,8121362076592185;86;Bajo (0-100 min);0
L;296,8;307,7;1565;40,1;38,64738813965979;1,4526118603402125;89;Bajo (0-100 min);0
M;296,9;307,8;1828;24,6;25,909277050420965;-1,3092770504209632;91;Bajo (0-100 min);0
M;297,0;307,8;1579;34,1;37,97703344112135;-3,8770334411213483;94;Bajo (0-100 min);0
M;297,0;307,9;1882;24,2;23,28974314774734;0,9102568522526582;97;Bajo (0-100 min);0
L;296,9;307,8;1285;52,1;52,199258530884414;-0,09925853088441272;100;Bajo (0-100 min);0
L;296,9;307,8;1571;35,0;38,34716722622702;-3,347167226227022;102;Moderado (100-200 min);0
H;296,9;307,8;1549;37,8;39,41109386924061;-1,6110938692406123;104;Moderado (100-200 min);0
M;296,9;307,8;1544;37,6;39,649478991763054;-2,0494789917630527;109;Moderado (100-200 min);0
M;297,0;307,9;1412;47,4;46,03992502891952;1,3600749710804791;112;Moderado (100-200 min);0
M;297,0;307,9;1422;53,0;45,55338391632999;7,446616083670008;115;Moderado (100-200 min);0
L;297,0;307,7;1867;22,8;24,02271024137413;-1,2227102413741306;118;Moderado (100-200 min);0
L;296,9;307,7;1424;43,3;45,46380757725451;-2,1638075772545093;120;Moderado (100-200 min);0
L;296,9;307,6;1452;45,7;44,11746341387352;1,58253658612648;122;Moderado (100-200 min);0
L;296,9;307,7;1550;39,7;39,3587938142425;0,3412061857574997;124;Moderado (100-200 min);0
L;296,8;307,6;1588;37,6;37,51688094292899;0,0831190570710092;126;Moderado (100-200 min);0
L;296,8;307,6;1338;44,4;49,62253515759512;-5,222535157595118;128;Moderado (100-200 min);0
L;296,8;307,6;1513;40,0;41,146021749663305;-1,146021749663305;130;Moderado (100-200 min);0
M;296,8;307,5;1470;45,9;43,23811029499869;2,6618897050013075;132;Moderado (100-200 min);0
M;296,8;307,5;1516;36,7;41,00813851320086;-4,308138513200859;135;Moderado (100-200 min);0
L;296,8;307,6;1434;48,3;44,965870654415575;3,3341293455844223;138;Moderado (100-200 min);0
L;296,8;307,6;1368;52,0;48,1606570042393;3,8393429957607026;140;Moderado (100-200 min);0
L;296,8;307,6;1304;48,7;51,25858609466256;-2,5585860946625587;142;Moderado (100-200 min);0
L;296,8;307,6;1398;46,7;46,70479169244942;-0,0047916924494160185;144;Moderado (100-200 min);0
L;296,7;307,6;1516;37,4;40,97742776650051;-3,577427766500513;146;Moderado (100-200 min);0
L;296,7;307,6;1474;41,7;43,009927003518705;-1,3099270035187018;148;Moderado (100-200 min);0
M;296,7;307,6;1547;34,7;39,4731338250104;-4,773133825010397;150;Moderado (100-200 min);0
M;296,6;307,5;1482;39,9;42,61861820762489;-2,7186182076248926;153;Moderado (100-200 min);0
L;296,6;307,4;1436;42,8;44,85524103686522;-2,055241036865226;156;Moderado (100-200 min);0
L;296,6;307,3;1474;40,0;43,02461057648194;-3,0246105764819404;158;Moderado (100-200 min);0
L;296,5;307,2;1481;38,2;42,683985225875574;-4,483985225875571;160;Moderado (100-200 min);0
L;296,5;307,3;1501;42,1;41,70274874286252;0,39725125713748355;162;Moderado (100-200 min);0
L;296,5;307,3;1566;37,2;38,55338460195606;-1,3533846019560585;164;Moderado (100-200 min);0
L;296,5;307,3;1579;34,5;37,92230920546158;-3,4223092054615805;166;Moderado (100-200 min);0
L;296,6;307,4;1631;35,0;35,40263898297139;-0,4026389829713892;168;Moderado (100-200 min);0
M;296,6;307,4;1544;42,3;39,61442655649995;2,685573443500047;170;Moderado (100-200 min);0
L;296,6;307,4;1521;38,6;40,726030224018025;-2,1260302240180238;173;Moderado (100-200 min);0
L;296,6;307,4;1616;28,0;36,12380719210465;-8,12380719210465;175;Moderado (100-200 min);0
H;296,6;307,4;1333;50,2;49,827606186878384;0,3723938131216187;177;Moderado (100-200 min);0
M;296,7;307,4;1533;32,5;40,1494046317838;-7,649404631783803;182;Moderado (100-200 min);0
L;296,6;307,4;1368;45,1;48,12659130580438;-3,0265913058043807;185;Moderado (100-200 min);0
L;296,6;307,4;1465;47,8;43,42751101449054;4,372488985509456;187;Moderado (100-200 min);0
H;296,6;307,4;1406;41,5;46,283296956412656;-4,783296956412656;189;Moderado (100-200 min);0
M;296,5;307,4;1565;43,5;38,568104397167076;4,931895602832924;194;Moderado (100-200 min);0
L;296,6;307,5;1582;37,9;37,7426846089892;0,1573153910107976;197;Moderado (100-200 min);0
L;296,6;307,5;1439;45,5;44,66647544573067;0,8335245542693315;199;Moderado (100-200 min);0
M;296,6;307,5;1566;35,0;38,514536263409916;-3,5145362634099158;201;Alto (>200 min);0
L;296,6;307,5;1485;42,7;42,435000453541356;0,26499954645864676;204;Alto (>200 min);0
L;296,5;307,5;1566;35,1;38,499495826500976;-3,3994958265009743;206;Alto (>200 min);0
L;296,3;307,3;1439;41,5;44,64818512341222;-3,148185123412219;208;Alto (>200 min);0
M;296,4;307,4;1416;50,0;45,76066212843931;4,239337871560693;210;Alto (>200 min);0
L;296,4;307,4;2833;5,6;-22,864960972374455;28,464960972374456;213;Alto (>200 min);1
L;296,3;307,4;1465;47,1;43,37261883621908;3,727381163780919;215;Alto (>200 min);0
H;296,4;307,4;1586;35,5;37,685632170505954;-2,1856321705059543;0;Bajo (0-100 min);0
L;296,3;307,3;1567;31,4;38,601896376518354;-7,201896376518356;5;Bajo (0-100 min);0
M;296,2;307,2;1389;48,6;47,22056752045462;1,379432479545379;7;Bajo (0-100 min);0
M;296,3;307,3;1368;49,5;48,2354356608855;1,2645643391145;10;Bajo (0-100 min);0
L;296,3;307,3;1444;49,0;44,55260498808076;4,447395011919241;13;Bajo (0-100 min);0
M;296,3;307,3;1498;41,6;41,935955773876834;-0,33595577387683306;15;Bajo (0-100 min);0
L;296,1;307,2;1615;30,8;36,256147140119154;-5,456147140119153;18;Bajo (0-100 min);0
L;296,1;307,1;1898;22,7;22,56050240317941;0,13949759682058982;20;Bajo (0-100 min);0
M;296,1;307,1;1350;53,3;49,09788826851421;4,202111731485786;22;Bajo (0-100 min);0
M;296,2;307,0;1516;37,6;41,07892401223591;-3,4789240122359075;25;Bajo (0-100 min);0
H;296,2;307,0;1542;40,6;39,81752482444269;0,7824751755573089;28;Bajo (0-100 min);0
H;296,1;306,9;1541;32,6;39,86207369585095;-7,262073695850951;33;Bajo (0-100 min);0
M;296,1;306,9;1951;23,3;20,00257749277776;3,2974225072222403;38;Bajo (0-100 min);0
H;296,1;306,8;1645;31,0;34,83064404407801;-3,8306440440780065;41;Bajo (0-100 min);0
L;296,0;306,7;1416;44,2;45,916920487138796;-1,7169204871387933;46;Bajo (0-100 min);0
M;296,0;306,7;2044;22,3;15,502237825002599;6,797762174997402;48;Bajo (0-100 min);0
L;295,9;306,6;1414;50,2;46,009897988247275;4,190102011752728;51;Bajo (0-100 min);0
L;295,9;306,6;1678;26,7;33,22323653699495;-6,523236536994954;53;Bajo (0-100 min);0
H;295,9;306,5;1594;33,2;37,30089890003978;-4,10089890003978;55;Bajo (0-100 min);0
M;295,8;306,5;1514;37,7;41,16014883914929;-3,4601488391492836;60;Bajo (0-100 min);0
L;295,8;306,5;1358;49,2;48,71276025679801;0,4872397432019895;63;Bajo (0-100 min);0
L;295,8;306,4;1325;56,2;50,32056250513109;5,87943749486891;65;Bajo (0-100 min);0
L;295,8;306,4;1339;53,2;49,64105847893639;3,558941521063616;67;Bajo (0-100 min);0
M;295,8;306,4;1335;51,7;49,83326978734582;1,8667302126541827;69;Bajo (0-100 min);0
L;295,9;306,4;1892;21,7;22,86755063966046;-1,1675506396604618;72;Bajo (0-100 min);0
L;295,9;306,4;1575;28,5;38,21792304424203;-9,717923044242028;74;Bajo (0-100 min);0
M;295,8;306,3;1444;45,5;44,56044859226746;0,9395514077325373;76;Bajo (0-100 min);0
L;295,7;306,3;1915;22,4;21,737026776941466;0,6629732230585326;79;Bajo (0-100 min);0
M;295,6;306,2;1584;33,6;37,765278265013;-4,165278265013001;81;Bajo (0-100 min);0
M;295,7;306,3;1685;34,9;32,87185358201576;2,028146417984239;84;Bajo (0-100 min);0
L;295,8;306,3;1337;54,6;49,73404431303896;4,865955686961044;87;Bajo (0-100 min);0
M;295,8;306,3;1235;76,2;54,672261332070974;21,52773866792903;89;Bajo (0-100 min);1
L;295,7;306,2;1464;46,2;43,579728582817715;2,6202714171822876;92;Bajo (0-100 min);0
M;295,7;306,2;1739;25,9;30,260352204862855;-4,360352204862856;94;Bajo (0-100 min);0
L;295,7;306,3;1490;34,3;42,30566550601605;-8,00566550601605;97;Bajo (0-100 min);0
L;295,8;306,4;1356;48,0;48,79372040776872;-0,793720407768717;99;Bajo (0-100 min);0
L;295,7;306,2;1397;52,0;46,817682325971475;5,182317674028525;101;Moderado (100-200 min);0
L;295,7;306,2;1458;40,6;43,862032703865935;-3,262032703865934;103;Moderado (100-200 min);0
H;295,7;306,2;2161;16,5;9,815202814212455;6,684797185787545;105;Moderado (100-200 min);0
M;295,6;306,1;1651;28,1;34,509924203038;-6,4099242030379955;110;Moderado (100-200 min);0
L;295,6;306,1;1389;46,2;47,19597036891115;-0,995970368911145;113;Moderado (100-200 min);0
L;295,6;306,0;1370;52,4;48,125771801441;4,274228198559001;115;Moderado (100-200 min);0
L;295,7;306,1;1408;47,9;46,28410239475402;1,6158976052459764;117;Moderado (100-200 min);0
L;295,7;306,1;1343;54,4;49,43046011487752;4,9695398851224795;119;Moderado (100-200 min);0
M;295,7;306,2;1423;42,5;45,54350584985064;-3,0435058498506393;121;Moderado (100-200 min);0
L;295,6;306,2;1426;48,6;45,3846827342325;3,215317265767503;124;Moderado (100-200 min);0
M;295,6;306,2;1435;51,6;44,94732185653894;6,65267814346106;126;Moderado (100-200 min);0
L;295,5;306,1;1573;35,1;38,261794410006644;-3,1617944100066424;129;Moderado (100-200 min);0
L;295,6;306,2;1612;31,2;36,37169637361944;-5,171696373619444;131;Moderado (100-200 min);0
L;295,6;306,2;1446;49,9;44,409345693466214;5,490654306533784;133;Moderado (100-200 min);0
H;295,6;306,2;1329;55,3;50,073992158001694;5,226007841998303;135;Moderado (100-200 min);0
L;295,6;306,2;1569;35,1;38,44736300396768;-3,347363003967679;140;Moderado (100-200 min);0
H;295,6;306,1;1256;62,3;53,61518156836527;8,684818431634724;142;Moderado (100-200 min);0
L;295,6;306,1;1383;48,7;47,4609875704573;1,2390124295427043;147;Moderado (100-200 min);0
L;295,7;306,2;2270;14,6;4,503411548274684;10,096588451725315;149;Moderado (100-200 min);1
H;295,7;306,2;1458;49,8;43,82595565447032;5,974044345529677;151;Moderado (100-200 min);0
L;295,6;306,1;1474;41,2;43,04721782097465;-1,8472178209746488;156;Moderado (100-200 min);0
M;295,6;306,1;1462;49,2;43,62685816698593;5,57314183301407;158;Moderado (100-200 min);0
M;295,6;306,1;1669;29,0;33,599877003451006;-4,599877003451006;161;Moderado (100-200 min);0
M;295,5;306,1;1822;24,3;26,176759432798292;-1,8767594327982913;164;Moderado (100-200 min);0
L;295,5;306,0;1456;39,2;43,91054376611237;-4,710543766112366;167;Moderado (100-200 min);0
L;295,5;306,0;1546;35,9;39,55046388270014;-3,6504638827001443;169;Moderado (100-200 min);0
M;295,6;306,1;1490;42,7;42,261085667834834;0,43891433216516873;171;Moderado (100-200 min);0
L;295,6;306,0;1569;40,4;38,44412978454636;1,9558702154536363;174;Moderado (100-200 min);0
L;295,5;306,0;1621;29,5;35,91305541881267;-6,413055418812668;176;Moderado (100-200 min);0
M;295,4;305,9;1518;40,6;40,89957933523165;-0,29957933523164826;178;Moderado (100-200 min);0
M;295,4;305,8;1526;38,2;40,52105616065953;-2,3210561606595306;181;Moderado (100-200 min);0
M;295,3;305,8;1589;36,2;37,45651526302757;-1,2565152630275662;184;Moderado (100-200 min);0
L;295,3;305,7;1475;51,0;42,98628491188357;8,013715088116427;187;Moderado (100-200 min);0
M;295,3;305,7;1473;38,5;43,08163896089255;-4,581638960892548;189;Moderado (100-200 min);0
L;295,4;305,8;1407;50,7;46,27579543783379;4,42420456216621;192;Moderado (100-200 min);0
M;295,5;305,9;1518;44,1;40,89883606303001;3,2011639369699907;194;Moderado (100-200 min);0
H;295,5;305,9;1593;37,2;37,2644340199255;-0,0644340199254998;197;Moderado (100-200 min);0
M;295,5;305,9;1380;52,4;47,57597412009587;4,824025879904127;202;Alto (>200 min);0
M;295,5;306,0;1423;45,3;45,48012754878177;-0,18012754878177617;205;Alto (>200 min);0
L;295,5;306,0;1800;27,6;27,220279336207675;0,3797206637923267;208;Alto (>200 min);0
H;295,6;306,1;1623;30,9;35,790765315070246;-4,890765315070247;210;Alto (>200 min);0
L;295,6;306,1;1372;55,6;47,94259334384938;7,65740665615062;215;Alto (>200 min);1
H;295,6;306,0;1396;52,4;46,95306202674534;5,446937973254656;0;Bajo (0-100 min);0
L;295,6;306,0;1949;21,9;20,168271776539196;1,7317282234608022;5;Bajo (0-100 min);0
L;295,6;306,0;1419;51,1;45,833942307269844;5,266057692730158;7;Bajo (0-100 min);0
M;295,5;305,9;1453;47,3;44,18574395475726;3,1142560452427404;9;Bajo (0-100 min);0
L;295,5;305,9;1542;36,2;39,87334109584952;-3,6733410958495156;12;Bajo (0-100 min);0
L;295,6;306,0;1363;50,0;48,540684334112555;1,4593156658874449;14;Bajo (0-100 min);0
L;295,5;306,0;1597;37,2;37,19559936293692;0,004400637063085355;16;Bajo (0-100 min);0
M;295,5;306,0;1326;50,8;50,31825480130789;0,48174519869210997;18;Bajo (0-100 min);0
M;295,5;306,0;1641;36,6;35,06098163014807;1,5390183698519309;21;Bajo (0-100 min);0
M;295,6;306,1;1418;46,2;45,858432970025504;0,34156702997449884;24;Bajo (0-100 min);0
L;295,6;306,2;1263;61,8;53,35145507935704;8,44854492064296;27;Bajo (0-100 min);0
L;295,6;306,2;1823;25,8;26,22991923683651;-0,4299192368365077;29;Bajo (0-100 min);0
L;295,5;306,1;1488;40,7;42,451885243708944;-1,7518852437089407;31;Bajo (0-100 min);0
L;295,6;306,2;1443;48,9;44,62979210214111;4,270207897858889;33;Bajo (0-100 min);0
L;295,6;306,2;1650;28,2;34,60356254380192;-6,403562543801922;35;Bajo (0-100 min);0
M;295,7;306,3;1462;44,3;43,706763449367024;0,5932365506329731;37;Bajo (0-100 min);0
M;295,6;306,2;1477;45,0;42,97795745596308;2,022042544036921;40;Bajo (0-100 min);0
M;295,7;306,3;1712;28,5;31,59509639313496;-3,095096393134959;43;Bajo (0-100 min);0
M;295,7;306,3;1347;50,4;49,26929141813184;1,1307085818681557;46;Bajo (0-100 min);0
L;295,6;306,2;1287;54,8;52,172632652245184;2,627367347754813;49;Bajo (0-100 min);0
L;295,6;306,2;1428;44,5;45,34269265412121;-0,8426926541212083;51;Bajo (0-100 min);0
M;295,6;306,3;1426;45,5;45,42688602451322;0,0731139754867769;53;Bajo (0-100 min);0
L;295,6;306,3;1636;32,7;35,254618971877605;-2,554618971877602;56;Bajo (0-100 min);0
L;295,6;306,2;1424;42,5;45,53114593655194;-3,031145936551937;58;Bajo (0-100 min);0
H;295,6;306,3;1509;35,8;41,4020485230239;-5,602048523023903;60;Bajo (0-100 min);0
L;295,5;306,2;1448;48,9;44,352315176445984;4,547684823554015;65;Bajo (0-100 min);0
L;295,5;306,1;1650;32,8;34,579389445224905;-1,7793894452249077;67;Bajo (0-100 min);0
H;295,6;306,2;1414;42,5;46,00716457640108;-3,507164576401081;69;Bajo (0-100 min);0
L;295,6;306,3;1911;20,9;21,923216910790877;-1,0232169107908788;74;Bajo (0-100 min);0
H;295,6;306,2;1632;32,2;35,44446206538065;-3,2444620653806453;76;Bajo (0-100 min);0
M;295,7;306,4;1387;40,1;47,2946793696547;-7,1946793696547005;81;Bajo (0-100 min);0
L;295,8;306,4;1399;47,6;46,722563408594944;0,8774365914050577;84;Bajo (0-100 min);0
L;295,8;306,5;1505;35,2;41,57646477136207;-6,376464771362066;86;Bajo (0-100 min);0
L;295,8;306,5;1534;37,9;40,17053129966391;-2,270531299663908;88;Bajo (0-100 min);0
L;295,8;306,5;1493;40,5;42,15460190698187;-1,654601906981867;90;Bajo (0-100 min);0
M;295,8;306,6;1480;43,2;42,77151020407642;0,42848979592358205;92;Bajo (0-100 min);0
L;295,8;306,6;1621;31,6;35,9408186007567;-4,340818600756698;95;Bajo (0-100 min);0
L;295,7;306,5;1737;26,2;30,321472612825218;-4,121472612825219;97;Bajo (0-100 min);0
L;295,8;306,6;1508;46,5;41,41024733609977;5,089752663900228;99;Bajo (0-100 min);0
M;295,8;306,5;1641;32,2;34,978897054194604;-2,7788970541946014;101;Moderado (100-200 min);0
M;295,9;306,6;1532;38,6;40,25548460824575;-1,6554846082457502;104;Moderado (100-200 min);0
L;295,9;306,7;1547;40,9;39,51563966853812;1,3843603314618775;107;Moderado (100-200 min);0
L;295,9;306,6;1412;41,0;46,0631621462947;-5,063162146294701;109;Moderado (100-200 min);0
L;295,8;306,5;1568;35,1;38,506670970354;-3,406670970354;111;Moderado (100-200 min);0
L;295,9;306,6;1557;41,1;39,03800441897832;2,0619955810216837;113;Moderado (100-200 min);0
L;295,8;306,6;1644;35,2;34,81192801373656;0,38807198626344075;115;Moderado (100-200 min);0
L;295,9;306,6;1679;30,4;33,12670517476723;-2,7267051747672326;117;Moderado (100-200 min);0
L;296,0;306,6;1511;35,2;41,272494164944696;-6,072494164944693;119;Moderado (100-200 min);0
M;296,0;306,6;1628;36,8;35,60484127962625;1,1951587203737475;121;Moderado (100-200 min);0
M;296,0;306,6;1392;51,3;47,031743073293406;4,2682569267065915;124;Moderado (100-200 min);0
L;296,0;306,7;1917;21,0;21,593296986468246;-0,5932969864682462;127;Moderado (100-200 min);0
M;296,2;306,8;1526;42,3;40,53879213211035;1,7612078678896452;129;Moderado (100-200 min);0
L;296,2;306,8;1389;53,3;47,1712595854547;6,128740414545298;132;Moderado (100-200 min);0
L;296,1;306,7;1409;42,8;46,20106204874534;-3,401062048745345;134;Moderado (100-200 min);0
L;296,2;306,8;1655;31,1;34,286237664410436;-3,1862376644104344;136;Moderado (100-200 min);0
L;296,2;306,9;1516;39,1;41,005153303734026;-1,905153303734025;138;Moderado (100-200 min);0
L;296,2;306,9;1526;34,9;40,51936379634024;-5,619363796340238;140;Moderado (100-200 min);0
L;296,3;307,1;1419;48,6;45,68868501756972;2,9113149824302837;142;Moderado (100-200 min);0
L;296,4;307,2;1748;25,3;29,75428436811569;-4,45428436811569;144;Moderado (100-200 min);0
H;296,4;307,1;1638;32,5;35,09109110336651;-2,5910911033665087;146;Moderado (100-200 min);0
M;296,3;307,1;1534;33,8;40,11262815528154;-6,312628155281544;151;Moderado (100-200 min);0
H;296,3;307,1;1774;25,9;28,48750221163901;-2,5875022116390127;154;Moderado (100-200 min);0
M;296,2;307,0;2119;18,3;11,775745206767532;6,524254793232469;159;Moderado (100-200 min);0
L;296,2;307,0;1414;48,3;45,915674329842766;2,3843256701572315;162;Moderado (100-200 min);0
M;296,1;307,0;1523;42,0;40,62416807119594;1,375831928804061;164;Moderado (100-200 min);0
L;296,1;307,1;1651;35,7;34,411887975362255;1,2881120246377478;167;Moderado (100-200 min);0
M;296,1;307,1;1485;36,0;42,449537295209026;-6,449537295209026;169;Moderado (100-200 min);0
M;296,2;307,2;1168;63,4;57,79927982690811;5,6007201730918865;172;Moderado (100-200 min);0
L;296,3;307,3;1566;35,8;38,52255212294244;-2,722552122942446;175;Moderado (100-200 min);0
M;296,3;307,2;1286;51,1;52,09222590723244;-0,992225907232438;177;Moderado (100-200 min);0
M;296,3;307,2;1446;45,9;44,341390339608346;1,558609660391653;180;Moderado (100-200 min);0
M;296,4;307,2;2071;19,4;14,082524372307319;5,31747562769268;183;Moderado (100-200 min);0
L;296,3;307,1;1560;33,2;38,82717760122458;-5,627177601224574;186;Moderado (100-200 min);0
L;296,3;307,1;1654;29,6;34,273383199011434;-4,6733831990114325;188;Moderado (100-200 min);0
L;296,3;307,1;1662;32,9;33,88445095101811;-0,9844509510181112;190;Moderado (100-200 min);0
L;296,3;307,2;1646;35,0;34,646645137213355;0,3533548627866452;192;Moderado (100-200 min);0
L;296,2;307,1;1444;46,7;44,427603393955145;2,2723966060448575;194;Moderado (100-200 min);0
H;296,3;307,2;1424;42,0;45,39479450988154;-3,3947945098815424;196;Moderado (100-200 min);0
L;296,2;307,2;1382;52,0;47,41375652038228;4,586243479617721;201;Alto (>200 min);0
L;296,2;307,1;1413;53,4;45,92212646790061;7,477873532099387;203;Alto (>200 min);0
M;296,2;307,2;1633;31,1;35,409243109968585;-4,309243109968584;0;Bajo (0-100 min);0
L;296,2;307,1;1441;41,7;44,71644587544256;-3,0164458754425567;3;Bajo (0-100 min);0
M;296,2;307,2;1385;44,0;47,41578524964702;-3,4157852496470227;5;Bajo (0-100 min);0
M;296,2;307,2;1552;34,8;39,325949274121314;-4,5259492741213165;8;Bajo (0-100 min);0
M;296,2;307,3;1451;42,8;44,2038253796404;-1,403825379640402;11;Bajo (0-100 min);0
M;296,1;307,1;1433;38,5;45,08432484496102;-6,584324844961017;14;Bajo (0-100 min);0
M;296,1;307,2;1619;29,7;36,063184226513975;-6,363184226513976;17;Bajo (0-100 min);0
L;296,2;307,2;1445;41,8;44,49879338969707;-2,698793389697073;20;Bajo (0-100 min);0
L;296,2;307,2;1356;43,6;48,8074382226261;-5,207438222626095;22;Bajo (0-100 min);0
M;296,3;307,2;1319;68,3;50,60907672207336;17,690923277926636;24;Bajo (0-100 min);1
L;296,3;307,2;1637;31,6;35,20651766181286;-3,606517661812859;27;Bajo (0-100 min);0
L;296,3;307,2;1291;58,6;51,9613203277011;6,638679672298899;29;Bajo (0-100 min);0
L;296,3;307,3;1398;52,7;46,76679306076801;5,933206939231994;31;Bajo (0-100 min);0
L;296,3;307,3;1372;57,7;48,024434222582514;9,67556577741749;33;Bajo (0-100 min);0
M;296,3;307,2;1454;42,5;44,062944055389096;-1,5629440553890959;35;Bajo (0-100 min);0
L;296,2;307,2;1515;36,5;41,09526041715758;-4,595260417157583;38;Bajo (0-100 min);0
L;296,2;307,3;1881;24,3;23,357718057864794;0,9422819421352067;40;Bajo (0-100 min);0
L;296,2;307,3;1711;29,9;31,58908189651249;-1,6890818965124907;42;Bajo (0-100 min);0
L;296,2;307,3;1475;37,0;43,01673529537538;-6,016735295375383;44;Bajo (0-100 min);0
L;296,4;307,4;1512;36,8;41,234776929318876;-4,434776929318879;46;Bajo (0-100 min);0
M;296,3;307,4;1335;50,5;49,79385876493795;0,7061412350620486;48;Bajo (0-100 min);0
L;296,3;307,4;1472;39,9;43,15688168041916;-3,2568816804191627;51;Bajo (0-100 min);0
M;296,2;307,3;1477;35,2;42,913113589213246;-7,713113589213243;53;Bajo (0-100 min);0
L;296,3;307,4;1760;28,4;29,205678300774082;-0,8056783007740833;56;Bajo (0-100 min);0
L;296,4;307,5;1549;36,1;39,42273768944448;-3,3227376894444802;58;Bajo (0-100 min);0
L;296,3;307,4;1648;34,0;34,62667840641692;-0,6266784064169215;60;Bajo (0-100 min);0
H;296,4;307,5;1556;38,0;39,0807308607599;-1,0807308607598998;62;Bajo (0-100 min);0
M;296,3;307,4;1958;19,1;19,608541962975295;-0,5085419629752934;67;Bajo (0-100 min);0
L;296,4;307,4;1403;48,4;46,495459041946184;1,9045409580538148;70;Bajo (0-100 min);0
M;296,4;307,5;1684;31,4;32,87435020717299;-1,4743502071729893;72;Bajo (0-100 min);0
H;296,4;307,5;1596;35,1;37,133814805206036;-2,0338148052060347;75;Bajo (0-100 min);0
L;296,6;307,6;1498;41,1;41,88746663309341;-0,787466633093409;80;Bajo (0-100 min);0
L;296,7;307,7;1524;36,8;40,6269407828092;-3,826940782809203;82;Bajo (0-100 min);0
L;296,7;307,7;1502;43,9;41,69086742582279;2,209132574177211;84;Bajo (0-100 min);0
L;296,6;307,6;1809;25,1;26,821653165147293;-1,7216531651472913;86;Bajo (0-100 min);0
L;296,6;307,6;1542;37,4;39,750594084717335;-2,3505940847173363;88;Bajo (0-100 min);0
L;296,5;307,6;1431;45,2;45,1133863601212;0,08661363987880577;90;Bajo (0-100 min);0
L;296,5;307,6;1512;43,6;41,18916414401105;2,4108358559889496;92;Bajo (0-100 min);0
H;296,4;307,5;1403;52,8;46,466259838631416;6,333740161368581;94;Bajo (0-100 min);0
L;296,4;307,5;1331;47,8;49,9493631510693;-2,149363151069302;99;Bajo (0-100 min);0
M;296,6;307,7;1474;52,6;43,0228093581714;9,5771906418286;101;Moderado (100-200 min);0
L;296,5;307,6;1607;33,5;36,57942506014025;-3,0794250601402524;104;Moderado (100-200 min);0
L;296,5;307,6;1415;44,2;45,87621875219301;-1,6762187521930088;106;Moderado (100-200 min);0
L;296,6;307,6;1671;28,8;33,488268749472766;-4,6882687494727655;108;Moderado (100-200 min);0
L;296,6;307,7;1556;37,7;39,04489727599083;-1,3448972759908244;110;Moderado (100-200 min);0
L;296,7;307,7;1927;23,9;21,087654857744074;2,812345142255925;112;Moderado (100-200 min);0
M;296,7;307,7;1597;32,1;37,06759944842864;-4,967599448428636;114;Moderado (100-200 min);0
H;296,8;307,8;1627;30,5;35,612607474147765;-5,112607474147765;117;Moderado (100-200 min);0
L;296,8;307,8;1480;39,4;42,72785801410293;-3,3278580141029295;122;Moderado (100-200 min);0
L;296,8;307,8;1565;39,5;38,60992127919186;0,8900787208081411;124;Moderado (100-200 min);0
L;296,8;307,8;1573;36,4;38,220989031198535;-1,8209890311985362;126;Moderado (100-200 min);0
L;296,7;307,8;1605;31,3;36,658487259469446;-5,358487259469445;128;Moderado (100-200 min);0
M;296,7;307,9;1874;21,3;23,61852198109902;-2,3185219810990176;130;Moderado (100-200 min);0
H;296,7;307,9;1424;53,8;45,40915053061549;8,390849469384506;133;Moderado (100-200 min);0
L;296,7;307,9;1420;50,1;45,5991070234377;4,500892976562298;138;Moderado (100-200 min);0
L;296,8;307,9;1372;49,0;47,93346044958751;1,066539550412493;140;Moderado (100-200 min);0
M;296,8;307,8;1664;32,8;33,80195804534569;-1,0019580453456953;142;Moderado (100-200 min);0
M;296,8;307,9;1409;44,3;46,137843124700275;-1,837843124700278;145;Moderado (100-200 min);0
L;296,8;307,9;1718;25,2;31,17114173174184;-5,971141731741842;148;Moderado (100-200 min);0
M;296,9;307,8;1544;40,3;39,61866317873763;0,68133682126237;150;Moderado (100-200 min);0
L;296,9;307,8;1466;45,7;43,393841479768376;2,3061585202316266;153;Moderado (100-200 min);0
L;296,8;307,8;1394;47,7;46,86791719686326;0,8320828031367427;155;Moderado (100-200 min);0
M;296,9;307,8;1840;24,6;25,278527551099227;-0,6785275510992257;157;Moderado (100-200 min);0
M;296,9;307,8;1477;37,2;42,85586531669565;-5,655865316695646;160;Moderado (100-200 min);0
L;296,9;307,8;1425;49,1;45,37189924552041;3,728100754479591;163;Moderado (100-200 min);0
M;297,0;307,9;1414;46,2;45,903232694144734;0,2967673058552691;165;Moderado (100-200 min);0
L;297,0;307,8;1414;47,5;45,91213855717446;1,5878614428255418;168;Moderado (100-200 min);0
L;297,0;307,9;1595;31,7;37,13389269242431;-5,433892692424312;170;Moderado (100-200 min);0
H;296,9;307,8;1345;54,5;49,23942517477717;5,260574825222832;172;Moderado (100-200 min);0
L;296,9;307,7;1653;35,9;34,330809879744436;1,5691901202555627;177;Moderado (100-200 min);0
L;296,8;307,6;1547;36,5;39,462619685264116;-2,962619685264116;179;Moderado (100-200 min);0
H;296,9;307,7;1656;30,8;34,18251756986078;-3,3825175698607772;181;Moderado (100-200 min);0
L;297,0;307,7;1731;28,5;30,557894727295015;-2,0578947272950145;186;Moderado (100-200 min);0
L;297,0;307,8;1774;28,0;28,46279976117666;-0,46279976117666166;188;Moderado (100-200 min);0
L;297,0;307,8;1521;40,2;40,71373986494348;-0,5137398649434743;190;Moderado (100-200 min);0
H;297,1;307,9;1420;39,8;45,60364998658854;-5,803649986588546;192;Moderado (100-200 min);0
L;297,0;307,8;1683;32,3;32,86304061713595;-0,5630406171359539;197;Moderado (100-200 min);0
M;297,0;307,7;1498;47,1;41,83199457990406;5,268005420095939;199;Moderado (100-200 min);0
L;297,0;307,8;1385;56,4;47,29101424182591;9,108985758174086;202;Alto (>200 min);1
L;297,0;307,9;1455;49,0;43,888346273801346;5,111653726198654;204;Alto (>200 min);0
H;296,9;307,8;1549;35,8;39,33443013927493;-3,5344301392749315;206;Alto (>200 min);1
M;296,9;307,8;1392;43,9;47,092555672533955;-3,192555672533956;0;Bajo (0-100 min);0
M;296,9;307,7;2008;17,5;17,26942564022174;0,23057435977825946;3;Bajo (0-100 min);0
L;296,9;307,7;1464;41,4;43,61234538155988;-2,212345381559878;6;Bajo (0-100 min);0
L;297,0;307,7;1447;46,4;44,445411287002536;1,954588712997463;8;Bajo (0-100 min);0
M;296,9;307,6;1685;32,0;32,917772475642934;-0,9177724756429342;10;Bajo (0-100 min);0
M;296,8;307,5;1443;39,2;44,63512431519821;-5,435124315198209;13;Bajo (0-100 min);0
L;296,9;307,5;1354;44,4;48,95429995386172;-4,554299953861722;16;Bajo (0-100 min);0
L;296,9;307,5;2721;9,3;-17,24914005674477;26,549140056744772;18;Bajo (0-100 min);1
L;297,0;307,6;1680;35,8;33,163681983116895;2,636318016883102;20;Bajo (0-100 min);0
H;296,9;307,5;1397;48,3;46,86735924557736;1,4326407544226356;22;Bajo (0-100 min);0
M;296,9;307,4;1521;37,9;40,86961181538703;-2,969611815387033;27;Bajo (0-100 min);0
M;296,8;307,4;1472;43,9;43,229077444180874;0,670922555819125;30;Bajo (0-100 min);0
H;296,8;307,5;1695;30,0;32,416077526825305;-2,4160775268253047;33;Bajo (0-100 min);0
H;296,7;307,5;1607;33,6;36,66275650353664;-3,06275650353664;38;Bajo (0-100 min);0
L;296,8;307,5;1347;54,8;49,26172461054807;5,538275389451925;43;Bajo (0-100 min);0
M;296,7;307,4;1540;38,7;39,913374135698845;-1,2133741356988423;45;Bajo (0-100 min);0
L;296,6;307,4;1389;42,7;47,212559993916194;-4,512559993916192;48;Bajo (0-100 min);0
M;296,6;307,5;1734;27,0;30,492018858328247;-3,4920188583282474;50;Bajo (0-100 min);0
L;296,7;307,6;1540;38,6;39,88503993689899;-1,2850399368989898;53;Bajo (0-100 min);0
M;296,7;307,5;1515;42,1;41,10541314763022;0,9945868523697783;55;Bajo (0-100 min);0
L;296,6;307,4;1504;45,8;41,63575152643227;4,164248473567724;58;Bajo (0-100 min);0
L;296,6;307,5;1557;35,1;39,056370263311614;-3,9563702633116122;60;Bajo (0-100 min);0
L;296,5;307,4;1292;52,5;51,888332191167926;0,611667808832074;62;Bajo (0-100 min);0
H;296,5;307,4;1432;49,2;45,10682082274418;4,09317917725582;64;Bajo (0-100 min);0
M;296,5;307,4;1350;55,6;49,07421043218437;6,525789567815629;69;Bajo (0-100 min);0
M;296,6;307,4;1790;25,8;27,77464095942598;-1,9746409594259795;72;Bajo (0-100 min);0
H;296,4;307,3;1540;37,4;39,868139425652856;-2,4681394256528577;75;Bajo (0-100 min);0
M;296,4;307,3;2077;19,1;13,858207250650402;5,2417927493495995;80;Bajo (0-100 min);0
L;296,4;307,3;1487;37,5;42,42884395819914;-4,928843958199138;83;Bajo (0-100 min);0
L;296,5;307,4;1523;40,7;40,68403181091263;0,015968189087374185;85;Bajo (0-100 min);0
L;296,5;307,5;1443;41,8;44,54565829792262;-2,745658297922624;87;Bajo (0-100 min);0
L;296,5;307,5;1340;59,1;49,53230394665488;9,567696053345124;89;Bajo (0-100 min);0
H;296,6;307,7;1654;31,0;34,31317206408735;-3,3131720640873468;91;Bajo (0-100 min);0
L;296,6;307,6;1459;40,2;43,76415750827053;-3,564157508270526;96;Bajo (0-100 min);0
L;296,5;307,6;1541;38,5;39,780224251529916;-1,2802242515299156;98;Bajo (0-100 min);0
H;296,6;307,7;1386;62,3;47,28528037698742;15,014719623012574;100;Bajo (0-100 min);1
M;296,7;307,8;1258;69,0;53,480508684951474;15,519491315048526;105;Moderado (100-200 min);1
M;296,7;307,8;1375;51,4;47,81210419443729;3,5878958055627095;108;Moderado (100-200 min);0
L;296,8;307,9;1706;30,8;31,78009468038706;-0,980094680387058;111;Moderado (100-200 min);0
M;296,7;307,8;1672;32,4;33,425043147490136;-1,0250431474901376;113;Moderado (100-200 min);0
M;296,8;307,9;1843;25,2;25,141614385476778;0,05838561452322111;116;Moderado (100-200 min);0
L;296,7;307,9;1690;29,6;32,53765750309458;-2,9376575030945773;119;Moderado (100-200 min);0
L;296,8;307,9;1413;46,5;45,96216713059716;0,5378328694028411;121;Moderado (100-200 min);0
L;296,8;307,9;1489;33,4;42,28008806298816;-8,880088062988165;123;Moderado (100-200 min);0
L;296,8;307,9;1271;61,4;52,83602612724691;8,563973872753088;125;Moderado (100-200 min);0
M;296,8;307,9;1418;47,9;45,71551435092155;2,1844856490784466;127;Moderado (100-200 min);0
M;296,9;307,8;1426;50,7;45,348273587279664;5,351726412720339;130;Moderado (100-200 min);0
L;296,9;307,9;1535;39,2;40,05613745575037;-0,856137455750364;133;Moderado (100-200 min);0
L;296,9;307,8;1557;38,1;39,000365070570766;-0,9003650705707642;135;Moderado (100-200 min);0
L;296,9;307,8;1653;29,7;34,34971340895716;-4,649713408957158;137;Moderado (100-200 min);0
L;296,9;307,9;1435;41,6;44,89449079459896;-3,294490794598957;139;Moderado (100-200 min);0
M;297,0;307,9;1569;33,3;38,414833615306826;-5,114833615306829;141;Moderado (100-200 min);0
M;296,9;307,9;1385;44,8;47,312164253631764;-2,5121642536317665;144;Moderado (100-200 min);0
L;297,0;307,9;1635;31,6;35,21403442391716;-3,614034423917161;147;Moderado (100-200 min);0
L;296,9;307,9;1423;43,9;45,4681182990443;-1,5681182990443006;149;Moderado (100-200 min);0
L;297,0;307,9;1479;39,2;42,765894236370144;-3,5658942363701414;151;Moderado (100-200 min);0
L;297,0;307,9;1296;69,1;51,62683026112083;17,473169738879164;153;Moderado (100-200 min);1
L;297,0;307,8;1553;33,3;39,19032989638708;-5,89032989638708;155;Moderado (100-200 min);0
L;297,0;307,9;1529;42,2;40,33995312018417;1,8600468798158332;157;Moderado (100-200 min);0
M;297,1;308,0;1690;25,6;32,54156226036885;-6,941562260368848;159;Moderado (100-200 min);0
L;297,1;308,0;1348;58,0;49,101898802260436;8,898101197739564;162;Moderado (100-200 min);0
L;297,2;308,1;1446;38,5;44,35451161355963;-5,85451161355963;164;Moderado (100-200 min);0
L;297,1;307,9;1456;50,0;43,87976105246954;6,12023894753046;166;Moderado (100-200 min);0
L;297,0;307,9;1350;47,7;49,00041017937225;-1,3004101793722498;168;Moderado (100-200 min);0
L;297,1;307,9;1507;38,3;41,40689451697482;-3,106894516974826;170;Moderado (100-200 min);0
H;297,0;307,9;1448;45,6;44,2513980479667;1,3486019520332988;172;Moderado (100-200 min);0
L;296,9;307,9;1626;29,9;35,61606152441674;-5,7160615244167445;177;Moderado (100-200 min);0
H;297,0;307,9;1846;27,3;24,971542190904795;2,3284578090952053;179;Moderado (100-200 min);0
H;297,0;307,8;1404;40,7;46,38439917104489;-5,684399171044888;184;Moderado (100-200 min);0
L;297,0;307,8;1583;37,2;37,71191642872493;-0,5119164287249305;189;Moderado (100-200 min);0
L;297,0;307,9;1436;47,7;44,81826110565037;2,881738894349631;191;Moderado (100-200 min);0
L;297,0;307,8;1609;35,6;36,44976563573597;-0,8497656357359702;193;Moderado (100-200 min);0
H;297,0;307,7;1834;23,8;25,562981421409603;-1,7629814214096022;195;Moderado (100-200 min);0
L;297,0;307,8;1316;61,2;50,6340929015333;10,565907098466703;200;Moderado (100-200 min);1
L;296,9;307,8;1400;57,1;46,55330238539223;10,546697614607773;202;Alto (>200 min);1
L;296,9;307,9;1367;47,1;48,138783276491395;-1,0387832764913938;204;Alto (>200 min);0
L;297,1;308,1;1754;30,3;29,395643836737268;0,904356163262733;206;Alto (>200 min);0
L;297,1;308,1;1487;34,6;42,32458475630731;-7,7245847563073085;208;Alto (>200 min);0
M;297,1;308,1;1506;37,7;41,40293758161145;-3,702937581611444;210;Alto (>200 min);0
L;297,0;308,1;1362;52,5;48,363123031927174;4,136876968072826;213;Alto (>200 min);1
L;297,1;308,1;1584;36,8;37,621746439014764;-0,8217464390147668;215;Alto (>200 min);0
L;297,0;308,1;1355;43,7;48,69911701904582;-4,999117019045819;217;Alto (>200 min);0
M;297,1;308,1;1823;24,3;26,04429751987672;-1,7442975198767208;219;Alto (>200 min);0
H;297,0;308,1;1517;41,4;40,84992098162978;0,5500790183702193;222;Alto (>200 min);0
L;297,1;308,1;1446;36,6;44,295878075297665;-7,695878075297664;227;Alto (>200 min);0
H;297,1;308,0;1559;38,8;38,833100387397096;-0,03310038739709853;229;Alto (>200 min);0
M;297,1;308,1;1352;44,4;49,01878364655276;-4,618783646552764;0;Bajo (0-100 min);0
M;297,2;308,3;1578;37,8;38,06061957240976;-0,26061957240976596;3;Bajo (0-100 min);0
M;297,2;308,3;1429;42,0;45,27423058215687;-3,274230582156868;6;Bajo (0-100 min);0
M;297,2;308,3;1604;39,4;36,79696556902932;2,6030344309706805;9;Bajo (0-100 min);0
L;297,3;308,5;1398;60,4;46,75996952538588;13,640030474614122;12;Bajo (0-100 min);0
L;297,3;308,4;1441;43,4;44,687195916501445;-1,287195916501446;14;Bajo (0-100 min);0
H;297,3;308,4;1531;35,6;40,32711603308922;-4,727116033089217;16;Bajo (0-100 min);0
L;297,2;308,3;1379;52,1;47,68438798923226;4,415612010767738;21;Bajo (0-100 min);0
L;297,3;308,3;1410;48,1;46,19287966906386;1,907120330936138;23;Bajo (0-100 min);0
L;297,3;308,4;1513;40,5;41,192066920931694;-0,6920669209316941;25;Bajo (0-100 min);0
L;297,3;308,5;1497;47,5;41,95426110712693;5,545738892873068;27;Bajo (0-100 min);0
L;297,3;308,4;1491;46,5;42,25449035355379;4,245509646446209;29;Bajo (0-100 min);0
L;297,3;308,4;1417;47,8;45,83670574097936;1,9632942590206355;31;Bajo (0-100 min);0
M;297,4;308,6;1522;38,0;40,73915746575998;-2,7391574657599804;33;Bajo (0-100 min);0
L;297,3;308,4;1339;52,1;49,61038083161863;2,489619168381374;36;Bajo (0-100 min);0
M;297,2;308,3;1794;27,5;27,573729375309014;-0,07372937530901424;38;Bajo (0-100 min);0
L;297,2;308,4;1460;42,1;43,7354762009818;-1,635476200981799;41;Bajo (0-100 min);0
M;297,2;308,3;1776;28,0;28,441686683934456;-0,4416866839344564;43;Bajo (0-100 min);0
M;297,2;308,3;1431;43,7;45,14730911492673;-1,4473091149267248;46;Bajo (0-100 min);0
L;297,1;308,2;1347;50,8;49,2129374618456;1,5870625381543988;49;Bajo (0-100 min);0
M;297,0;308,1;1507;43,1;41,46273176710397;1,6372682328960337;51;Bajo (0-100 min);0
M;297,0;308,0;1408;47,9;46,266071970456515;1,6339280295434833;54;Bajo (0-100 min);0
M;297,0;307,9;1493;34,7;42,15854430896666;-7,458544308966658;57;Bajo (0-100 min);0
M;296,9;307,9;1441;47,6;44,66329582686119;2,936704173138814;60;Bajo (0-100 min);0
H;296,9;307,9;1557;36,5;39,043319966047235;-2,5433199660472354;63;Bajo (0-100 min);0
M;296,9;307,9;1979;20,4;18,60268020657128;1,79731979342872;68;Bajo (0-100 min);0
M;296,9;308,0;1430;55,9;45,176582417793604;10,723417582206395;71;Bajo (0-100 min);0
L;296,9;308,0;1658;41,0;34,13260003055384;6,867399969446161;74;Bajo (0-100 min);0
M;297,0;308,1;1355;51,4;48,805093351645446;2,594906648354552;76;Bajo (0-100 min);0
H;297,0;308,1;1410;47,6;46,139263902545544;1,4607360974544576;79;Bajo (0-100 min);0
L;296,9;308,0;1521;34,5;40,75980624752799;-6,25980624752799;84;Bajo (0-100 min);0
L;296,8;308,0;1371;54,5;48,011315081240845;6,488684918759155;86;Bajo (0-100 min);0
H;296,9;308,0;1318;53,5;50,5878116558918;2,912188344108202;88;Bajo (0-100 min);0
M;297,0;308,1;1573;34,9;38,2348747886676;-3,334874788667598;93;Bajo (0-100 min);0
L;297,0;308,1;1489;44,1;42,30062486789973;1,7993751321002733;96;Bajo (0-100 min);0
H;297,0;308,1;2540;13,3;-8,599368157433958;21,89936815743396;98;Bajo (0-100 min);0
L;297,0;308,1;1537;39,0;39,970789405918474;-0,9707894059184738;103;Moderado (100-200 min);0
H;296,9;308,0;1416;46,9;45,8290286569416;1,070971343058396;105;Moderado (100-200 min);0
L;296,9;307,9;1359;56,5;48,59686320249298;7,903136797507017;110;Moderado (100-200 min);0
M;296,8;307,8;1551;38,9;39,29694135734399;-0,39694135734399083;112;Moderado (100-200 min);0
M;296,8;307,8;1694;33,0;32,36939249462381;0,6306075053761901;115;Moderado (100-200 min);0
L;296,8;307,9;1709;28,4;31,629547554916172;-3,2295475549161736;118;Moderado (100-200 min);0
L;296,9;308,0;1514;41,0;41,07174886838289;-0,07174886838289041;120;Moderado (100-200 min);0
L;297,0;308,1;1455;43,5;43,927656542618266;-0,4276565426182657;122;Moderado (100-200 min);0
M;297,0;308,2;1702;30,7;31,953121117652913;-1,2531211176529133;124;Moderado (100-200 min);0
M;296,9;308,1;1357;41,8;48,658621816331916;-6,858621816331919;127;Moderado (100-200 min);0
L;297,0;308,2;1577;29,4;38,002190199007266;-8,602190199007268;130;Moderado (100-200 min);0
M;297,0;308,3;1399;46,4;46,60982239663984;-0,2098223966398436;132;Moderado (100-200 min);0
L;297,0;308,3;1399;59,0;46,60756758105261;12,392432418947386;135;Moderado (100-200 min);0
L;297,0;308,3;1492;48,1;42,1022018085397;5,997798191460305;137;Moderado (100-200 min);0
L;297,1;308,3;1763;25,7;28,987822360315995;-3,287822360315996;139;Moderado (100-200 min);0
H;297,1;308,3;1492;41,5;42,11047779868696;-0,6104777986869578;141;Moderado (100-200 min);0
L;297,1;308,4;1488;42,5;42,28927361289222;0,21072638710778335;146;Moderado (100-200 min);0
L;297,1;308,4;1422;42,1;45,484059962715946;-3,384059962715945;148;Moderado (100-200 min);0
M;297,1;308,4;1583;38,2;37,68554737058736;0,514452629412645;150;Moderado (100-200 min);0
L;297,1;308,4;1304;53,5;51,19488024136442;2,305119758635577;153;Moderado (100-200 min);0
M;297,1;308,4;1880;23,5;23,29848632364021;0,20151367635979156;155;Moderado (100-200 min);0
M;297,2;308,5;1604;40,7;36,66265503762985;4,037344962370156;158;Moderado (100-200 min);0
L;297,2;308,6;1500;37,1;41,68581703224962;-4,585817032249622;161;Moderado (100-200 min);0
M;297,2;308,5;1364;55,6;48,28176813970644;7,318231860293558;163;Moderado (100-200 min);0
H;297,2;308,5;2440;14,0;-3,8296922333287355;17,829692233328736;166;Moderado (100-200 min);0
H;297,1;308,4;1654;31,4;34,231330952760416;-2,8313309527604176;171;Moderado (100-200 min);0
H;297,1;308,4;1359;46,6;48,51401868834968;-1,9140186883496781;176;Moderado (100-200 min);0
M;297,1;308,4;1502;37,3;41,584966615238024;-4,284966615238027;181;Moderado (100-200 min);0
M;297,1;308,4;1615;32,6;36,110276643524756;-3,5102766435247545;184;Moderado (100-200 min);0
H;297,2;308,5;1482;39,3;42,54915131038144;-3,2491513103814427;187;Moderado (100-200 min);0
L;297,2;308,6;1636;31,3;35,076223631950285;-3,776223631950284;192;Moderado (100-200 min);0
M;297,1;308,5;1621;32,4;35,80102813474899;-3,401028134748991;194;Moderado (100-200 min);0
L;297,1;308,4;1468;44,4;43,219514341913985;1,1804856580860132;197;Moderado (100-200 min);0
M;297,1;308,4;1432;53,4;44,961441800730796;8,438558199269202;199;Moderado (100-200 min);0
L;297,1;308,4;1726;28,4;30,721169853275818;-2,321169853275819;202;Alto (>200 min);0
M;297,1;308,4;1588;33,4;37,402817541516136;-4,002817541516137;204;Alto (>200 min);0
H;297,2;308,5;1653;33,3;34,252823527727195;-0,9528235277271975;207;Alto (>200 min);0
L;297,2;308,5;1513;42,9;41,02907365978075;1,870926340219249;212;Alto (>200 min);0
L;297,2;308,6;1489;40,2;42,17869688357783;-1,9786968835778254;214;Alto (>200 min);0
L;297,3;308,7;1467;36,8;43,24274525890469;-6,442745258904694;216;Alto (>200 min);0
L;297,3;308,7;1549;36,1;39,27009441309431;-3,1700944130943114;218;Alto (>200 min);0
M;297,4;308,8;1359;48,7;48,470152578059874;0,22984742194012853;220;Alto (>200 min);0
L;297,5;308,8;1533;41,5;40,05259860556278;1,4474013944372217;223;Alto (>200 min);0
L;297,5;308,8;1309;57,3;51,06821961706486;6,231780382935135;0;Bajo (0-100 min);0
H;297,5;308,8;1430;49,4;45,2068522129455;4,1931477870544995;2;Bajo (0-100 min);0
H;297,5;308,9;1419;50,7;45,72464843505237;4,97535156494763;7;Bajo (0-100 min);0
M;297,5;308,9;1535;37,7;40,10316936384693;-2,403169363846928;12;Bajo (0-100 min);0
L;297,5;308,9;1466;43,0;43,442489997575606;-0,44248999757560625;15;Bajo (0-100 min);0
L;297,5;308,9;1427;50,4;45,32970334549311;5,07029665450689;17;Bajo (0-100 min);0
M;297,5;308,9;1280;48,5;52,44720870103549;-3,9472087010354926;19;Bajo (0-100 min);0
L;297,6;309,0;1528;33,8;40,43477545210439;-6,6347754521043925;22;Bajo (0-100 min);0
H;297,6;309,0;1885;25,2;23,14425143873064;2,0557485612693576;24;Bajo (0-100 min);0
H;297,8;309,2;1648;33,0;34,61832211633308;-1,6183221163330828;29;Bajo (0-100 min);0
L;297,8;309,2;1400;56,9;46,62486425601152;10,275135743988479;34;Bajo (0-100 min);0
M;297,8;309,3;2243;15,7;5,78686552970882;9,91313447029118;36;Bajo (0-100 min);0
L;297,9;309,4;1558;35,7;38,95834379109271;-3,258343791092706;39;Bajo (0-100 min);0
L;298,0;309,6;1633;34,8;35,31365440688025;-0,5136544068802493;41;Bajo (0-100 min);0
M;298,1;309,6;1549;38,7;39,39143850223835;-0,6914385022383485;43;Bajo (0-100 min);0
L;298,0;309,5;1496;45,8;41,95577932845007;3,8442206715499267;46;Bajo (0-100 min);0
L;298,1;309,5;1467;41,8;43,3699887902955;-1,569988790295504;48;Bajo (0-100 min);0
M;298,0;309,4;1276;65,9;52,61823212033476;13,281767879665246;50;Bajo (0-100 min);0
H;298,0;309,4;1490;40,5;42,25225054889822;-1,7522505488982176;53;Bajo (0-100 min);0
H;298,0;309,4;1562;38,1;38,76163118450292;-0,6616311845029159;58;Bajo (0-100 min);0
L;298,1;309,4;1397;48,2;46,75987946999246;1,4401205300075404;63;Bajo (0-100 min);0
H;298,1;309,5;1530;40,2;40,30620783085337;-0,10620783085336427;65;Bajo (0-100 min);0
M;298,1;309,4;1362;47,6;48,449620273130336;-0,8496202731303342;70;Bajo (0-100 min);0
M;298,2;309,4;1693;34,4;32,42877143769705;1,9712285623029473;73;Bajo (0-100 min);0
M;298,2;309,4;1408;46,5;46,228676086675506;0,271323913324494;76;Bajo (0-100 min);0
L;298,2;309,4;1398;52,9;46,710707568090584;6,189292431909415;79;Bajo (0-100 min);0
M;298,3;309,6;1531;40,1;40,257157661264756;-0,15715766126475472;81;Bajo (0-100 min);0
H;298,3;309,5;1521;37,1;40,750349821296794;-3,6503498212967926;84;Bajo (0-100 min);0
H;298,3;309,5;1427;54,3;45,29888298713975;9,001117012860249;89;Bajo (0-100 min);0
L;298,3;309,4;1546;36,1;39,543278705450575;-3,443278705450574;94;Bajo (0-100 min);0
L;298,3;309,4;1356;45,4;48,743215138102876;-3,3432151381028774;96;Bajo (0-100 min);0
L;298,4;309,5;2153;15,3;10,144215788940997;5,155784211059004;98;Bajo (0-100 min);1
M;298,5;309,6;1492;41,7;42,154158542715095;-0,45415854271509204;100;Bajo (0-100 min);0
L;298,5;309,6;1582;40,3;37,79332705410713;2,5066729458928663;103;Moderado (100-200 min);0
L;298,5;309,6;1419;41,5;45,68569048485321;-4,185690484853211;105;Moderado (100-200 min);0
M;298,5;309,6;1441;48,2;44,61875742105666;3,581242578943346;107;Moderado (100-200 min);0
M;298,6;309,7;1635;32,2;35,221470175938;-3,021470175937999;110;Moderado (100-200 min);0
L;298,6;309,7;1429;45,8;45,195513078598246;0,604486921401751;113;Moderado (100-200 min);0
M;298,6;309,7;1675;28,4;33,28056696195007;-4,880566961950073;115;Moderado (100-200 min);0
M;298,7;309,7;1868;23,8;23,942869025148596;-0,14286902514859534;118;Moderado (100-200 min);0
H;298,7;309,8;1582;33,4;37,780041625210316;-4,380041625210318;121;Moderado (100-200 min);0
L;298,8;309,9;1486;40,3;42,425553782767004;-2,125553782767007;126;Moderado (100-200 min);0
L;298,7;309,8;1402;54,3;46,4919337348816;7,8080662651183985;128;Moderado (100-200 min);0
L;298,7;309,9;1621;34,1;35,87339994152269;-1,7733999415226904;130;Moderado (100-200 min);0
L;298,8;309,9;1428;42,4;45,22990467420591;-2,8299046742059133;132;Moderado (100-200 min);0
M;298,7;309,8;1343;53,6;49,344713256020746;4,255286743979255;134;Moderado (100-200 min);0
M;298,7;309,9;1458;40,2;43,76200534629006;-3,562005346290057;137;Moderado (100-200 min);0
L;298,7;309,8;1322;57,0;50,357204848551135;6,6427951514488655;140;Moderado (100-200 min);0
L;298,7;309,9;1483;32,8;42,54753157780559;-9,747531577805596;142;Moderado (100-200 min);0
L;298,6;309,8;1505;45,7;41,48047678169577;4,219523218304232;144;Moderado (100-200 min);0
L;298,7;309,9;1593;42,5;37,21737588999728;5,282624110002722;146;Moderado (100-200 min);0
L;298,8;310,0;2098;19,6;12,759536413302687;6,8404635866973145;148;Moderado (100-200 min);0
L;298,8;310,0;1672;30,4;33,38862945520937;-2,98862945520937;150;Moderado (100-200 min);0
L;298,8;310,0;1487;41,4;42,34642273936052;-0,9464227393605213;152;Moderado (100-200 min);0
L;298,8;310,0;1423;42,1;45,444351829783784;-3,3443518297837826;154;Moderado (100-200 min);0
L;298,9;310,1;1750;25,0;29,60680843973021;-4,606808439730209;156;Moderado (100-200 min);0
L;298,9;310,2;1654;31,1;34,24329300194389;-3,1432930019438885;158;Moderado (100-200 min);0
L;298,9;310,2;1498;50,2;41,796656024788355;8,403343975211648;160;Moderado (100-200 min);0
L;298,9;310,1;1587;30,2;37,496165449693315;-7,296165449693316;162;Moderado (100-200 min);0
L;298,9;310,1;1473;42,6;43,0155260251281;-0,4155260251281021;164;Moderado (100-200 min);0
L;298,9;310,2;1359;56,9;48,52372592194593;8,376274078054067;166;Moderado (100-200 min);0
M;299,0;310,3;1635;34,5;35,15604264660412;-0,6560426466041207;168;Moderado (100-200 min);0
L;299,0;310,3;1520;45,0;40,72308024654339;4,27691975345661;171;Moderado (100-200 min);0
L;299,0;310,3;1507;36,7;41,351149222254904;-4,651149222254901;173;Moderado (100-200 min);0
L;299,0;310,3;1428;46,3;45,175507758181624;1,1244922418183734;175;Moderado (100-200 min);0
M;299,0;310,3;1582;33,3;37,71599557395466;-4,41599557395466;177;Moderado (100-200 min);0
L;299,0;310,3;1929;24,4;20,909006252387467;3,4909937476125315;180;Moderado (100-200 min);0
M;299,0;310,3;1540;38,1;39,74623999538562;-1,6462399953856206;182;Moderado (100-200 min);0
L;298,9;310,2;1362;53,0;48,364159534126145;4,635840465873855;185;Moderado (100-200 min);0
H;298,9;310,1;1452;49,9;44,01524032933088;5,884759670669119;187;Moderado (100-200 min);0
L;298,9;310,1;1361;51,7;48,418487606073136;3,2815123939268673;192;Moderado (100-200 min);0
M;298,8;310,1;1243;74,5;54,12028028937862;20,37971971062138;194;Moderado (100-200 min);1
H;298,8;310,1;1567;36,8;38,42714945091673;-1,6271494509167326;197;Moderado (100-200 min);0
L;298,9;310,2;1411;46,5;45,97837939048724;0,5216206095127589;202;Alto (>200 min);0
L;298,8;310,2;1814;26,8;26,448855999972665;0,35114400002733603;204;Alto (>200 min);0
M;298,8;310,1;1719;28,8;31,059233289720027;-2,259233289720026;206;Alto (>200 min);0
H;298,8;310,2;1663;30,4;33,75782105872875;-3,357821058728753;209;Alto (>200 min);0
L;298,9;310,2;1696;30,2;32,167200663572665;-1,9672006635726653;214;Alto (>200 min);0
H;298,9;310,2;1771;26,8;28,533550225663895;-1,733550225663894;216;Alto (>200 min);0
L;299,0;310,3;1868;24,0;23,8323368510761;0,1676631489239;221;Alto (>200 min);0
M;299,0;310,3;1558;35,4;38,843708847756055;-3,4437088477560565;223;Alto (>200 min);0
L;299,0;310,4;1365;49,1;48,17701888569634;0,9229811143036599;226;Alto (>200 min);1
L;299,0;310,4;1371;53,8;47,884943897103476;5,915056102896521;228;Alto (>200 min);1
L;298,9;310,3;1583;32,6;37,61644945794987;-5,016449457949868;230;Alto (>200 min);0
H;298,7;310,2;1613;36,0;36,32505561872012;-0,32505561872012123;0;Bajo (0-100 min);0
L;298,6;310,1;1721;27,2;31,09088385280326;-3,8908838528032597;5;Bajo (0-100 min);0
M;298,6;310,2;1668;31,5;33,64493733790703;-2,144937337907031;7;Bajo (0-100 min);0
L;298,6;310,2;1569;36,3;38,43711686264262;-2,137116862642621;10;Bajo (0-100 min);0
M;298,6;310,2;1328;50,5;50,10691341000667;0,3930865899933309;12;Bajo (0-100 min);0
M;298,6;310,1;1596;33,0;37,13694651337464;-4,136946513374639;15;Bajo (0-100 min);0
L;298,5;310,2;1676;32,7;33,2379582322218;-0,5379582322217971;18;Bajo (0-100 min);0
L;298,5;310,1;1809;28,9;26,806607950316618;2,0933920496833807;20;Bajo (0-100 min);0
L;298,5;310,0;1804;26,1;27,058408567043244;-0,958408567043243;22;Bajo (0-100 min);0
L;298,6;310,1;1533;33,9;40,18118573772748;-6,281185737727483;24;Bajo (0-100 min);0
L;298,7;310,2;1717;27,3;31,268936394806865;-3,968936394806864;26;Bajo (0-100 min);0
L;298,7;310,2;1363;45,5;48,411168098296955;-2,9111680982969546;28;Bajo (0-100 min);0
L;298,7;310,2;1402;45,9;46,520948329596486;-0,6209483295964873;30;Bajo (0-100 min);0
L;298,7;310,2;1436;47,5;44,87287170939717;2,6271282906028333;32;Bajo (0-100 min);0
L;298,7;310,2;1525;43,7;40,561220455685174;3,138779544314829;34;Bajo (0-100 min);0
M;298,7;310,2;1598;33,3;37,02442727717687;-3,724427277176872;36;Bajo (0-100 min);0
M;298,6;310,1;1444;48,1;44,48005970311186;3,6199402968881387;39;Bajo (0-100 min);0
L;298,6;310,0;1334;48,0;49,81611483316694;-1,8161148331669423;42;Bajo (0-100 min);0
M;298,6;310,0;1681;35,5;33,009877116795494;2,4901228832045064;44;Bajo (0-100 min);0
L;298,6;309,9;1593;37,4;37,28050239344551;0,11949760655448927;47;Bajo (0-100 min);0
L;298,6;309,9;1461;45,7;43,671578303484445;2,028421696515558;49;Bajo (0-100 min);0
M;298,7;310,1;1693;31,9;32,4235940563358;-0,5235940563358028;51;Bajo (0-100 min);0
L;298,7;310,2;1404;50,3;46,40605254549822;3,8939474545017774;54;Bajo (0-100 min);0
H;298,8;310,2;1707;27,6;31,74195694686714;-4,14195694686714;56;Bajo (0-100 min);0
M;298,6;310,1;1458;41,9;43,78552357300231;-1,8855235730023097;61;Bajo (0-100 min);0
L;298,6;310,0;1517;41,2;40,93714028371845;0,2628597162815538;64;Bajo (0-100 min);0
L;298,7;310,1;1433;54,6;45,00376370045959;9,596236299540415;66;Bajo (0-100 min);0
L;298,7;310,2;1566;33,1;38,5500920613205;-5,450092061320497;68;Bajo (0-100 min);0
L;298,7;310,1;1676;33,5;33,23260026252062;0,26739973747937995;70;Bajo (0-100 min);0
M;298,7;310,1;1368;56,8;48,14711499980011;8,652885000199888;72;Bajo (0-100 min);0
M;298,8;310,2;1581;37,5;37,829683790377075;-0,32968379037707507;75;Bajo (0-100 min);0
H;298,8;310,3;1708;27,1;31,665832324243624;-4,5658323242436225;78;Bajo (0-100 min);0
M;298,7;310,3;1481;41,5;42,644090829286995;-1,144090829286995;83;Bajo (0-100 min);0
L;298,7;310,3;1451;40,0;44,09469490470668;-4,094694904706678;86;Bajo (0-100 min);0
M;298,7;310,3;1495;38,7;41,96233198750506;-3,262331987505057;88;Bajo (0-100 min);0
M;298,8;310,3;1573;41,8;38,19392646623009;3,6060735337699086;91;Bajo (0-100 min);0
M;298,8;310,3;1366;59,0;48,21639799859056;10,783602001409442;94;Bajo (0-100 min);0
L;298,8;310,3;1553;36,8;39,157989429060244;-2,3579894290602468;97;Bajo (0-100 min);0
M;298,8;310,3;1528;37,1;40,36720196117452;-3,2672019611745213;99;Bajo (0-100 min);0
M;298,8;310,2;1527;31,2;40,42453645390449;-9,224536453904488;102;Moderado (100-200 min);0
L;298,8;310,2;1461;46,7;43,61857119853247;3,0814288014675313;105;Moderado (100-200 min);0
H;298,8;310,2;1455;44,9;43,90763976634237;0,992360233657628;107;Moderado (100-200 min);0
L;298,7;310,1;1620;34,8;35,91303610751236;-1,1130361075123645;112;Moderado (100-200 min);0
L;298,7;310,1;1786;27,7;27,872380366882624;-0,17238036688262426;114;Moderado (100-200 min);0
M;298,8;310,2;1583;35,7;37,7020107179512;-2,002010717951194;116;Moderado (100-200 min);0
L;298,8;310,1;1653;30,3;34,32091250196479;-4,020912501964791;119;Moderado (100-200 min);0
M;298,9;310,2;1331;49,0;49,91354978736078;-0,913549787360779;121;Moderado (100-200 min);0
L;298,9;310,3;1484;43,8;42,49055394902133;1,3094460509786643;124;Moderado (100-200 min);0
M;298,9;310,2;1603;36,1;36,73720448291939;-0,6372044829193868;126;Moderado (100-200 min);0
L;298,9;310,2;1445;40,0;44,38667315996857;-4,3866731599685735;129;Moderado (100-200 min);0
L;298,9;310,1;1823;26,1;26,090308601506933;0,009691398493067993;131;Moderado (100-200 min);0
H;298,9;310,1;1491;45,3;42,16711045159196;3,1328895484080377;133;Moderado (100-200 min);0
L;298,9;310,2;1533;42,8;40,11818929958662;2,6818107004133793;138;Moderado (100-200 min);0
L;298,9;310,2;1409;54,8;46,121836172023706;8,678163827976292;140;Moderado (100-200 min);0
L;298,9;310,2;2737;8,8;-18,1928872802738;26,992887280273802;142;Moderado (100-200 min);1
M;299,0;310,3;1494;46,6;42,00251795903442;4,5974820409655806;144;Moderado (100-200 min);0
L;299,1;310,4;1594;33,3;37,157521905737426;-3,8575219057374284;147;Moderado (100-200 min);0
L;299,1;310,4;1527;44,0;40,40073688526138;3,599263114738619;149;Moderado (100-200 min);0
L;299,1;310,4;1452;39,7;44,03138090238718;-4,331380902387174;151;Moderado (100-200 min);0
L;299,0;310,3;1483;39,2;42,528468438975274;-3,3284684389752712;153;Moderado (100-200 min);0
L;299,1;310,2;1569;38,2;38,38454616391116;-0,18454616391115763;155;Moderado (100-200 min);0
L;299,1;310,3;1472;46,6;43,069459355825074;3,530540644174927;157;Moderado (100-200 min);0
L;299,0;310,2;1533;43,5;40,11368800140626;3,38631199859374;159;Moderado (100-200 min);0
H;298,9;310,1;1366;62,7;48,19964421863999;14,500355781360014;161;Moderado (100-200 min);0
H;298,9;310,2;1532;37,7;40,14557298380607;-2,4455729838060662;166;Moderado (100-200 min);0
M;298,9;310,1;1313;56,8;50,75884554079478;6,041154459205217;171;Moderado (100-200 min);0
L;299,0;310,2;1372;48,0;47,89942330520723;0,10057669479277109;174;Moderado (100-200 min);0
M;298,9;310,1;1555;40,6;39,0353591273603;1,5646408726396999;176;Moderado (100-200 min);0
L;298,9;310,1;1394;42,7;46,83011369351018;-4,130113693510175;179;Moderado (100-200 min);0
L;298,9;310,1;1442;48,0;44,504036257507636;3,495963742492364;181;Moderado (100-200 min);0
L;298,9;310,0;1564;33,8;38,60540090230499;-4,805400902304996;183;Moderado (100-200 min);0
L;298,9;310,0;1452;48,9;44,02790421833932;4,872095781660676;185;Moderado (100-200 min);0
L;298,9;310,1;1466;42,5;43,33723951352765;-0,8372395135276491;187;Moderado (100-200 min);0
M;298,9;310,1;1469;53,2;43,190450414035475;10,009549585964528;189;Moderado (100-200 min);0
L;298,9;310,1;1944;23,4;20,184596490838793;3,215403509161206;192;Moderado (100-200 min);0
M;298,8;309,9;1415;53,2;45,81287733817291;7,387122661827092;194;Moderado (100-200 min);0
M;298,7;309,8;1528;36,7;40,33806563414637;-3,638065634146365;197;Moderado (100-200 min);0
M;298,7;309,8;1570;42,1;38,30180837114946;3,798191628850539;200;Moderado (100-200 min);0
L;298,7;309,9;1617;33,0;36,01224728103445;-3,0122472810344476;203;Alto (>200 min);0
M;298,7;309,9;2083;18,2;13,443002630335585;4,756997369664415;205;Alto (>200 min);0
L;298,7;309,9;1541;38,5;39,689065112273255;-1,189065112273255;208;Alto (>200 min);0
L;298,8;309,9;1320;47,4;50,40157147656293;-3,0015714765629298;210;Alto (>200 min);0
L;298,7;309,8;1354;53,3;48,753373124050334;4,546626875949663;212;Alto (>200 min);1
M;298,8;309,9;1495;35,2;41,92355485823963;-6,7235548582396305;214;Alto (>200 min);0
L;298,7;309,8;1589;31,8;37,36888711851747;-5,56888711851747;217;Alto (>200 min);0
L;298,7;309,8;1530;35,5;40,38927459830708;-4,889274598307082;0;Bajo (0-100 min);0
L;298,7;309,8;1539;33,4;39,95191372061352;-6,55191372061352;2;Bajo (0-100 min);0
L;298,7;309,7;1462;46,8;43,69057567575674;3,109424324243257;4;Bajo (0-100 min);0
L;298,6;309,7;1356;54,0;48,81122480265946;5,18877519734054;6;Bajo (0-100 min);0
M;298,7;309,7;1622;34,6;35,93898850293691;-1,3389885029369069;8;Bajo (0-100 min);0
L;298,7;309,8;1394;40,3;46,967300580385256;-6,667300580385259;11;Bajo (0-100 min);0
L;298,8;309,9;1568;33,7;38,53933753446695;-4,839337534466949;13;Bajo (0-100 min);0
M;298,9;310,0;1456;43,8;43,961962582814536;-0,1619625828145388;15;Bajo (0-100 min);0
L;298,9;310,0;1378;49,3;47,737140883845285;1,562859116154712;18;Bajo (0-100 min);0
M;298,9;309,9;1404;41,4;46,487653979864774;-5,0876539798647755;20;Bajo (0-100 min);0
L;298,8;309,8;1437;42,8;44,887132651856675;-2,0871326518566775;23;Bajo (0-100 min);0
L;298,8;309,8;1363;44,0;48,46934803928224;-4,469348039282238;25;Bajo (0-100 min);0
M;298,8;309,8;1377;49,6;47,78984401308753;1,81015598691247;27;Bajo (0-100 min);0
H;298,8;309,9;1526;42,1;40,560562693549016;1,539437306450985;30;Bajo (0-100 min);0
H;298,8;309,8;1510;44,2;41,342823421390946;2,8571765786090566;35;Bajo (0-100 min);0
H;298,8;309,9;1439;45,2;44,766337425511644;0,4336625744883591;40;Bajo (0-100 min);1
L;298,8;309,9;1482;39,1;42,68014832242302;-3,580148322423021;45;Bajo (0-100 min);0
M;298,8;309,8;1534;37,0;40,17151704623652;-3,1715170462365165;47;Bajo (0-100 min);0
M;298,8;309,9;1741;27,7;30,133375204084633;-2,4333752040846335;50;Bajo (0-100 min);0
L;298,8;309,9;1550;38,8;39,38098866124142;-0,5809886612414203;53;Bajo (0-100 min);0
M;298,8;310,0;1486;38,5;42,46775707304772;-3,9677570730477214;55;Bajo (0-100 min);0
L;298,9;310,1;1602;38,2;36,84790294454703;1,3520970554529725;58;Bajo (0-100 min);0
L;299,0;310,2;1477;37,9;42,900100178997626;-5,000100178997627;60;Bajo (0-100 min);0
L;299,0;310,1;1618;29,2;36,0813208594906;-6,881320859490604;62;Bajo (0-100 min);0
M;299,0;310,2;1628;35,8;35,58437067347986;0,215629326520137;64;Bajo (0-100 min);0
M;299,0;310,3;1662;33,6;33,924381769467836;-0,32438176946783415;67;Bajo (0-100 min);0
M;299,0;310,3;1657;31,0;34,164270102381764;-3,1642701023817636;70;Bajo (0-100 min);0
H;299,0;310,4;1677;30,8;33,182282014172976;-2,3822820141729757;73;Bajo (0-100 min);0
M;299,0;310,3;1447;39,9;44,32826949786422;-4,428269497864221;78;Bajo (0-100 min);0
L;298,9;310,4;1831;25,4;25,70697778784132;-0,3069777878413227;81;Bajo (0-100 min);0
L;299,0;310,3;1584;34,4;37,68978920295394;-3,2897892029539406;83;Bajo (0-100 min);0
L;299,1;310,4;1450;40,9;44,17784410470661;-3,2778441047066096;85;Bajo (0-100 min);0
L;299,1;310,4;1428;46,9;45,241770747720196;1,6582292522798028;87;Bajo (0-100 min);0
L;299,0;310,4;1382;53,0;47,456702092609085;5,543297907390915;89;Bajo (0-100 min);0
L;299,0;310,3;1501;43,0;41,70335262650713;1,296647373492867;91;Bajo (0-100 min);0
L;299,0;310,3;1475;42,4;42,96099378832164;-0,5609937883216389;93;Bajo (0-100 min);0
L;298,9;310,3;1364;54,0;48,32378606372551;5,676213936274493;95;Bajo (0-100 min);0
L;299,0;310,3;1472;36,1;43,10327325663936;-7,0032732566393605;97;Bajo (0-100 min);0
L;299,0;310,3;1437;47,8;44,79677208575595;3,00322791424405;99;Bajo (0-100 min);0
L;298,9;310,2;1491;45,1;42,18000113923875;2,919998860761254;101;Moderado (100-200 min);0
L;298,9;310,2;1706;27,6;31,766342543297718;-4,166342543297716;103;Moderado (100-200 min);0
L;298,8;310,1;1607;39,5;36,55915194091578;2,9408480590842174;105;Moderado (100-200 min);0
L;298,8;310,0;1412;46,3;46,01239220068619;0,287607799313804;107;Moderado (100-200 min);0
L;298,7;309,8;1546;40,9;39,53249155676752;1,3675084432324809;109;Moderado (100-200 min);0
L;298,7;309,8;1365;50,5;48,29657032211774;2,203429677882262;111;Moderado (100-200 min);0
L;298,6;309,8;1544;30,2;39,61505998445478;-9,415059984454782;113;Moderado (100-200 min);0
M;298,6;309,8;1419;44,9;45,6671354865921;-0,7671354865921032;115;Moderado (100-200 min);0
L;298,6;309,8;1497;41,6;41,8874475543869;-0,28744755438690106;118;Moderado (100-200 min);0
L;298,5;309,7;1437;42,6;44,79154039369598;-2,1915403936959805;120;Moderado (100-200 min);0
L;298,5;309,6;1421;53,6;45,57605593712513;8,023944062874868;122;Moderado (100-200 min);0
M;298,5;309,6;1438;44,5;44,751266021829736;-0,25126602182973556;124;Moderado (100-200 min);0
M;298,5;309,5;1315;48,9;50,71689333798781;-1,816893337987814;127;Moderado (100-200 min);0
M;298,5;309,5;1366;61,9;48,244778407688834;13,655221592311165;130;Moderado (100-200 min);0
M;298,4;309,5;1519;35,4;40,82166083703612;-5,4216608370361214;133;Moderado (100-200 min);0
L;298,4;309,5;1692;28,3;32,44125308330903;-4,141253083309028;136;Moderado (100-200 min);0
L;298,3;309,4;1570;35,6;38,3479209640324;-2,747920964032396;138;Moderado (100-200 min);0
L;298,3;309,4;1568;35,8;38,44327501304137;-2,643275013041375;140;Moderado (100-200 min);0
L;298,2;309,3;1355;43,8;48,756948196485695;-4,956948196485698;142;Moderado (100-200 min);0
M;298,2;309,3;2056;18,7;14,806975566232676;3,893024433767323;144;Moderado (100-200 min);0
M;298,2;309,2;1332;60,2;49,878209332229254;10,321790667770749;147;Moderado (100-200 min);0
M;298,1;309,1;1448;52,5;44,25811173910203;8,241888260897973;150;Moderado (100-200 min);0
L;298,0;308,9;1578;35,6;37,97117400878853;-2,371174008788529;153;Moderado (100-200 min);0
M;298,0;309,0;1562;39,2;38,733368194983775;0,4666318050162275;155;Moderado (100-200 min);0
M;298,1;309,0;1976;19,3;18,692943094431378;0,6070569055686228;158;Moderado (100-200 min);0
M;298,2;309,2;1524;34,6;40,56938995704461;-5,969389957044612;161;Moderado (100-200 min);0
L;298,2;309,1;1429;48,5;45,17901564159624;3,320984358403763;164;Moderado (100-200 min);0
L;298,2;309,1;1568;36,3;38,44593290287272;-2,1459329028727225;166;Moderado (100-200 min);0
M;298,2;309,0;1723;26,6;30,94915276756248;-4,3491527675624795;168;Moderado (100-200 min);0
L;298,2;309,0;1341;43,8;49,44663449746328;-5,646634497463282;171;Moderado (100-200 min);0
M;298,1;308,9;1353;46,2;48,86386599835577;-2,6638659983557673;173;Moderado (100-200 min);0
M;298,0;308,7;1479;58,5;42,7706427868432;15,729357213156803;176;Moderado (100-200 min);1
L;298,0;308,8;1496;44,9;41,933940587735094;2,9660594122649044;179;Moderado (100-200 min);0
M;298,0;308,7;1377;48,5;47,706604990287985;0,7933950097120146;181;Moderado (100-200 min);0
H;297,9;308,5;1383;44,6;47,42481734280307;-2,8248173428030654;184;Moderado (100-200 min);0
L;298,0;308,7;1268;69,4;52,979312786047174;16,42068721395283;189;Moderado (100-200 min);1
L;298,0;308,7;1629;34,3;35,4950742538725;-1,1950742538725052;191;Moderado (100-200 min);0
L;298,0;308,8;1790;27,2;27,685400983126954;-0,48540098312695434;193;Moderado (100-200 min);0
M;298,1;308,8;2206;16,3;7,548870228369836;8,751129771630165;195;Moderado (100-200 min);0
M;298,0;308,7;2101;17,4;12,631499798993538;4,768500201006461;198;Moderado (100-200 min);0
M;298,0;308,7;1436;48,2;44,834283734059554;3,365716265940449;201;Alto (>200 min);0
L;298,0;308,7;1462;48,2;43,57288454626634;4,627115453733666;204;Alto (>200 min);0
L;298,0;308,7;1771;26,2;28,606934758503648;-2,406934758503649;206;Alto (>200 min);0
L;298,0;308,7;1506;47,0;41,43901841867323;5,560981581326772;208;Alto (>200 min);0
L;298,0;308,7;1626;36,7;35,62607964425409;1,073920355745912;210;Alto (>200 min);0
L;298,0;308,8;1610;33,7;36,388273830449336;-2,688273830449333;212;Alto (>200 min);0
M;298,0;308,6;1376;55,7;47,74139132714569;7,958608672854311;214;Alto (>200 min);0
M;298,0;308,6;1507;37,3;41,39498602082828;-4,09498602082828;217;Alto (>200 min);0
L;298,0;308,5;1429;37,7;45,18132500047598;-7,481325000475977;220;Alto (>200 min);1
M;298,1;308,7;1547;38,9;39,62106089260835;-0,7210608926083495;0;Bajo (0-100 min);0
L;298,1;308,7;1642;30,3;35,01808625549923;-4,718086255499227;3;Bajo (0-100 min);0
H;298,0;308,7;1503;36,3;41,73688016250954;-5,436880162509546;5;Bajo (0-100 min);0
L;298,1;308,7;1568;32,9;38,596543616946086;-5,696543616946087;10;Bajo (0-100 min);0
M;298,1;308,8;1628;37,6;35,67816194592382;1,9218380540761828;12;Bajo (0-100 min);0
M;298,2;308,9;1614;35,5;36,35402967845309;-0,8540296784530881;15;Bajo (0-100 min);0
L;298,2;308,9;1278;54,0;52,623794442143286;1,3762055578567143;18;Bajo (0-100 min);0
M;298,2;308,9;1408;38,8;46,32656937072184;-7,526569370721845;20;Bajo (0-100 min);0
H;298,2;309,0;1371;55,7;48,10501317542619;7,594986824573816;23;Bajo (0-100 min);0
M;298,2;308,9;1512;38,5;41,28397904033194;-2,7839790403319427;28;Bajo (0-100 min);0
L;298,3;309,1;1472;40,1;43,20783046645025;-3,1078304664502454;31;Bajo (0-100 min);0
M;298,2;308,9;1585;34,3;37,74493104623641;-3,4449310462364124;33;Bajo (0-100 min);0
H;298,2;309,0;1562;37,7;38,845374035137525;-1,1453740351375217;36;Bajo (0-100 min);0
L;298,3;309,0;1519;36,9;40,93532949719896;-4,035329497198958;41;Bajo (0-100 min);0
L;298,2;309,0;1601;35,8;36,951396240458344;-1,1513962404583467;43;Bajo (0-100 min);0
L;298,2;309,0;2449;13,8;-4,117584955728553;17,917584955728554;45;Bajo (0-100 min);0
L;298,1;309,0;1787;27,6;27,929382284502292;-0,3293822845022909;47;Bajo (0-100 min);0
H;298,1;309,1;1425;44,5;45,447882346977266;-0,9478823469772664;49;Bajo (0-100 min);0
L;298,1;309,0;1559;34,0;38,96584861978464;-4,965848619784637;54;Bajo (0-100 min);0
L;298,1;309,0;1557;36,0;39,06120266879361;-3,0612026687936122;56;Bajo (0-100 min);0
L;298,1;309,0;1497;40,5;41,96541724041596;-1,4654172404159596;58;Bajo (0-100 min);0
H;298,1;309,0;1438;41,4;44,82120318233807;-3,4212031823380684;60;Bajo (0-100 min);0
M;298,1;308,9;1417;39,2;45,84560705868116;-6,645607058681158;65;Bajo (0-100 min);0
M;298,0;308,9;1339;51,4;49,60950294878168;1,790497051218317;68;Bajo (0-100 min);0
L;298,0;308,8;1757;29,1;29,37524159711508;-0,27524159711508034;71;Bajo (0-100 min);0
L;298,0;308,8;1581;36,1;37,897177213964156;-1,7971772139641544;73;Bajo (0-100 min);0
M;298,2;308,9;1326;54,4;50,25637872037493;4,143621279625066;75;Bajo (0-100 min);0
M;298,4;309,1;1467;39,6;43,42593058168175;-3,825930581681746;78;Bajo (0-100 min);0
L;298,4;309,1;1798;29,6;27,393799335318242;2,2062006646817593;81;Bajo (0-100 min);0
M;298,5;309,2;1449;46,4;44,29400962262046;2,105990377379541;83;Bajo (0-100 min);0
M;298,4;309,1;1525;39,3;40,61105721750244;-1,3110572175024444;86;Bajo (0-100 min);0
L;298,4;309,0;2304;15,1;2,894060544052657;12,205939455947343;89;Bajo (0-100 min);0
L;298,3;308,9;1379;54,7;47,68891807406108;7,0110819259389245;91;Bajo (0-100 min);0
L;298,4;308,9;1628;34,9;35,639968479242434;-0,7399684792424353;93;Bajo (0-100 min);0
L;298,4;309,0;1474;52,7;43,08531356406948;9,614686435930523;95;Bajo (0-100 min);0
M;298,4;309,0;1544;38,8;39,69380627466187;-0,8938062746618698;97;Bajo (0-100 min);0
L;298,4;308,9;1391;48,4;47,112292481826856;1,2877075181731428;100;Bajo (0-100 min);0
L;298,3;308,9;1348;55,5;49,18193793761506;6,318062062384939;102;Moderado (100-200 min);0
M;298,3;308,8;1349;52,1;49,1431667761403;2,9568332238597037;104;Moderado (100-200 min);0
L;298,4;308,9;1706;29,5;31,852012889884072;-2,3520128898840724;107;Moderado (100-200 min);0
L;298,4;308,9;1638;32,4;35,14365649910826;-2,743656499108262;109;Moderado (100-200 min);0
L;298,4;308,8;1458;40,1;43,87046731337521;-3,7704673133752067;111;Moderado (100-200 min);0
L;298,5;308,9;1781;27,8;28,226638442122567;-0,42663844212256663;113;Moderado (100-200 min);0
L;298,5;308,8;1332;59,1;49,980750645751506;9,119249354248495;115;Moderado (100-200 min);0
M;298,4;308,7;1584;31,7;37,77511101858868;-6,075111018588682;117;Moderado (100-200 min);0
L;298,4;308,6;1491;42,0;42,28787944373984;-0,28787944373983976;120;Moderado (100-200 min);0
H;298,4;308,5;1398;47,1;46,80139947408675;0,29860052591325115;122;Moderado (100-200 min);0
L;298,3;308,4;1585;30,6;37,741365961851685;-7,141365961851683;127;Moderado (100-200 min);0
M;298,2;308,3;1476;43,5;43,01846165647204;0,48153834352795855;129;Moderado (100-200 min);0
L;298,2;308,3;1458;41,8;43,88792217548897;-2,08792217548897;132;Moderado (100-200 min);0
M;298,2;308,4;1510;39,9;41,35696954206854;-1,456969542068542;134;Moderado (100-200 min);0
L;298,2;308,4;1388;53,8;47,26300754990943;6,536992450090565;137;Moderado (100-200 min);0
L;298,2;308,3;2216;16,8;7,173759626344101;9,6262403736559;139;Moderado (100-200 min);0
L;298,2;308,3;1402;51,0;46,593160991940195;4,406839008059805;141;Moderado (100-200 min);0
M;298,0;308,2;2090;19,0;13,261356404546671;5,738643595453329;143;Moderado (100-200 min);0
L;298,0;308,2;1459;42,1;43,817566929804855;-1,7175669298048533;146;Moderado (100-200 min);0
M;298,0;308,1;1403;44,8;46,53922766124323;-1,739227661243234;148;Moderado (100-200 min);0
L;298,1;308,2;1521;39,3;40,82251627334209;-1,5225162733420916;151;Moderado (100-200 min);0
L;298,2;308,2;1407;47,1;46,3531592597071;0,7468407402929031;153;Moderado (100-200 min);0
M;298,1;308,2;1654;35,3;34,37850210242847;0,9214978975715269;155;Moderado (100-200 min);0
L;298,2;308,4;1452;43,5;44,1477915399841;-0,6477915399840981;158;Moderado (100-200 min);0
L;298,3;308,4;1528;37,3;40,47699488330533;-3,1769948833053334;160;Moderado (100-200 min);0
L;298,2;308,3;1230;59,6;54,907101591269246;4,6928984087307555;162;Moderado (100-200 min);0
L;298,2;308,2;1466;42,4;43,48760245024034;-1,0876024502403396;164;Moderado (100-200 min);0
L;298,2;308,2;1478;50,1;42,90495568344609;7,195044316553911;166;Moderado (100-200 min);0
L;298,2;308,3;2057;18,0;14,852115198004217;3,147884801995783;168;Moderado (100-200 min);0
L;298,3;308,4;1490;41,7;42,309766759956666;-0,6097667599566634;170;Moderado (100-200 min);0
L;298,3;308,4;1484;43,4;42,598835327766565;0,8011646722334334;172;Moderado (100-200 min);0
L;298,3;308,4;1593;37,0;37,31861148004997;-0,31861148004996664;174;Moderado (100-200 min);0
L;298,3;308,3;1444;43,8;44,54413477360977;-0,7441347736097725;176;Moderado (100-200 min);0
M;298,3;308,4;1444;47,5;44,53147088460133;2,968529115398667;178;Moderado (100-200 min);0
M;298,2;308,3;1560;33,0;38,9113732914741;-5,911373291474099;181;Moderado (100-200 min);0
H;298,1;308,3;1530;42,0;40,35069495596357;1,6493050440364314;184;Moderado (100-200 min);0
L;298,2;308,4;1310;61,0;51,00135719634882;9,99864280365118;189;Moderado (100-200 min);1
M;298,2;308,3;1639;33,3;35,07799549319848;-1,7779954931984818;191;Moderado (100-200 min);0
L;298,2;308,3;1400;48,7;46,650183175966326;2,0498168240336767;194;Moderado (100-200 min);0
M;298,3;308,4;1486;44,2;42,4839395436683;1,7160604563317037;196;Moderado (100-200 min);0
M;298,2;308,3;1448;43,3;44,321850924376555;-1,0218509243765581;199;Moderado (100-200 min);0
L;298,2;308,3;1688;32,0;32,696724980734025;-0,6967249807340252;202;Alto (>200 min);0
M;298,1;308,3;1453;41,5;44,06466733896647;-2,5646673389664727;204;Alto (>200 min);0
L;298,2;308,4;1497;37,7;41,93167454888237;-4,231674548882367;207;Alto (>200 min);0
L;298,2;308,4;1355;49,4;48,80703675592361;0,5929632440763868;209;Alto (>200 min);0
L;298,1;308,4;1592;38,2;37,31666589564729;0,8833341043527128;211;Alto (>200 min);0
L;298,0;308,3;1544;34,7;39,63961517855359;-4,939615178553588;213;Alto (>200 min);0
M;298,0;308,2;1373;51,2;47,93056832551847;3,269431674481531;215;Alto (>200 min);0
L;298,0;308,2;1365;52,9;48,31574254753309;4,5842574524669075;218;Alto (>200 min);1
L;298,0;308,1;1877;24,3;23,69529475230382;0,604705247696181;0;Bajo (0-100 min);0
L;297,9;308,1;1531;40,8;40,43881500726184;0,36118499273815985;2;Bajo (0-100 min);0
L;297,9;308,0;1501;36,7;41,901331366494226;-5,201331366494223;4;Bajo (0-100 min);0
L;297,9;308,0;1490;46,2;42,432543082805275;3,7674569171947283;6;Bajo (0-100 min);0
M;297,8;307,8;1543;43,7;39,87536144460527;3,824638555394735;8;Bajo (0-100 min);0
L;297,8;307,8;1597;38,2;37,2579606252056;0,9420393747944047;11;Bajo (0-100 min);0
H;297,8;307,9;1600;33,5;37,10001084709647;-3,6000108470964705;13;Bajo (0-100 min);0
M;297,8;307,8;1622;32,1;36,04198364632965;-3,9419836463296463;18;Bajo (0-100 min);0
L;297,8;307,8;1452;39,8;44,2725958797816;-4,472595879781601;21;Bajo (0-100 min);0
L;297,8;307,8;1396;42,5;46,983095932603014;-4,483095932603014;23;Bajo (0-100 min);0
L;297,8;307,7;1505;39,7;41,714032763503376;-2,014032763503373;25;Bajo (0-100 min);0
L;297,8;307,8;1412;48,3;46,20523143661636;2,0947685633836386;27;Bajo (0-100 min);0
L;297,8;307,7;1393;38,0;47,135032869146215;-9,135032869146215;29;Bajo (0-100 min);0
L;297,7;307,7;1581;34,9;38,01766486418118;-3,1176648641811795;31;Bajo (0-100 min);0
L;297,8;307,8;1573;37,9;38,40371242370481;-0,5037124237048118;33;Bajo (0-100 min);0
M;297,8;307,9;1726;27,3;30,98146819056111;-3,681468190561109;35;Bajo (0-100 min);0
M;297,9;307,9;1540;39,8;39,99822091014697;-0,19822091014697207;38;Bajo (0-100 min);0
L;297,9;308,0;1296;62,9;51,80139106279901;11,098608937200986;41;Bajo (0-100 min);0
M;297,8;307,9;1802;25,8;27,294879491777664;-1,494879491777663;43;Bajo (0-100 min);0
L;297,8;307,9;1447;48,6;44,48478821977224;4,11521178022776;46;Bajo (0-100 min);0
H;297,8;307,8;1662;30,7;34,08229030244817;-3,3822903024481725;48;Bajo (0-100 min);0
L;297,8;307,8;1563;34,3;38,87296661679227;-4,572966616792272;53;Bajo (0-100 min);0
L;297,9;307,8;1286;59,5;52,29747624429484;7,202523755705158;55;Bajo (0-100 min);0
L;297,9;307,7;1590;34,6;37,58483028365026;-2,984830283650261;57;Bajo (0-100 min);0
L;297,9;307,7;1492;43,7;42,32933278388136;1,3706672161186404;59;Bajo (0-100 min);0
L;297,7;307,6;1844;21,9;25,26954777576527;-3,3695477757652696;61;Bajo (0-100 min);0
H;297,7;307,6;1538;38,3;40,0872052536443;-1,7872052536443022;63;Bajo (0-100 min);0
L;297,7;307,6;1921;22,9;21,535282052477328;1,3647179475226707;68;Bajo (0-100 min);0
M;297,8;307,8;1310;57,9;51,112632642622955;6,787367357377043;70;Bajo (0-100 min);0
L;297,9;307,8;1365;46,9;48,45808560445328;-1,5580856044532823;73;Bajo (0-100 min);0
M;297,9;307,8;1303;59,3;51,45915743547609;7,840842564523911;75;Bajo (0-100 min);0
L;297,9;307,8;1499;37,5;41,96489119864369;-4,464891198643691;78;Bajo (0-100 min);0
L;297,9;307,8;1451;38,2;44,28796221386327;-6,087962213863264;80;Bajo (0-100 min);0
M;297,9;307,9;1336;54,4;49,844590740381335;4,5554092596186635;82;Bajo (0-100 min);0
L;297,9;307,9;1412;44,5;46,161760067576594;-1,6617600675765942;85;Bajo (0-100 min);0
L;298,0;308,0;1433;39,2;45,14337736579354;-5,943377365793538;87;Bajo (0-100 min);0
L;297,9;307,9;1426;43,6;45,4807528309904;-1,8807528309903958;89;Bajo (0-100 min);0
L;297,9;307,9;1476;45,2;43,0578181355874;2,1421818644126063;91;Bajo (0-100 min);0
H;297,9;307,9;1406;58,5;46,44631900421204;12,053680995787957;93;Bajo (0-100 min);0
L;297,8;307,8;1383;56,5;47,55629772902536;8,94370227097464;98;Bajo (0-100 min);0
L;297,9;307,8;1505;37,3;41,657784106135985;-4,357784106135988;100;Bajo (0-100 min);0
L;297,9;307,8;1665;33,9;33,90770014370763;-0,007700143707630502;102;Moderado (100-200 min);0
L;297,9;307,8;1397;45,0;46,88506969297791;-1,8850696929779076;104;Moderado (100-200 min);0
M;297,9;307,8;1450;43,5;44,31684910847421;-0,8168491084742087;106;Moderado (100-200 min);0
L;298,0;307,8;1567;36,4;38,65972702889025;-2,2597270288902536;109;Moderado (100-200 min);0
M;298,0;308,0;1555;37,0;39,21704601766762;-2,21704601766762;111;Moderado (100-200 min);0
H;298,0;307,8;1588;35,4;37,6389677792067;-2,2389677792067033;114;Moderado (100-200 min);0
L;298,0;307,8;1453;37,7;44,1730747627591;-6,473074762759097;119;Moderado (100-200 min);0
L;298,0;307,8;1622;33,3;35,98713313302867;-2,6871331330286736;121;Moderado (100-200 min);0
L;297,9;307,8;1538;38,5;40,04235240652632;-1,5423524065263194;123;Moderado (100-200 min);0
M;297,9;307,7;1527;42,8;40,58472480145433;2,215275198545669;125;Moderado (100-200 min);0
L;297,8;307,8;1761;28,9;29,227727546465996;-0,3277275464659972;128;Moderado (100-200 min);0
L;297,9;307,8;1373;50,2;48,027815070694146;2,172184929305857;130;Moderado (100-200 min);0
H;298,0;307,9;1482;37,8;42,747712955290815;-4,947712955290818;132;Moderado (100-200 min);0
M;298,0;307,9;1417;51,0;45,89181585982709;5,108184140172909;137;Moderado (100-200 min);0
L;298,0;307,8;1414;51,7;46,046007611957506;5,6539923880424965;140;Moderado (100-200 min);0
H;297,9;307,8;1635;34,0;35,330494826884866;-1,3304948268848662;142;Moderado (100-200 min);0
L;298,0;307,8;1386;57,3;47,396748007193764;9,903251992806233;147;Moderado (100-200 min);0
L;298,2;308,1;1379;62,3;47,72332799071347;14,576672009286526;149;Moderado (100-200 min);0
M;298,2;308,0;1577;35,9;38,14411677829332;-2,244116778293325;151;Moderado (100-200 min);0
L;298,2;308,1;1532;42,5;40,3099896205995;2,1900103794004977;154;Moderado (100-200 min);0
M;298,1;308,0;1374;48,8;47,960088170531165;0,8399118294688321;156;Moderado (100-200 min);0
H;298,1;308,0;1570;35,3;38,46582193369878;-3,16582193369878;159;Moderado (100-200 min);0
L;298,1;308,0;1697;31,0;32,311627935790796;-1,3116279357907956;164;Moderado (100-200 min);0
L;298,2;308,0;1499;44,1;41,910275816975165;2,189724183024836;166;Moderado (100-200 min);0
M;298,2;308,0;1411;47,2;46,17049202020396;1,029507979796044;168;Moderado (100-200 min);0
H;298,2;307,9;1462;45,5;43,70953776852194;1,7904622314780596;171;Moderado (100-200 min);0
M;298,1;307,9;1759;28,6;29,311194310644566;-0,7111943106445651;176;Moderado (100-200 min);0
L;298,2;308,0;1535;38,0;40,157074280222226;-2,1570742802222256;179;Moderado (100-200 min);0
H;298,2;307,9;1491;39,7;42,29759145525784;-2,5975914552578345;181;Moderado (100-200 min);0
L;298,2;307,9;1551;36,0;39,3881156472653;-3,388115647265302;186;Moderado (100-200 min);0
L;298,2;307,9;1769;27,2;28,82917116222358;-1,6291711622235816;188;Moderado (100-200 min);0
L;298,2;307,9;1551;34,1;39,385109226482335;-5,285109226482334;190;Moderado (100-200 min);0
L;298,2;307,9;1544;31,4;39,72260642399246;-8,322606423992461;192;Moderado (100-200 min);0
L;298,2;307,8;1528;31,1;40,50712196742162;-9,407121967421617;194;Moderado (100-200 min);0
L;298,1;307,9;1614;35,8;36,31831351326314;-0,5183135132631449;196;Moderado (100-200 min);0
L;298,1;307,8;1432;49,8;45,141981586930555;4,658018413069442;198;Moderado (100-200 min);0
M;298,1;307,8;1384;43,7;47,46505260215013;-3,765052602150128;200;Moderado (100-200 min);0
L;298,1;307,8;1540;37,8;39,907931553326954;-2,1079315533269565;203;Alto (>200 min);0
L;298,0;307,7;1407;43,9;46,34731436075285;-2,4473143607528485;205;Alto (>200 min);0
H;297,9;307,6;1418;43,0;45,81297449134556;-2,8129744913455568;207;Alto (>200 min);0
M;297,9;307,5;1647;30,8;34,730220942631036;-3,930220942631035;212;Alto (>200 min);0
L;298,0;307,5;1644;32,8;34,88453442707473;-2,084534427074736;215;Alto (>200 min);0
L;298,0;307,5;1792;27,9;27,715594021049142;0,1844059789508563;217;Alto (>200 min);0
M;297,9;307,4;1610;34,6;36,52797968378633;-1,927979683786326;219;Alto (>200 min);0
M;297,8;307,3;1804;26,0;27,13044897404113;-1,1304489740411299;222;Alto (>200 min);0
H;297,9;307,4;1604;36,1;36,81404183081326;-0,7140418308132581;225;Alto (>200 min);1
M;297,9;307,4;1403;52,8;46,71730756960153;6,082692430398467;0;Bajo (0-100 min);0
L;297,8;307,3;1438;44,5;45,019928982192965;-0,5199289821929653;3;Bajo (0-100 min);0
L;297,9;307,3;1824;26,3;26,33625711844276;-0,036257118442758696;5;Bajo (0-100 min);0
H;297,9;307,3;1663;28,7;34,131763289788374;-5,431763289788375;7;Bajo (0-100 min);0
L;297,9;307,3;1502;36,7;41,92501464554677;-5,225014645546764;12;Bajo (0-100 min);0
L;297,9;307,4;1606;35,5;36,87577326771436;-1,375773267714358;14;Bajo (0-100 min);0
L;297,9;307,5;1561;37,7;39,04239771521629;-1,3423977152162863;16;Bajo (0-100 min);0
M;297,9;307,4;1435;42,9;45,154062525670795;-2,254062525670797;18;Bajo (0-100 min);0
L;297,9;307,5;1602;38,3;37,053065871528126;1,246934128471871;21;Bajo (0-100 min);0
M;298,1;307,6;1764;27,7;29,21752879294281;-1,5175287929428123;23;Bajo (0-100 min);0
H;298,0;307,5;1683;27,8;33,13787125076098;-5,33787125076098;26;Bajo (0-100 min);0
L;298,0;307,5;1618;35,2;36,28197415529725;-1,081974155297246;31;Bajo (0-100 min);0
L;298,0;307,6;1509;41,6;41,54803090361392;0,05196909638608105;33;Bajo (0-100 min);0
L;297,9;307,6;1550;39,0;39,549671464582765;-0,5496714645827652;35;Bajo (0-100 min);0
M;297,9;307,6;1519;44,0;41,04945577489842;2,9505442251015808;37;Bajo (0-100 min);0
L;297,9;307,6;1481;38,0;42,88748888791995;-4,88748888791995;40;Bajo (0-100 min);0
L;298,1;307,7;1289;48,3;52,19568672321621;-3,8956867232162153;42;Bajo (0-100 min);0
M;298,0;307,6;1844;23,8;25,316172296883565;-1,516172296883564;44;Bajo (0-100 min);0
L;298,0;307,7;1479;42,5;42,979206643263495;-0,4792066432634954;47;Bajo (0-100 min);0
L;298,0;307,7;1430;47,3;45,350706288183304;1,9492937118166935;49;Bajo (0-100 min);0
M;298,1;307,8;1636;36,7;35,373027091857615;1,3269729081423876;51;Bajo (0-100 min);0
M;298,1;307,8;1503;44,7;41,81178002640104;2,8882199735989644;54;Bajo (0-100 min);0
M;298,1;307,8;1608;32,6;36,72451909228962;-4,124519092289617;57;Bajo (0-100 min);0
L;298,2;307,8;1521;42,9;40,94683747155266;1,9531625284473364;60;Bajo (0-100 min);0
L;298,2;307,8;1439;41,6;44,91648189658007;-3,316481896580072;62;Bajo (0-100 min);0
L;298,2;307,8;1627;31,5;35,810396302545264;-4,310396302545264;64;Bajo (0-100 min);0
L;298,2;307,8;1749;26,1;29,90060026872567;-3,800600268725667;66;Bajo (0-100 min);0
L;298,2;307,8;1530;35,9;40,504966962684655;-4,6049669626846566;68;Bajo (0-100 min);0
L;298,2;307,8;1355;51,3;48,9784739498335;2,321526050166497;70;Bajo (0-100 min);0
L;298,3;307,9;1551;33,8;39,48508105051012;-5,685081050510121;72;Bajo (0-100 min);0
L;298,2;307,8;1515;46,7;41,226886777013654;5,473113222986349;74;Bajo (0-100 min);0
L;298,2;307,8;1388;48,6;47,37581953855144;1,2241804614485616;76;Bajo (0-100 min);0
L;298,2;307,8;1585;34,6;37,83387627721456;-3,2338762772145557;78;Bajo (0-100 min);0
L;298,1;307,7;1523;37,7;40,834826375924095;-3,134826375924092;80;Bajo (0-100 min);0
L;298,2;307,6;1369;54,5;48,313775228915276;6,186224771084724;82;Bajo (0-100 min);0
M;298,2;307,7;1681;31,0;33,19137887343494;-2,1913788734349424;84;Bajo (0-100 min);0
L;298,2;307,7;1503;38,3;41,80942014448873;-3,509420144488736;87;Bajo (0-100 min);0
L;298,2;307,7;1459;44,5;43,93877664090739;0,5612233590926081;89;Bajo (0-100 min);0
L;298,2;307,7;1688;32,4;32,84711722916314;-0,44711722916314045;91;Bajo (0-100 min);0
M;298,2;307,7;1952;21,6;20,060455777910818;1,5395442220891837;93;Bajo (0-100 min);0
L;298,2;307,8;2029;19,9;16,318035796788884;3,5819642032111148;96;Bajo (0-100 min);0
M;298,3;307,8;1457;52,5;44,02899118585944;8,47100881414056;98;Bajo (0-100 min);0
M;298,3;307,8;1392;50,4;47,1745973007872;3,2254026992128004;101;Moderado (100-200 min);0
L;298,3;307,8;1906;22,1;22,280026819281524;-0,18002681928152242;104;Moderado (100-200 min);0
M;298,3;307,7;1602;33,4;37,01198771637706;-3,611987716377058;106;Moderado (100-200 min);0
L;298,3;307,7;1465;49,4;43,6444551697214;5,755544830278602;109;Moderado (100-200 min);0
M;298,3;307,7;1439;43,8;44,90209633153591;-1,1020963315359111;111;Moderado (100-200 min);0
M;298,3;307,8;1330;55,4;50,16740147465684;5,232598525343157;114;Moderado (100-200 min);0
M;298,3;307,9;1485;42,0;42,64754837691694;-0,6475483769169372;117;Moderado (100-200 min);0
H;298,4;307,9;1700;28,2;32,24442058671039;-4,044420586710391;120;Moderado (100-200 min);0
L;298,4;308,0;1515;42,8;41,18879837665735;1,6112016233426445;125;Moderado (100-200 min);0
M;298,5;308,1;1501;39,2;41,86541771438236;-2,6654177143823574;127;Moderado (100-200 min);0
L;298,4;308,0;1380;47,6;47,72290536020975;-0,1229053602097494;130;Moderado (100-200 min);0
L;298,4;307,9;1544;35,9;39,79026755759744;-3,89026755759744;132;Moderado (100-200 min);0
L;298,4;307,9;1743;27,3;30,151467036860097;-2,8514670368600967;134;Moderado (100-200 min);0
H;298,4;307,9;1948;21,4;20,222094737921374;1,1779052620786246;136;Moderado (100-200 min);0
H;298,5;307,9;1260;54,2;53,54851635663143;0,6514836433685716;141;Moderado (100-200 min);0
M;298,5;307,9;1640;33,1;35,14187904456516;-2,0418790445651567;146;Moderado (100-200 min);0
M;298,5;308,0;1363;49,2;48,5431939773248;0,6568060226752053;149;Moderado (100-200 min);0
L;298,5;308,0;1379;49,6;47,76608108653389;1,833918913466114;152;Moderado (100-200 min);0
M;298,5;308,0;1713;25,8;31,589415556265436;-5,7894155562654355;154;Moderado (100-200 min);0
M;298,5;308,0;1461;51,9;43,79117542513628;8,108824574863718;157;Moderado (100-200 min);0
L;298,5;308,0;1624;29,8;35,895053968411496;-6,095053968411495;160;Moderado (100-200 min);0
L;298,4;308,0;1526;41,1;40,62827405771236;0,471725942287641;162;Moderado (100-200 min);0
L;298,4;307,9;2381;14,2;-0,7685468677591842;14,968546867759184;164;Moderado (100-200 min);0
H;298,4;307,7;1626;31,1;35,815886702757226;-4,715886702757224;166;Moderado (100-200 min);0
L;298,3;307,7;1576;33,8;38,22227775085982;-4,42227775085982;171;Moderado (100-200 min);0
M;298,4;307,8;1617;31,6;36,235322455072144;-4,635322455072142;173;Moderado (100-200 min);0
L;298,3;307,6;1942;20,6;20,504801933213724;0,09519806678627774;176;Moderado (100-200 min);0
L;298,2;307,6;1492;37,2;42,2848996769957;-5,084899676995697;178;Moderado (100-200 min);0
L;298,2;307,5;1470;51,3;43,35998699862625;7,9400130013737495;180;Moderado (100-200 min);0
M;298,0;307,4;1463;46,5;43,68608005289288;2,8139199471071166;182;Moderado (100-200 min);0
L;298,0;307,3;1424;46,5;45,5837024742316;0,9162975257683996;185;Moderado (100-200 min);0
M;298,1;307,4;1363;60,1;48,53646740786745;11,563532592132553;187;Moderado (100-200 min);0
M;298,1;307,4;1335;56,2;49,89021422388667;6,30978577611333;190;Moderado (100-200 min);0
L;298,1;307,4;1608;33,9;36,66694350013654;-2,7669435001365414;193;Moderado (100-200 min);0
H;298,0;307,4;1606;35,2;36,75101513821529;-1,5510151382152841;195;Moderado (100-200 min);0
L;298,1;307,5;1684;33,1;32,96994572793187;0,13005427206812925;200;Moderado (100-200 min);0
L;298,1;307,6;1950;20,3;20,075266338662132;0,22473366133786854;202;Alto (>200 min);0
H;298,2;307,6;1460;48,6;43,815074092313786;4,784925907686215;204;Alto (>200 min);0
L;298,2;307,6;1511;31,0;41,341455951623324;-10,341455951623324;209;Alto (>200 min);1
H;298,2;307,6;1318;55,7;50,84526696967788;4,854733030322123;0;Bajo (0-100 min);0
L;298,2;307,6;1368;51,8;48,42007745868764;3,3799225413123537;5;Bajo (0-100 min);0
M;298,3;307,7;1717;27,1;31,51710421522901;-4,41710421522901;7;Bajo (0-100 min);0
M;298,3;307,7;1520;41,4;41,05528945058718;0,34471054941281665;10;Bajo (0-100 min);0
M;298,3;307,8;1485;42,0;42,73687599589106;-0,7368759958910616;13;Bajo (0-100 min);0
L;298,4;307,9;1981;23,2;18,714142581302806;4,485857418697194;16;Bajo (0-100 min);0
H;298,4;307,9;1605;31,0;36,92180413819797;-5,92180413819797;18;Bajo (0-100 min);0
L;298,4;307,9;1446;45,3;44,6181982345559;0,6818017654440993;23;Bajo (0-100 min);0
L;298,4;308,0;1508;47,9;41,602959304133165;6,2970406958668335;25;Bajo (0-100 min);0
L;298,5;308,0;1384;59,5;47,61788858750049;11,882111412499512;27;Bajo (0-100 min);0
M;298,5;308,0;1519;37,3;41,078520367577894;-3,7785203675778973;29;Bajo (0-100 min);0
L;298,5;308,0;1404;48,1;46,64555796751716;1,454442032482838;32;Bajo (0-100 min);0
L;298,5;308,1;1564;31,1;38,884313326471855;-7,784313326471853;34;Bajo (0-100 min);0
H;298,6;308,2;1555;36,8;39,31878951569572;-2,5187895156957225;36;Bajo (0-100 min);0
L;298,6;308,2;1325;54,0;50,45361632077001;3,54638367922999;41;Bajo (0-100 min);0
M;298,6;308,2;1488;44,0;42,55824646924096;1,441753530759037;43;Bajo (0-100 min);0
L;298,5;308,2;1595;32,3;37,36284586479885;-5,062845864798852;46;Bajo (0-100 min);0
L;298,5;308,1;1662;28,6;34,12778514310888;-5,527785143108879;48;Bajo (0-100 min);0
L;298,4;308,0;1571;37,4;38,5331655031251;-1,133165503125099;50;Bajo (0-100 min);0
H;298,3;308,0;1553;41,0;39,39209521640754;1,6079047835924598;52;Bajo (0-100 min);0
L;298,3;308,0;2886;3,8;-25,16702619997836;28,96702619997836;57;Bajo (0-100 min);1
L;298,2;308,0;1538;38,2;40,10198101461057;-1,9019810146105698;59;Bajo (0-100 min);0
L;298,4;308,2;1618;33,0;36,22643089282719;-3,2264308928271888;61;Bajo (0-100 min);0
L;298,4;308,2;1364;45,9;48,52579962629424;-2,6257996262942385;63;Bajo (0-100 min);0
L;298,3;308,0;1442;47,3;44,75790224558847;2,542097754411529;65;Bajo (0-100 min);0
L;298,2;307,9;1313;67,3;51,003570534213445;16,296429465786552;67;Bajo (0-100 min);1
L;298,2;307,9;1847;23,6;25,141179063898903;-1,5411790638989018;69;Bajo (0-100 min);0
L;298,1;307,8;1524;40,8;40,78200151436859;0,017998485631409267;71;Bajo (0-100 min);0
M;298,1;307,7;1445;48,0;44,61752072891227;3,382479271087732;73;Bajo (0-100 min);0
L;298,1;307,8;1761;28,2;29,300658249435262;-1,1006582494352628;76;Bajo (0-100 min);0
M;298,1;307,8;1514;43,5;41,2610265750007;2,238973424999301;78;Bajo (0-100 min);0
M;298,1;307,7;1498;38,3;42,04479051323412;-3,744790513234122;81;Bajo (0-100 min);0
H;298,1;307,6;1542;37,1;39,92283666945371;-2,8228366694537073;84;Bajo (0-100 min);0
M;298,0;307,6;1508;41,8;41,554369642352604;0,24563035764739283;89;Bajo (0-100 min);0
M;298,0;307,5;1431;52,9;45,29227999230008;7,607720007699918;92;Bajo (0-100 min);0
M;298,0;307,5;1427;45,1;45,483739695513776;-0,38373969551377485;95;Bajo (0-100 min);0
M;298,0;307,5;1524;36,3;40,7839077990042;-4,4839077990042;98;Bajo (0-100 min);0
M;298,0;307,5;1427;43,6;45,479230064339326;-1,8792300643393247;101;Moderado (100-200 min);0
H;298,1;307,6;1496;44,1;42,13552153174947;1,9644784682505332;104;Moderado (100-200 min);0
L;298,1;307,7;1388;40,3;47,350894834778686;-7,050894834778688;109;Moderado (100-200 min);0
L;298,1;307,7;1495;48,1;42,167528246462545;5,932471753537456;111;Moderado (100-200 min);0
H;298,1;307,7;1376;56,2;47,92903197039848;8,27096802960152;113;Moderado (100-200 min);0
H;298,0;307,6;1593;32,2;37,4161395671565;-5,216139567156496;118;Moderado (100-200 min);0
L;298,0;307,6;1654;28,9;34,45823512946373;-5,558235129463732;123;Moderado (100-200 min);0
L;298,1;307,7;2567;12,8;-9,758485264924865;22,558485264924865;125;Moderado (100-200 min);1
L;298,1;307,7;1767;27,0;28,982915284868;-1,9829152848679996;127;Moderado (100-200 min);0
L;298,1;307,6;1364;53,8;48,509310522286334;5,290689477713663;129;Moderado (100-200 min);0
M;298,1;307,8;1569;31,2;38,5576168661137;-7,357616866113698;131;Moderado (100-200 min);0
L;298,2;307,8;1476;36,8;43,07050702357812;-6,270507023578126;134;Moderado (100-200 min);0
L;298,1;307,7;1479;45,0;42,92359619177269;2,0764038082273117;136;Moderado (100-200 min);0
L;298,1;307,7;1650;34,1;34,6407973026418;-0,5407973026417991;138;Moderado (100-200 min);0
M;298,1;307,6;1565;36,3;38,766888295386856;-2,466888295386859;140;Moderado (100-200 min);0
L;298,1;307,6;1460;46,5;43,849639598323826;2,650360401676174;143;Moderado (100-200 min);0
L;298,1;307,7;1664;27,6;33,957535250468375;-6,3575352504683735;145;Moderado (100-200 min);0
M;298,1;307,7;1435;40,9;45,04618824142966;-4,1461882414296625;147;Moderado (100-200 min);0
M;298,1;307,6;2066;19,2;14,496628763613987;4,703371236386012;150;Moderado (100-200 min);0
L;298,1;307,5;1493;43,7;42,25513944487576;1,4448605551242437;153;Moderado (100-200 min);0
L;298,1;307,6;1354;43,3;48,97405508419935;-5,6740550841993525;155;Moderado (100-200 min);0
L;298,1;307,6;1488;39,4;42,48311549397698;-3,083115493976983;157;Moderado (100-200 min);0
L;298,1;307,7;1414;48,7;46,0541702027856;2,645829797214404;159;Moderado (100-200 min);0
L;298,1;307,5;1391;57,4;47,18884683273333;10,211153167266666;161;Moderado (100-200 min);0
M;298,0;307,5;1784;27,8;28,143609739221056;-0,34360973922105487;163;Moderado (100-200 min);0
H;297,8;307,3;1516;40,1;41,119984218669046;-1,0199842186690447;166;Moderado (100-200 min);0
M;297,9;307,3;1420;47,8;45,77665705484268;2,0233429451573173;171;Moderado (100-200 min);0
L;297,8;307,2;1351;56,3;49,115855956258095;7,184144043741902;174;Moderado (100-200 min);0
L;297,8;307,2;1880;23,0;23,495607634444706;-0,49560763444470624;176;Moderado (100-200 min);0
L;297,8;307,3;1859;24,0;24,499944969141104;-0,4999449691411044;178;Moderado (100-200 min);0
M;297,8;307,3;1315;54,0;50,84361631567498;3,1563836843250215;180;Moderado (100-200 min);0
M;297,8;307,4;1330;51,7;50,10377137596734;1,596228624032662;183;Moderado (100-200 min);0
L;297,8;307,3;1327;61,0;50,257963128097764;10,742036871902236;186;Moderado (100-200 min);1
L;297,8;307,2;1498;38,1;41,98632491758383;-3,8863249175838277;188;Moderado (100-200 min);0
H;297,8;307,3;1555;35,8;39,21322913566225;-3,413229135662256;190;Moderado (100-200 min);0
L;297,7;307,2;1518;35,8;41,0012086762788;-5,201208676278803;195;Moderado (100-200 min);0
L;297,7;307,2;1392;43,0;47,101712808116346;-4,101712808116346;197;Moderado (100-200 min);0
M;297,8;307,2;1456;39,6;44,01205970784035;-4,412059707840349;199;Moderado (100-200 min);0
L;297,7;307,1;1715;30,2;31,61849231712005;-1,4184923171200516;0;Bajo (0-100 min);0
M;297,7;307,2;1405;43,7;46,618703635183046;-2,918703635183043;2;Bajo (0-100 min);0
L;297,7;307,2;1668;37,8;33,87971920843521;3,9202807915647853;5;Bajo (0-100 min);0
H;297,7;307,1;1855;22,5;24,833222922717596;-2,333222922717596;7;Bajo (0-100 min);0
L;297,6;307,1;1496;39,2;42,204060548191386;-3,004060548191383;12;Bajo (0-100 min);0
M;297,6;307,1;1471;44,9;43,413273080305665;1,486726919694334;14;Bajo (0-100 min);0
L;297,7;307,2;1444;40,0;44,71871299893793;-4,7187129989379315;17;Bajo (0-100 min);0
H;297,7;307,3;1514;38,6;41,31604503091335;-2,7160450309133495;19;Bajo (0-100 min);0
L;297,8;307,3;1412;50,7;46,26328964528838;4,436710354711622;24;Bajo (0-100 min);0
H;297,7;307,2;1429;44,1;45,43837799767971;-1,3383779976797072;26;Bajo (0-100 min);0
L;297,7;307,2;1668;32,7;33,86017747334592;-1,160177473345918;31;Bajo (0-100 min);0
M;297,7;307,2;1372;52,8;48,193548654222646;4,6064513457773515;33;Bajo (0-100 min);0
M;297,7;307,3;1365;49,2;48,51913356792007;0,6808664320799309;36;Bajo (0-100 min);0
M;297,6;307,1;1526;39,1;40,73090831689944;-1,6309083168994363;39;Bajo (0-100 min);0
L;297,6;307,2;1486;40,6;42,654638010704474;-2,0546380107044726;42;Bajo (0-100 min);0
M;297,6;307,2;1470;42,6;43,42799287551668;-0,8279928755166779;44;Bajo (0-100 min);0
H;297,7;307,3;1249;62,8;54,12858695599364;8,671413044006357;47;Bajo (0-100 min);0
M;297,8;307,4;1752;26,1;29,765349923112296;-3,665349923112295;52;Bajo (0-100 min);0
L;297,7;307,4;1643;36,5;35,03053333391996;1,469466666080038;55;Bajo (0-100 min);0
M;297,8;307,4;1488;36,1;42,54675013799442;-6,446750137994421;57;Bajo (0-100 min);0
L;297,8;307,4;1355;45,8;48,985503072537846;-3,1855030725378484;60;Bajo (0-100 min);0
L;297,8;307,6;1607;30,3;36,75766382045437;-6,457663820454368;62;Bajo (0-100 min);0
M;297,9;307,6;1609;30,3;36,67058576159265;-6,370585761592647;64;Bajo (0-100 min);0
L;297,9;307,7;1517;44,4;41,11260419980967;3,287395800190332;67;Bajo (0-100 min);0
M;297,9;307,7;1517;39,5;41,11110098941818;-1,6111009894181834;69;Bajo (0-100 min);0
L;297,9;307,7;1546;37,6;39,704415912524276;-2,1044159125242743;72;Bajo (0-100 min);0
L;297,9;307,7;1567;34,7;38,685911478427954;-3,9859114784279512;74;Bajo (0-100 min);0
M;298,1;307,9;1662;28,9;34,08393191114112;-5,183931911141123;76;Bajo (0-100 min);0
L;298,1;307,9;1502;41,8;41,830257847590765;-0,030257847590767994;79;Bajo (0-100 min);0
L;298,3;308,0;1361;56,9;48,66859556817526;8,231404431824735;81;Bajo (0-100 min);0
M;298,3;308,1;1630;32,7;35,62863028980483;-2,928630289804829;83;Bajo (0-100 min);0
L;298,3;308,0;1486;42,3;42,61125882966775;-0,3112588296677501;86;Bajo (0-100 min);0
L;298,3;308,1;1840;21,5;25,45486002677773;-3,9548600267777303;88;Bajo (0-100 min);0
L;298,3;308,1;1326;58,4;50,34567248230469;8,054327517695306;90;Bajo (0-100 min);0
L;298,4;308,1;1367;57,8;48,36987786513398;9,430122134866018;92;Bajo (0-100 min);0
L;298,4;308,1;1598;32,7;37,18136119398927;-4,481361193989265;94;Bajo (0-100 min);0
L;298,3;308,0;1363;50,1;48,560464230838676;1,5395357691613256;96;Bajo (0-100 min);0
L;298,3;308,0;1242;62,0;54,41882521417507;7,581174785824928;98;Bajo (0-100 min);0
M;298,2;307,8;1566;33,8;38,73748492721261;-4,937484927212616;100;Bajo (0-100 min);0
M;298,1;307,7;1424;47,7;45,61197379674485;2,088026203255154;103;Moderado (100-200 min);0
M;298,2;307,7;1608;33,8;36,71013352724544;-2,910133527245442;106;Moderado (100-200 min);0
L;298,1;307,7;1705;29,1;31,99901921980564;-2,8990192198056377;109;Moderado (100-200 min);0
L;298,0;307,6;1548;45,8;39,60068914003706;6,199310859962935;111;Moderado (100-200 min);0
M;298,0;307,6;1581;43,4;38,00104114953797;5,39895885046203;113;Moderado (100-200 min);0
M;298,0;307,6;1472;46,7;43,27750697127586;3,4224930287241406;116;Moderado (100-200 min);0
M;298,0;307,6;1792;26,0;27,7780906516149;-1,7780906516148995;119;Moderado (100-200 min);0
L;298,0;307,6;1683;32,8;33,05455647335279;-0,2545564733527925;122;Moderado (100-200 min);0
L;297,9;307,6;1503;40,7;41,758924198072556;-1,0589241980725532;124;Moderado (100-200 min);0
M;297,9;307,5;1642;32,4;35,037002137966;-2,6370021379660002;126;Moderado (100-200 min);0
M;297,8;307,4;1902;24,3;22,4431818680056;1,8568181319944017;129;Moderado (100-200 min);0
H;297,7;307,4;1432;40,2;45,19110060059645;-4,991100600596447;132;Moderado (100-200 min);0
L;297,8;307,4;1512;40,8;41,32433460952953;-0,5243346095295323;137;Moderado (100-200 min);0
L;297,7;307,4;1764;29,0;29,10753430374975;-0,10753430374974826;139;Moderado (100-200 min);0
M;297,8;307,4;1438;43,6;44,90504678656362;-1,305046786563615;141;Moderado (100-200 min);0
L;297,8;307,5;1631;29,9;35,54490576021496;-5,644905760214961;144;Moderado (100-200 min);0
H;297,9;307,5;1880;23,3;23,495956165396315;-0,19595616539631422;146;Moderado (100-200 min);0
L;297,9;307,6;1344;54,3;49,43878298012416;4,861217019875838;151;Moderado (100-200 min);0
L;297,9;307,5;1574;35,8;38,309855617296634;-2,509855617296637;153;Moderado (100-200 min);0
L;297,8;307,4;1418;41,2;45,86309690782784;-4,6630969078278355;155;Moderado (100-200 min);0
L;297,8;307,5;1372;54,1;48,078149985029995;6,021850014970006;157;Moderado (100-200 min);0
L;297,8;307,5;1388;40,0;47,30178869943482;-7,301788699434823;159;Moderado (100-200 min);0
H;297,9;307,6;1493;36,0;42,2154011028324;-6,215401102832402;161;Moderado (100-200 min);0
M;297,9;307,6;1505;40,1;41,63049952045093;-1,530499520450931;166;Moderado (100-200 min);0
L;298,0;307,6;1694;29,1;32,48651610245038;-3,386516102450379;169;Moderado (100-200 min);0
L;297,9;307,6;1968;20,4;19,20428594326553;1,1957140567344702;171;Moderado (100-200 min);0
M;298,0;307,6;1569;35,6;38,53708839419622;-2,9370883941962163;173;Moderado (100-200 min);0
L;297,9;307,6;1687;29,1;32,808972863051565;-3,7089728630515637;176;Moderado (100-200 min);0
L;297,9;307,6;1430;52,4;45,25362748561931;7,146372514380687;178;Moderado (100-200 min);0
L;297,9;307,6;1504;42,4;41,668405677410775;0,7315943225892241;180;Moderado (100-200 min);0
L;297,9;307,6;1977;20,2;18,76016061881029;1,43983938118971;182;Moderado (100-200 min);0
L;298,0;307,7;1435;45,6;45,00709643825698;0,5929035617430216;184;Moderado (100-200 min);0
H;298,0;307,7;1547;36,8;39,58158670143968;-2,781586701439686;186;Moderado (100-200 min);0
M;298,1;307,8;1316;57,2;50,764963868527474;6,435036131472529;191;Moderado (100-200 min);0
M;298,0;307,7;1621;34,9;35,991855262056696;-1,091855262056697;194;Moderado (100-200 min);0
M;298,0;307,8;1492;40,2;42,225732999182235;-2,0257329991822317;197;Moderado (100-200 min);0
L;298,0;307,7;1643;32,3;34,921915777477174;-2,6219157774771773;200;Moderado (100-200 min);0
L;298,0;307,7;1492;38,7;42,23313565182049;-3,533135651820487;202;Alto (>200 min);0
L;298,0;307,7;1387;50,8;47,3166385599532;3,4833614400467994;204;Alto (>200 min);0
M;298,1;307,9;1463;47,3;43,62352054604052;3,6764794539594803;206;Alto (>200 min);0
M;298,1;307,9;1496;40,0;42,180206436255766;-2,180206436255766;0;Bajo (0-100 min);0
L;298,2;308,0;1658;30,0;34,33263534154447;-4,332635341544467;3;Bajo (0-100 min);0
L;298,1;307,9;2161;17,5;9,971409659623816;7,528590340376184;5;Bajo (0-100 min);0
L;298,1;307,9;1665;32,0;33,990506780546625;-1,9905067805466246;7;Bajo (0-100 min);0
L;298,0;307,8;1716;26,6;31,519021723130116;-4,919021723130115;9;Bajo (0-100 min);0
L;298,0;307,7;1529;34,1;40,584832945298686;-6,484832945298685;11;Bajo (0-100 min);0
L;297,9;307,7;1353;50,7;49,09548615121753;1,6045138487824744;13;Bajo (0-100 min);0
L;297,9;307,7;1537;37,7;40,18311507598364;-2,4831150759836405;15;Bajo (0-100 min);0
L;298,0;307,7;1606;30,8;36,85131882720649;-6,05131882720649;17;Bajo (0-100 min);0
H;298,0;307,8;1314;47,8;50,97981481066533;-3,1798148106653343;19;Bajo (0-100 min);0
L;298,0;307,8;1623;29,9;36,011610207315414;-6,111610207315415;24;Bajo (0-100 min);0
M;298,0;307,8;1483;50,9;42,7901151549562;8,109884845043801;26;Bajo (0-100 min);0
M;298,1;307,9;1569;37,0;38,623119917462425;-1,6231199174624251;29;Bajo (0-100 min);0
M;298,2;308,0;1969;21,7;19,249534954096287;2,4504650459037123;32;Bajo (0-100 min);0
M;298,1;308,0;1686;29,3;32,94129993274405;-3,641299932744051;35;Bajo (0-100 min);0
L;298,1;308,0;1638;35,1;35,26361934276788;-0,16361934276788048;38;Bajo (0-100 min);0
L;298,1;307,9;1698;33,3;32,367559028979535;0,932440971020462;40;Bajo (0-100 min);0
M;298,1;307,9;1377;55,1;47,91164595236202;7,188354047637979;42;Bajo (0-100 min);0
M;298,1;308,0;2129;18,4;11,479900923584548;6,92009907641545;45;Bajo (0-100 min);0
L;298,2;308,0;1411;42,4;46,260684643693;-3,8606846436929985;48;Bajo (0-100 min);0
L;298,1;307,9;1517;40,8;41,12562495276383;-0,32562495276383174;50;Bajo (0-100 min);0
M;298,1;307,9;1303;53,9;51,48784849822165;2,4121515017783466;52;Bajo (0-100 min);0
L;298,1;307,9;1578;35,6;38,16772051507106;-2,567720515071059;55;Bajo (0-100 min);0
L;298,1;307,9;1425;58,2;45,575797648814834;12,624202351185168;57;Bajo (0-100 min);0
L;298,1;308,0;1456;42,4;44,061846239099246;-1,6618462390992477;59;Bajo (0-100 min);0
L;298,1;308,0;1704;30,9;32,050042863050614;-1,150042863050615;61;Bajo (0-100 min);0
L;298,1;308,1;1791;27,3;27,82408819012212;-0,5240881901221179;63;Bajo (0-100 min);0
L;298,1;308,1;1616;32,8;36,29759517727096;-3,4975951772709664;65;Bajo (0-100 min);0
L;298,2;308,1;1622;34,9;36,01680259960832;-1,1168025996083202;67;Bajo (0-100 min);0
L;298,2;308,1;1462;49,9;43,7638801412537;6,136119858746298;69;Bajo (0-100 min);0
L;298,1;308,1;1410;45,8;46,26938326434398;-0,4693832643439819;71;Bajo (0-100 min);0
M;298,1;308,0;1543;41,9;39,83803298243881;2,0619670175611873;73;Bajo (0-100 min);0
M;298,0;307,9;1479;47,6;42,93508873535306;4,664911264646939;76;Bajo (0-100 min);0
L;298,0;307,8;1839;22,7;25,50968790629983;-2,809687906299832;79;Bajo (0-100 min);0
L;298,0;307,8;1266;60,5;53,257789514140384;7,242210485859616;81;Bajo (0-100 min);0
L;297,9;307,7;1593;34,9;37,42000265946028;-2,520002659460282;83;Bajo (0-100 min);0
L;297,9;307,8;1459;46,9;43,896775150282714;3,0032248497172844;85;Bajo (0-100 min);0
L;297,9;307,7;1308;55,2;51,21915570324299;3,980844296757013;87;Bajo (0-100 min);0
M;297,9;307,7;1364;46,8;48,5056492296386;-1,7056492296386025;89;Bajo (0-100 min);0
H;297,9;307,7;1618;35,9;36,20252247019285;-0,30252247019284795;92;Bajo (0-100 min);0
H;297,9;307,7;1464;43,2;43,656773418049625;-0,4567734180496217;97;Bajo (0-100 min);0
M;297,8;307,6;1352;49,4;49,07690018618345;0,3230998138165475;102;Moderado (100-200 min);0
L;297,8;307,6;1446;51,4;44,52235417877456;6,877645821225435;105;Moderado (100-200 min);0
L;297,8;307,5;1448;51,2;44,43515438759958;6,764845612400421;107;Moderado (100-200 min);0
L;297,8;307,5;1391;48,6;47,19408307012123;1,4059169298787708;109;Moderado (100-200 min);0
L;297,7;307,5;1379;43,3;47,762441005202284;-4,462441005202287;111;Moderado (100-200 min);0
M;297,8;307,5;1405;46,9;46,51307583353504;0,38692416646495786;113;Moderado (100-200 min);0
L;297,8;307,5;1581;33,1;37,98738219070725;-4,88738219070725;116;Moderado (100-200 min);0
L;297,9;307,6;1515;40,5;41,18229027284424;-0,6822902728442415;118;Moderado (100-200 min);0
L;297,9;307,6;1589;37,8;37,597068464635704;0,20293153536429287;120;Moderado (100-200 min);0
L;298,0;307,6;1281;50,8;52,52286561284542;-1,7228656128454247;122;Moderado (100-200 min);0
H;297,8;307,5;1631;31,3;35,55993786412979;-4,2599378641297925;124;Moderado (100-200 min);0
M;297,9;307,6;1202;67,0;56,33218371186321;10,667816288136791;129;Moderado (100-200 min);0
L;297,9;307,6;1298;52,7;51,680780445053855;1,0192195549461474;132;Moderado (100-200 min);0
L;297,9;307,6;1612;30,7;36,47268750879002;-5,772687508790018;134;Moderado (100-200 min);0
L;297,9;307,6;1747;25,3;29,933319288867423;-4,633319288867423;136;Moderado (100-200 min);0
L;298,0;307,6;1450;48,7;44,32640151037461;4,373598489625394;138;Moderado (100-200 min);0
L;298,0;307,7;1422;45,6;45,669739252972626;-0,0697392529726244;140;Moderado (100-200 min);0
M;298,1;307,7;1419;47,4;45,82480434261206;1,5751956573879369;142;Moderado (100-200 min);0
M;298,1;307,7;1633;30,7;35,45882277117552;-4,75882277117552;145;Moderado (100-200 min);0
L;298,0;307,7;1442;43,6;44,69515381740208;-1,0951538174020783;148;Moderado (100-200 min);0
H;298,0;307,6;1420;45,8;45,77024113903262;0,029758860967376677;150;Moderado (100-200 min);0
M;298,0;307,6;1301;58,5;51,52949004738133;6,97050995261867;155;Moderado (100-200 min);0
L;298,0;307,6;1385;45,0;47,45923033697475;-2,4592303369747484;158;Moderado (100-200 min);0
M;298,0;307,7;1487;41,3;42,506846218542805;-1,2068462185428075;160;Moderado (100-200 min);0
M;298,0;307,6;1459;44,4;43,87175371317898;0,528246286821016;163;Moderado (100-200 min);0
M;298,0;307,5;1387;45,5;47,36752091462531;-1,8675209146253096;166;Moderado (100-200 min);0
L;298,1;307,7;1537;40,8;40,08993269769984;0,7100673023001605;169;Moderado (100-200 min);0
L;298,1;307,6;1498;42,9;41,98830672423429;0,9116932757657068;171;Moderado (100-200 min);0
M;298,2;307,8;1599;31,2;37,08447296781584;-5,884472967815842;173;Moderado (100-200 min);0
H;298,3;307,9;1420;39,2;45,75106460088314;-6,551064600883137;176;Moderado (100-200 min);0
L;298,2;307,9;1785;23,4;28,059574323390088;-4,659574323390089;181;Moderado (100-200 min);0
L;298,2;307,8;1423;48,1;45,60039574309898;2,499604256901023;183;Moderado (100-200 min);0
M;298,2;307,8;1583;36,6;37,85031178067062;-1,2503117806706214;185;Moderado (100-200 min);0
L;298,2;307,8;1375;46,6;47,92121194273133;-1,3212119427313311;188;Moderado (100-200 min);0
M;298,3;308,0;1463;42,5;43,64695037241588;-1,1469503724158798;190;Moderado (100-200 min);0
M;298,2;307,9;1403;45,1;46,550291606529214;-1,4502916065292126;193;Moderado (100-200 min);0
L;298,3;308,0;1451;47,1;44,223584297644194;2,876415702355807;196;Moderado (100-200 min);0
M;298,4;308,0;1416;38,2;45,928365537691;-7,728365537690998;198;Moderado (100-200 min);1
L;298,3;308,1;1672;41,3;33,65701107364174;7,642988926358257;0;Bajo (0-100 min);0
H;298,3;308,0;1637;30,8;35,36167058137528;-4,561670581375278;2;Bajo (0-100 min);0
L;298,4;308,0;1540;37,8;40,066772047249145;-2,266772047249148;7;Bajo (0-100 min);0
L;298,4;308,1;1279;53,1;52,69398051000084;0,40601948999916004;9;Bajo (0-100 min);0
L;298,4;308,2;1604;34,9;36,94201196841752;-2,042011968417519;11;Bajo (0-100 min);0
L;298,5;308,2;1654;27,1;34,53035968394474;-7,430359683944737;13;Bajo (0-100 min);0
M;298,5;308,2;1564;37,5;38,887433146574;-1,387433146573997;15;Bajo (0-100 min);0
L;298,5;308,2;1451;47,5;44,35761348711281;3,1423865128871924;18;Bajo (0-100 min);0
L;298,5;308,3;1504;38,0;41,77823222399215;-3,7782322239921484;20;Bajo (0-100 min);0
M;298,5;308,3;1381;50,5;47,73345046672901;2,7665495332709895;22;Bajo (0-100 min);0
L;298,6;308,4;1562;34,4;38,96573540771335;-4,565735407713355;25;Bajo (0-100 min);0
L;298,5;308,3;1811;24,7;26,905381669651213;-2,2053816696512136;27;Bajo (0-100 min);0
M;298,6;308,3;1717;28,7;31,46745206201162;-2,767452062011621;29;Bajo (0-100 min);0
L;298,6;308,3;1278;60,5;52,725365684825555;7,7746343151744455;32;Bajo (0-100 min);0
L;298,7;308,5;1616;30,2;36,343946689452494;-6,143946689452495;34;Bajo (0-100 min);0
L;298,6;308,4;1397;46,4;46,94819165109821;-0,5481916510982145;36;Bajo (0-100 min);0
L;298,6;308,4;1485;42,9;42,684969027086446;0,2150309729135529;38;Bajo (0-100 min);0
L;298,6;308,4;1310;59,7;51,15847601423529;8,541523985764712;40;Bajo (0-100 min);0
L;298,5;308,2;1301;66,3;51,603869417449566;14,696130582550431;42;Bajo (0-100 min);1
L;298,5;308,3;1458;44,0;43,98791066550494;0,012089334495058779;44;Bajo (0-100 min);0
L;298,7;308,5;1483;42,5;42,77593517723423;-0,27593517723423133;46;Bajo (0-100 min);0
L;298,7;308,5;1375;46,4;48,00472397446764;-1,604723974467639;48;Bajo (0-100 min);0
M;298,7;308,5;1660;27,0;34,20106129951048;-7,201061299510478;50;Bajo (0-100 min);0
H;298,7;308,4;1560;33,3;39,05283013256326;-5,752830132563261;53;Bajo (0-100 min);0
L;298,7;308,5;1480;42,2;42,91220180398602;-0,7122018039860194;58;Bajo (0-100 min);0
L;298,7;308,4;1373;46,9;48,103722650136156;-1,2037226501361573;60;Bajo (0-100 min);0
L;298,7;308,5;1444;54,2;44,65262605241135;9,547373947588653;62;Bajo (0-100 min);0
M;298,7;308,6;1722;24,7;31,176803106738845;-6,476803106738846;64;Bajo (0-100 min);0
L;298,7;308,5;1469;39,9;43,43815228392688;-3,538152283926884;67;Bajo (0-100 min);0
M;298,7;308,5;1360;52,9;48,715369710860514;4,184630289139484;69;Bajo (0-100 min);0
L;298,7;308,4;1750;25,8;29,83710999080038;-4,037109990800378;72;Bajo (0-100 min);0
M;298,7;308,3;1349;46,6;49,266647968818255;-2,6666479688182534;74;Bajo (0-100 min);0
L;298,7;308,5;1668;35,2;33,7933389216236;1,406661078376402;77;Bajo (0-100 min);0
L;298,9;308,6;1400;49,5;46,78211261413737;2,717887385862632;79;Bajo (0-100 min);0
L;298,8;308,6;1331;62,8;50,11090244213156;12,689097557868436;81;Bajo (0-100 min);0
L;298,8;308,5;1444;42,2;44,648124754231;-2,448124754230996;83;Bajo (0-100 min);0
H;298,8;308,5;1359;47,6;48,7630550683591;-1,1630550683590997;85;Bajo (0-100 min);0
M;298,8;308,5;1425;47,4;45,56300748216518;1,8369925178348154;90;Bajo (0-100 min);0
M;298,9;308,6;1469;34,2;43,43001469208108;-9,230014692081077;93;Bajo (0-100 min);0
L;299,0;308,7;1892;22,8;22,94257124560965;-0,1425712456096484;96;Bajo (0-100 min);0
H;299,0;308,7;1940;19,9;20,616493809607107;-0,7164938096071083;98;Bajo (0-100 min);0
L;299,0;308,8;1405;55,2;46,51089199463472;8,689108005365284;103;Moderado (100-200 min);0
M;299,0;308,9;1449;39,6;44,36736839881614;-4,767368398816139;105;Moderado (100-200 min);0
L;299,1;308,9;1686;29,6;32,898810755204536;-3,298810755204535;108;Moderado (100-200 min);0
L;299,1;308,9;1680;27,2;33,18787932301443;-5,987879323014429;110;Moderado (100-200 min);0
M;299,1;308,9;1397;52,4;46,89167831778816;5,508321682211836;112;Moderado (100-200 min);0
M;299,2;309,0;1597;30,3;37,20381929446811;-6,903819294468111;115;Moderado (100-200 min);0
L;299,3;309,1;1470;41,1;43,35212218312342;-2,2521221831234186;118;Moderado (100-200 min);0
M;299,3;309,1;1703;31,3;32,06674825257824;-0,7667482525782425;120;Moderado (100-200 min);0
L;299,3;309,1;1388;45,5;47,3195117925636;-1,8195117925636026;123;Moderado (100-200 min);0
L;299,3;309,2;1775;24,2;28,56496820956599;-4,3649682095659905;125;Moderado (100-200 min);0
L;299,3;309,2;1465;41,5;43,57634020624594;-2,0763402062459377;127;Moderado (100-200 min);0
M;299,3;309,2;1586;37,9;37,714972802126574;0,18502719787342414;129;Moderado (100-200 min);0
M;299,5;309,3;1675;29,2;33,41397408646233;-4,213974086462333;132;Moderado (100-200 min);0
M;299,4;309,2;1470;44,4;43,339466627109076;1,060533372890923;135;Moderado (100-200 min);0
L;299,5;309,3;1477;40,4;42,99833313593351;-2,5983331359335082;138;Moderado (100-200 min);0
L;299,5;309,3;1382;61,0;47,59754974706391;13,402450252936092;140;Moderado (100-200 min);0
M;299,6;309,4;1605;29,8;36,79658384583431;-6,996583845834312;142;Moderado (100-200 min);0
L;299,6;309,4;1643;32,9;34,95404110163833;-2,054041101638333;145;Moderado (100-200 min);0
L;299,5;309,3;1333;54,1;49,96529136600501;4,13470863399499;147;Moderado (100-200 min);0
L;299,5;309,3;1520;42,3;40,907634401670435;1,3923655983295617;149;Moderado (100-200 min);0
M;299,5;309,3;1902;24,0;22,406394645790925;1,5936053542090747;151;Moderado (100-200 min);0
H;299,5;309,4;1386;44,4;47,38215207690565;-2,982152076905649;154;Moderado (100-200 min);0
L;299,6;309,5;1803;27,7;27,183777198244112;0,5162228017558874;159;Moderado (100-200 min);0
L;299,7;309,6;1359;50,7;48,68470730706821;2,0152926929317942;161;Moderado (100-200 min);0
M;299,7;309,6;1477;42,7;42,96862579204953;-0,2686257920495265;163;Moderado (100-200 min);0
L;299,7;309,6;1321;53,4;50,52123720969825;2,8787627903017494;166;Moderado (100-200 min);0
L;299,6;309,5;1453;41,4;44,12703314656309;-2,7270331465630946;168;Moderado (100-200 min);0
L;299,7;309,6;1419;45,1;45,7722250782927;-0,6722250782926977;170;Moderado (100-200 min);0
L;299,7;309,6;1512;36,2;41,26685930577979;-5,066859305779786;172;Moderado (100-200 min);0
L;299,7;309,6;1553;36,8;39,279782277678855;-2,479782277678858;174;Moderado (100-200 min);0
M;299,7;309,6;1534;39,1;40,19842303159175;-1,09842303159175;176;Moderado (100-200 min);0
H;299,7;309,6;1553;41,0;39,27602425170014;1,723975748299857;179;Moderado (100-200 min);0
L;299,7;309,5;1352;49,7;49,017581474084714;0,6824185259152884;184;Moderado (100-200 min);0
M;299,7;309,6;1313;60,0;50,893634143385256;9,106365856614744;186;Moderado (100-200 min);0
L;299,6;309,5;1570;35,5;38,445099762525544;-2,945099762525544;189;Moderado (100-200 min);0
L;299,6;309,4;1677;31,1;33,272893852826364;-2,1728938528263626;191;Moderado (100-200 min);0
L;299,5;309,4;1602;31,5;36,89225545902193;-5,392255459021932;193;Moderado (100-200 min);0
L;299,5;309,4;1390;58,8;47,157621745079304;11,642378254920693;195;Moderado (100-200 min);1
L;299,4;309,3;1544;36,0;39,697987828539055;-3,6979878285390555;197;Moderado (100-200 min);0
L;299,4;309,4;1701;31,2;32,08202907659444;-0,8820290765944385;199;Moderado (100-200 min);0
M;299,4;309,3;1692;28,4;32,52754421212198;-4,1275442121219825;201;Alto (>200 min);0
M;299,3;309,3;1523;37,9;40,69844540494348;-2,798445404943479;204;Alto (>200 min);0
L;299,3;309,2;2280;15,4;4,046878584898771;11,35312141510123;207;Alto (>200 min);0
M;299,4;309,3;1485;47,1;42,546257718503746;4,553742281496255;209;Alto (>200 min);0
H;299,4;309,2;1513;36,1;41,19916194992703;-5,09916194992703;212;Alto (>200 min);0
H;299,4;309,3;1743;28,2;30,208756741754375;-2,0087567417543752;0;Bajo (0-100 min);0
L;299,5;309,3;1442;46,2;44,79329866647526;1,4067013335247438;5;Bajo (0-100 min);0
L;299,5;309,3;1462;46,7;43,82322286207916;2,8767771379208398;7;Bajo (0-100 min);0
H;299,4;309,3;1439;49,7;44,92429572386275;4,775704276137255;9;Bajo (0-100 min);0
L;299,5;309,3;1577;36,6;38,24866921018247;-1,6486692101824687;14;Bajo (0-100 min);0
L;299,6;309,4;1331;46,4;50,160730638360945;-3,760730638360947;16;Bajo (0-100 min);0
L;299,5;309,3;1941;22,5;20,617641578515617;1,8823584214843834;18;Bajo (0-100 min);0
L;299,5;309,2;1393;47,3;47,166188122467375;0,13381187753262225;20;Bajo (0-100 min);0
L;299,4;309,2;1433;42,1;45,216257313136445;-3,116257313136444;22;Bajo (0-100 min);0
L;299,4;309,2;1444;48,2;44,68203917604243;3,517960823957573;24;Bajo (0-100 min);0
L;299,4;309,2;1564;39,0;38,86910040162329;0,13089959837670762;26;Bajo (0-100 min);0
L;299,4;309,3;1377;43,6;47,91259026655794;-4,31259026655794;28;Bajo (0-100 min);0
L;299,4;309,3;1525;41,5;40,74364986053235;0,7563501394676493;30;Bajo (0-100 min);0
M;299,5;309,4;1387;56,2;47,42541928108594;8,774580718914066;32;Bajo (0-100 min);0
M;299,4;309,4;1326;47,5;50,36602846628254;-2,8660284662825433;35;Bajo (0-100 min);0
L;299,4;309,3;1401;59,0;46,74278710179499;12,257212898205012;38;Bajo (0-100 min);0
L;299,4;309,3;1596;31,8;37,29770109985857;-5,4977010998585705;40;Bajo (0-100 min);0
M;299,3;309,3;1471;46,0;43,338494191065664;2,6615058089343364;42;Bajo (0-100 min);0
L;299,3;309,3;1528;37,8;40,5758074825653;-2,7758074825653054;45;Bajo (0-100 min);0
L;299,3;309,3;1325;62,0;50,4053161013206;11,5946838986794;47;Bajo (0-100 min);0
M;299,3;309,1;1376;46,7;47,95627413345128;-1,256274133451278;49;Bajo (0-100 min);0
M;299,3;309,1;1600;35,3;37,10600626501243;-1,806006265012435;52;Bajo (0-100 min);0
L;299,3;309,1;1495;44,0;42,1887575679494;1,811242432050598;55;Bajo (0-100 min);0
L;299,4;309,1;1645;28,6;34,93424231345358;-6,334242313453579;57;Bajo (0-100 min);0
M;299,4;309,1;1417;47,3;45,974466674714634;1,3255333252853632;59;Bajo (0-100 min);0
H;299,4;309,0;1415;51,7;46,08022979714483;5,619770202855172;62;Bajo (0-100 min);0
M;299,3;309,0;1496;43,4;42,14247035451723;1,2575296454827694;67;Bajo (0-100 min);0
H;299,3;309,0;1508;35,0;41,55907198252724;-6,559071982527243;70;Bajo (0-100 min);0
L;299,4;309,0;1436;47,9;45,05345770589534;2,8465422941046583;75;Bajo (0-100 min);0
L;299,5;309,1;1852;22,6;24,905766272521266;-2,3057662725212644;77;Bajo (0-100 min);0
L;299,5;309,1;1863;22,5;24,371548135427247;-1,871548135427247;79;Bajo (0-100 min);0
H;299,4;309,1;1373;44,1;48,08879106721845;-3,9887910672184503;81;Bajo (0-100 min);0
L;299,4;309,0;1404;47,3;46,594906199149555;0,7050938008504417;86;Bajo (0-100 min);0
M;299,4;309,0;1381;44,9;47,707261471863376;-2,8072614718633773;88;Bajo (0-100 min);0
H;299,4;308,9;1762;29,3;29,26485941910531;0,03514058089469074;91;Bajo (0-100 min);0
H;299,3;308,9;1429;43,0;45,376552672373116;-2,3765526723731156;96;Bajo (0-100 min);0
M;299,3;308,9;1858;24,7;24,596912504995544;0,10308749500445558;101;Moderado (100-200 min);0
H;299,2;308,8;1908;21,3;22,17310447208352;-0,8731044720835186;104;Moderado (100-200 min);0
M;299,2;308,8;1503;37,4;41,78294147469814;-4,382941474698143;109;Moderado (100-200 min);0
M;299,2;308,8;1523;38,9;40,81211406510631;-1,9121140651063087;112;Moderado (100-200 min);0
L;299,3;309,0;1491;38,4;42,34853645362277;-3,948536453622772;115;Moderado (100-200 min);0
L;299,2;308,9;1430;39,1;45,30105792263207;-6,201057922632067;117;Moderado (100-200 min);0
L;299,3;308,9;1258;69,4;53,64056143161045;15,759438568389555;119;Moderado (100-200 min);1
L;299,3;309,0;1449;46,5;44,37802926985799;2,12197073014201;121;Moderado (100-200 min);0
H;299,3;309,0;1425;40,6;45,53881317227204;-4,938813172272042;123;Moderado (100-200 min);0
L;299,4;309,0;1800;24,3;27,38560141963714;-3,0856014196371397;128;Moderado (100-200 min);0
H;299,4;309,0;1607;33,7;36,73082374139013;-3,0308237413901296;130;Moderado (100-200 min);0
L;299,4;309,0;1391;58,2;47,18764973066119;11,01235026933881;135;Moderado (100-200 min);0
L;299,4;309,1;1432;45,4;45,189412023943305;0,21058797605669355;137;Moderado (100-200 min);0
L;299,4;309,0;1660;28,4;34,15734192051624;-5,7573419205162395;139;Moderado (100-200 min);0
H;299,3;309,0;1732;29,7;30,65769496077794;-0,957694960777939;141;Moderado (100-200 min);0
L;299,3;309,0;1473;46,3;43,196952027158915;3,1030479728410825;146;Moderado (100-200 min);0
L;299,3;309,0;1511;47,8;41,35516088815867;6,4448391118413255;148;Moderado (100-200 min);0
L;299,2;308,9;1588;41,5;37,624531458536175;3,8754685414638246;150;Moderado (100-200 min);0
L;299,3;308,9;1623;31,1;35,93930861956686;-4,839308619566857;152;Moderado (100-200 min);0
L;299,3;309,0;1734;30,6;30,551066833832834;0,04893316616716703;154;Moderado (100-200 min);0
L;299,3;309,0;1415;47,6;45,998296497814856;1,6017035021851456;156;Moderado (100-200 min);0
L;299,3;309,0;1419;46,6;45,803078768622456;0,7969212313775458;158;Moderado (100-200 min);0
M;299,3;308,9;1577;34,9;38,16101274421152;-3,26101274421152;160;Moderado (100-200 min);0
L;299,3;308,9;1376;60,3;47,89291249837061;12,407087501629384;163;Moderado (100-200 min);0
M;299,3;308,8;1442;49,0;44,70628040638087;4,29371959361913;165;Moderado (100-200 min);0
L;299,4;308,9;1451;40,5;44,26828965580484;-3,7682896558048427;168;Moderado (100-200 min);0
L;299,3;308,8;1550;45,8;39,472230372777275;6,327769627222722;170;Moderado (100-200 min);0
L;299,3;308,8;1647;32,9;34,77315008146344;-1,873150081463443;172;Moderado (100-200 min);0
L;299,4;308,9;1550;33,7;39,46934568430758;-5,769345684307574;174;Moderado (100-200 min);0
L;299,4;308,9;1583;34,1;37,86969769380849;-3,7696976938084887;176;Moderado (100-200 min);0
L;299,4;309,0;1613;32,2;36,40417491379313;-4,204174913793125;178;Moderado (100-200 min);0
H;299,3;308,8;1636;35,5;35,29985216660004;0,20014783339996;180;Moderado (100-200 min);0
M;299,3;308,7;1289;51,5;52,11198932521825;-0,6119893252182464;185;Moderado (100-200 min);0
M;299,3;308,8;1648;28,4;34,712695768631335;-6,312695768631336;188;Moderado (100-200 min);0
H;299,3;308,8;1397;45,4;46,866027007801954;-1,466027007801955;191;Moderado (100-200 min);0
M;299,3;308,9;1767;24,8;28,932515314121027;-4,132515314121026;196;Moderado (100-200 min);0
L;299,3;308,8;1341;47,7;49,57201742944892;-1,872017429448917;199;Moderado (100-200 min);0
M;299,4;308,9;1457;41,5;43,952914906143974;-2,452914906143974;201;Alto (>200 min);0
M;299,4;309,0;1939;19,8;20,596899896428713;-0,7968998964287124;204;Alto (>200 min);0
M;299,5;309,0;1399;49,7;46,75738752989616;2,942612470103846;207;Alto (>200 min);0
M;299,5;309,0;1602;31,3;36,924120885162154;-5,624120885162153;210;Alto (>200 min);0
L;299,4;309,0;1507;41,0;41,51130348016659;-0,511303480166589;213;Alto (>200 min);0
L;299,4;309,1;1464;40,5;43,581070668268055;-3,0810706682680546;215;Alto (>200 min);0
L;299,5;309,1;1336;42,1;49,789714470436294;-7,689714470436293;217;Alto (>200 min);0
L;299,6;309,2;1422;39,8;45,62347083813827;-5,82347083813827;219;Alto (>200 min);0
L;299,6;309,2;1540;36,7;39,90738932311959;-3,2073893231195854;221;Alto (>200 min);0
L;299,5;309,1;1476;47,8;43,00519668122958;4,79480331877042;223;Alto (>200 min);0
M;299,6;309,2;1867;23,4;24,06822099036127;-0,6682209903612701;225;Alto (>200 min);1
H;299,6;309,1;1588;41,3;37,76008052438446;3,539919475615534;0;Bajo (0-100 min);0
M;299,5;309,1;1420;49,5;45,88104987711424;3,6189501228857566;5;Bajo (0-100 min);0
L;299,5;309,1;1415;49,2;46,12093821002817;3,0790617899718313;8;Bajo (0-100 min);0
M;299,4;309,1;1500;43,3;41,99171906418687;1,30828093581313;10;Bajo (0-100 min);0
L;299,5;309,1;1502;44,6;41,90388940012941;2,696110599870593;13;Bajo (0-100 min);0
L;299,5;309,2;1816;23,0;26,684635785248613;-3,684635785248613;15;Bajo (0-100 min);0
M;299,5;309,2;1495;41,6;42,228722708631096;-0,6287227086310949;17;Bajo (0-100 min);0
L;299,6;309,2;1572;33,4;38,50874581705636;-5,108745817056359;20;Bajo (0-100 min);0
M;299,5;309,2;1590;35,9;37,6242448611305;-1,7242448611305008;22;Bajo (0-100 min);0
M;299,6;309,3;1387;48,3;47,45312360700332;0,8468763929966769;25;Bajo (0-100 min);0
M;299,6;309,2;1393;47,7;47,17145769183167;0,5285423081683334;28;Bajo (0-100 min);0
L;299,6;309,2;1602;37,3;37,047619268896284;0,2523807311037132;31;Bajo (0-100 min);0
L;299,6;309,2;1601;33,3;37,09454468820503;-3,794544688205036;33;Bajo (0-100 min);0
H;299,6;309,2;1597;36,3;37,28675599661447;-0,9867559966144697;35;Bajo (0-100 min);0
H;299,5;309,1;1548;44,3;39,65587909363377;4,644120906366226;40;Bajo (0-100 min);0
M;299,5;309,2;1314;61,8;50,97325973889203;10,826740261107965;45;Bajo (0-100 min);0
M;299,6;309,3;1577;39,8;38,23439704445747;1,5656029555425306;48;Bajo (0-100 min);0
L;299,8;309,4;1475;43,4;43,18326660153725;0,21673339846275042;51;Bajo (0-100 min);0
L;299,8;309,4;1630;32,4;35,67532578761004;-3,2753257876100434;53;Bajo (0-100 min);0
L;299,7;309,4;1445;42,9;44,621836660830965;-1,7218366608309665;55;Bajo (0-100 min);0
M;299,8;309,4;1439;47,4;44,92218763957109;2,4778123604289064;57;Bajo (0-100 min);0
L;299,7;309,3;1420;44,1;45,83995505597497;-1,739955055974967;60;Bajo (0-100 min);0
H;299,7;309,2;1554;41,6;39,36017614436957;2,2398238556304335;62;Bajo (0-100 min);0
M;299,6;309,1;1471;44,3;43,375872651196715;0,9241273488032817;67;Bajo (0-100 min);0
L;299,6;309,0;1648;33,6;34,81291105728566;-1,212911057285659;70;Bajo (0-100 min);0
L;299,6;309,0;1472;48,8;43,33484667413473;5,465153325865266;72;Bajo (0-100 min);0
M;299,5;308,9;1448;42,9;44,49550884423551;-1,5955088442355105;74;Bajo (0-100 min);0
M;299,6;308,9;1568;35,3;38,69310087555086;-3,3931008755508643;77;Bajo (0-100 min);0
L;299,6;308,9;1613;30,8;36,511557723453265;-5,711557723453264;80;Bajo (0-100 min);0
M;299,7;308,9;1551;35,4;39,52391196540629;-4,123911965406293;82;Bajo (0-100 min);0
L;299,7;309,0;1412;49,2;46,24207599953414;2,957924000465866;85;Bajo (0-100 min);0
M;299,7;308,9;1478;41,0;43,0554439075444;-2,055443907544401;87;Bajo (0-100 min);0
M;299,8;309,1;1268;58,0;53,21216238270188;4,787837617298123;90;Bajo (0-100 min);0
L;299,8;309,1;1546;35,6;39,746748510450594;-4,146748510450593;93;Bajo (0-100 min);0
L;299,8;309,0;1567;36,1;38,739404754971225;-2,639404754971224;95;Bajo (0-100 min);0
M;299,9;309,2;1548;35,7;39,64700656258043;-3,9470065625804267;97;Bajo (0-100 min);0
L;299,8;309,0;1614;30,8;36,45950113308169;-5,659501133081687;100;Bajo (0-100 min);0
M;299,7;309,1;1352;46,1;49,12385581460339;-3,0238558146033867;102;Moderado (100-200 min);0
L;299,9;309,2;1624;34,6;35,960417863796984;-1,3604178637969824;105;Moderado (100-200 min);0
L;299,9;309,2;1436;52,0;45,06349703704882;6,936502962951181;107;Moderado (100-200 min);0
L;299,8;309,2;1591;37,5;37,54427381219139;-0,044273812191391926;109;Moderado (100-200 min);0
H;299,8;309,2;1435;42,6;45,09763683503586;-2,4976368350358555;111;Moderado (100-200 min);0
L;299,8;309,3;1386;49,4;47,45572098575148;1,9442790142485151;116;Moderado (100-200 min);0
L;299,7;309,2;1401;54,1;46,72766659754327;7,372333402456732;118;Moderado (100-200 min);0
M;299,6;309,0;1245;64,0;54,29206856669143;9,707931433308573;120;Moderado (100-200 min);0
L;299,7;309,1;1475;40,0;43,151350652364464;-3,1513506523644637;123;Moderado (100-200 min);0
L;299,7;309,1;1473;39,4;43,24670470137344;-3,84670470137344;125;Moderado (100-200 min);0
H;299,7;309,2;1355;44,8;48,94861911699219;-4,148619116992194;127;Moderado (100-200 min);0
H;299,7;309,2;1468;49,6;43,47242593488744;6,127574065112562;132;Moderado (100-200 min);0
L;299,7;309,2;1645;30,8;34,89680045196795;-4,0968004519679475;137;Moderado (100-200 min);0
L;299,7;309,1;1347;55,3;49,338189570862085;5,961810429137913;139;Moderado (100-200 min);0
L;299,7;309,1;1713;33,5;31,611807890186263;1,8881921098137369;141;Moderado (100-200 min);0
M;299,6;309,1;1435;48,4;45,06218132552862;3,3378186744713787;143;Moderado (100-200 min);0
M;299,6;309,0;1736;26,1;30,494069648788994;-4,394069648788992;146;Moderado (100-200 min);0
L;299,6;309,0;1372;60,4;48,119836044085645;12,280163955914354;149;Moderado (100-200 min);0
L;299,7;309,0;1605;33,0;36,84574452447069;-3,845744524470689;151;Moderado (100-200 min);0
L;299,6;309,0;1413;48,5;46,13125580559323;2,368744194406773;153;Moderado (100-200 min);0
M;299,7;309,0;1645;31,9;34,905592915678504;-3,0055929156785055;155;Moderado (100-200 min);0
M;299,7;309,0;1465;49,0;43,62049144613276;5,37950855386724;158;Moderado (100-200 min);0
M;299,6;308,9;1685;27,8;32,96381636418157;-5,163816364181567;161;Moderado (100-200 min);0
L;299,5;308,8;1965;20,4;19,401423500216545;0,9985764997834536;164;Moderado (100-200 min);0
H;299,4;308,6;1542;41,8;39,896269599326224;1,9037304006737727;166;Moderado (100-200 min);0
L;299,4;308,7;1681;30,8;33,149771366398525;-2,3497713663985245;171;Moderado (100-200 min);0
L;299,5;308,7;1446;45,7;44,54027854649143;1,159721453508574;173;Moderado (100-200 min);0
L;299,4;308,6;1415;56,4;46,039941124493815;10,360058875506184;175;Moderado (100-200 min);0
L;299,5;308,6;1672;30,5;33,60356249207334;-3,103562492073337;177;Moderado (100-200 min);0
L;299,5;308,7;2549;13,0;-8,881009644037192;21,881009644037192;179;Moderado (100-200 min);1
L;299,4;308,6;1492;40,5;42,30642700640162;-1,80642700640162;181;Moderado (100-200 min);0
M;299,4;308,6;1455;42,7;44,09678309491866;-1,3967830949186606;183;Moderado (100-200 min);0
M;299,3;308,5;1422;43,1;45,69255132712578;-2,5925513271257756;186;Moderado (100-200 min);0
L;299,3;308,6;1403;50,6;46,59927979722597;4,000720202774033;189;Moderado (100-200 min);0
L;299,3;308,6;1474;49,6;43,15934387811812;6,440656121881879;191;Moderado (100-200 min);0
L;299,2;308,6;1381;50,0;47,65042081891784;2,349579181082163;193;Moderado (100-200 min);0
L;299,2;308,5;1457;44,7;43,9795024299258;0,7204975700742011;195;Moderado (100-200 min);0
L;299,2;308,4;1711;28,9;31,688287954292747;-2,7882879542927483;197;Moderado (100-200 min);0
L;299,2;308,4;1667;29,0;33,817644450711406;-4,817644450711406;199;Moderado (100-200 min);0
L;299,2;308,4;1465;35,0;43,59872443976647;-8,598724439766471;201;Alto (>200 min);0
M;299,3;308,4;1542;37,5;39,87949915338747;-2,3794991533874708;203;Alto (>200 min);1
M;299,3;308,4;1438;42,3;45,06865249694706;-2,7686524969470625;0;Bajo (0-100 min);0
L;299,3;308,4;1406;47,4;46,61611383176721;0,7838861682327902;3;Bajo (0-100 min);0
M;299,2;308,4;1396;48,5;47,0876145074478;1,4123854925521968;5;Bajo (0-100 min);0
M;299,3;308,5;1304;60,6;51,54091535659504;9,059084643404958;8;Bajo (0-100 min);0
L;299,2;308,5;1442;46,5;44,844227231445785;1,6557727685542147;11;Bajo (0-100 min);0
M;299,2;308,4;1396;48,7;47,08160166588186;1,6183983341181403;13;Bajo (0-100 min);0
H;299,1;308,3;1424;43,4;45,72322348637492;-2,3232234863749213;16;Bajo (0-100 min);0
H;299,1;308,3;1451;42,8;44,41189245848999;-1,61189245848999;21;Bajo (0-100 min);0
L;299,2;308,4;1386;54,1;47,55611709533952;6,543882904660478;26;Bajo (0-100 min);0
L;299,1;308,3;1325;46,9;50,50863856434883;-3,60863856434883;28;Bajo (0-100 min);0
L;299,1;308,3;1559;33,7;39,17483600410342;-5,474836004103416;30;Bajo (0-100 min);0
L;299,1;308,3;1489;38,1;42,563336872728065;-4,463336872728064;32;Bajo (0-100 min);0
L;299,1;308,3;1892;25,2;23,045095893143714;2,1549041068562858;34;Bajo (0-100 min);0
L;299,1;308,2;1319;60,3;50,80435817960123;9,495641820398767;36;Bajo (0-100 min);0
L;299,1;308,3;1431;52,3;45,36768776416698;6,932312235833017;38;Bajo (0-100 min);0
H;299,1;308,3;1521;36,5;41,007607880754755;-4,507607880754755;40;Bajo (0-100 min);0
M;299,1;308,2;1435;45,2;45,17987268761283;0,020127312387174356;45;Bajo (0-100 min);0
L;299,1;308,3;1533;42,4;40,420451482786056;1,9795485172139422;48;Bajo (0-100 min);0
M;299,2;308,4;1529;43,0;40,612784523508765;2,3872154764912352;50;Bajo (0-100 min);0
M;299,2;308,4;1415;43,5;46,13139349374781;-2,631393493747808;53;Bajo (0-100 min);0
M;299,2;308,4;1330;51,2;50,245572202680165;0,9544277973198376;56;Bajo (0-100 min);0
L;299,2;308,5;1381;60,6;47,762296593764226;12,837703406235775;59;Bajo (0-100 min);0
L;299,2;308,5;1370;52,4;48,29350831007528;4,106491689924717;61;Bajo (0-100 min);0
L;299,2;308,5;1438;46,6;44,99885828006813;1,6011417199318743;63;Bajo (0-100 min);0
L;299,3;308,6;1314;48,2;51,00262688481848;-2,80262688481848;65;Bajo (0-100 min);0
L;299,3;308,6;1437;48,1;45,044402221298654;3,0555977787013475;67;Bajo (0-100 min);0
L;299,2;308,5;1821;26,1;26,446183473705418;-0,34618347370541613;69;Bajo (0-100 min);0
M;299,3;308,6;1448;52,1;44,508680873813155;7,591319126186846;71;Bajo (0-100 min);0
L;299,3;308,5;1589;32,7;37,689149949110394;-4,9891499491103914;74;Bajo (0-100 min);0
L;299,3;308,6;1520;33,7;41,018061509417855;-7,318061509417852;76;Bajo (0-100 min);0
L;299,3;308,6;1605;37,0;36,90012477450678;0,09987522549322136;78;Bajo (0-100 min);0
L;299,3;308,7;1393;54,2;47,1543303819472;7,045669618052806;80;Bajo (0-100 min);0
H;299,3;308,7;1408;44,4;46,42639772605226;-2,0263977260522594;82;Bajo (0-100 min);0
M;299,3;308,7;1459;35,6;43,952779585361796;-8,352779585361795;87;Bajo (0-100 min);0
L;299,4;308,7;1525;39,0;40,76551762048958;-1,7655176204895824;90;Bajo (0-100 min);0
L;299,4;308,8;1390;57,0;47,29071874101224;9,709281258987758;92;Bajo (0-100 min);0
L;299,3;308,7;1536;38,9;40,218513862073856;-1,318513862073857;94;Bajo (0-100 min);0
L;299,4;308,7;1459;47,6;43,95729754953034;3,6427024504696632;96;Bajo (0-100 min);0
L;299,2;308,5;1387;51,1;47,44241221292891;3,657587787071094;98;Bajo (0-100 min);0
L;299,2;308,5;1378;53,4;47,8767666698395;5,523233330160501;100;Bajo (0-100 min);0
L;299,4;308,7;1381;56,7;47,73022103497386;8,969778965026144;102;Moderado (100-200 min);0
M;299,4;308,7;1289;60,5;52,184151757003576;8,315848242996424;104;Moderado (100-200 min);0
L;299,4;308,6;1746;26,8;30,061173847027995;-3,261173847027994;107;Moderado (100-200 min);0
M;299,4;308,6;1541;39,1;39,98753972518375;-0,8875397251837498;109;Moderado (100-200 min);0
L;299,4;308,7;1504;37,8;41,765983529888096;-3,965983529888099;112;Moderado (100-200 min);0
M;299,5;308,7;1321;51,9;50,63820196556901;1,2617980344309885;114;Moderado (100-200 min);0
M;299,5;308,8;1886;20,9;23,26261069073463;-2,3626106907346305;117;Moderado (100-200 min);0
L;299,6;308,9;1422;53,2;45,7313617883676;7,468638211632403;120;Moderado (100-200 min);0
L;299,5;308,9;1520;38,3;40,972570456423306;-2,6725704564233084;122;Moderado (100-200 min);0
L;299,4;308,8;1627;32,6;35,78908213579389;-3,189082135793889;124;Moderado (100-200 min);0
L;299,4;308,7;1512;37,2;41,368032019545865;-4,168032019545862;126;Moderado (100-200 min);0
L;299,4;308,7;1553;42,7;39,38095499144493;3,3190450085550722;128;Moderado (100-200 min);0
L;299,3;308,7;1802;26,0;27,309440574765848;-1,3094405747658477;130;Moderado (100-200 min);0
L;299,3;308,6;1482;37,6;42,81625954706506;-5,216259547065057;132;Moderado (100-200 min);0
L;299,4;308,7;1446;62,9;44,55830873819514;18,34169126180486;134;Moderado (100-200 min);1
L;299,3;308,6;1371;50,5;48,188831023007666;2,3111689769923345;136;Moderado (100-200 min);0
M;299,2;308,6;1586;35,7;37,76389001613641;-2,063890016136405;138;Moderado (100-200 min);0
L;299,2;308,5;1515;39,8;41,2112285878825;-1,4112285878825048;141;Moderado (100-200 min);0
L;299,2;308,5;1374;53,6;48,03816216522351;5,56183783477649;143;Moderado (100-200 min);0
L;299,1;308,5;1455;39,8;44,10265753818314;-4,302657538183141;145;Moderado (100-200 min);0
H;299,2;308,5;1342;47,5;49,58487189484792;-2,0848718948479217;147;Moderado (100-200 min);0
L;299,1;308,6;1260;57,8;53,52981841474092;4,270181585259074;152;Moderado (100-200 min);0
H;299,0;308,5;1623;33,5;35,94860089085252;-2,448600890852518;154;Moderado (100-200 min);0
L;299,1;308,5;1371;55,5;48,160139960262114;7,339860039737886;159;Moderado (100-200 min);0
L;299,1;308,6;1611;31,4;36,52460494319836;-5,124604943198364;161;Moderado (100-200 min);0
M;299,0;308,4;1535;47,5;40,21471653632808;7,285283463671917;163;Moderado (100-200 min);0
M;299,1;308,6;1491;38,5;42,332282481247304;-3,8322824812473044;166;Moderado (100-200 min);0
M;299,1;308,6;1441;36,2;44,7514591506716;-8,551459150671597;169;Moderado (100-200 min);0
M;299,1;308,8;1725;26,6;30,97315214298501;-4,37315214298501;172;Moderado (100-200 min);0
L;299,2;308,9;1368;47,2;48,26003986269332;-1,0600398626933156;175;Moderado (100-200 min);0
L;299,2;308,9;1526;37,9;40,60681315966543;-2,7068131596654297;177;Moderado (100-200 min);0
L;299,2;308,8;1542;39,2;39,84161255268721;-0,6416125526872065;179;Moderado (100-200 min);0
L;299,2;308,8;1605;31,1;36,78910567118121;-5,68910567118121;181;Moderado (100-200 min);0
L;299,2;308,8;1405;51,4;46,47332840083581;4,926671599164187;183;Moderado (100-200 min);0
M;299,2;308,8;1700;33,5;32,18537942887635;1,3146205711236476;185;Moderado (100-200 min);0
H;299,2;308,8;1440;39,1;44,77456833534904;-5,674568335349036;188;Moderado (100-200 min);0
M;299,2;308,8;1314;52,5;50,87281765159936;1,6271823484006376;193;Moderado (100-200 min);0
L;299,2;308,7;1514;41,9;41,19599757458301;0,7040024254169879;196;Moderado (100-200 min);0
M;299,2;308,7;1401;47,0;46,66692952031757;0,33307047968243353;198;Moderado (100-200 min);0
L;299,3;308,8;1636;29,9;35,284068457489454;-5,384068457489455;201;Alto (>200 min);0
L;299,3;308,8;1603;33,9;36,88071002720558;-2,980710027205582;203;Alto (>200 min);0
M;299,4;308,7;1487;52,6;42,51937095158801;10,080629048411993;205;Alto (>200 min);0
M;299,3;308,7;1420;50,3;45,750551914986;4,549448085013999;208;Alto (>200 min);0
L;299,3;308,7;1579;36,3;38,04814497706213;-1,7481449770621325;211;Alto (>200 min);0
L;299,3;308,7;1484;40,5;42,64736158819254;-2,1473615881925383;213;Alto (>200 min);0
M;299,3;308,7;1390;49,3;47,198149569622714;2,101850430377283;215;Alto (>200 min);0
L;299,3;308,6;1384;53,6;47,49762721085383;6,102372789146173;218;Alto (>200 min);1
L;299,2;308,5;1378;50,4;47,78657404635046;2,6134259536495392;220;Alto (>200 min);1
L;299,2;308,5;1445;45,2;44,54035264604353;0,6596473539564727;222;Alto (>200 min);0
L;299,2;308,4;1445;43,5;44,550010114269014;-1,0500101142690141;224;Alto (>200 min);0
L;299,2;308,4;1509;39,4;41,61893737730047;-2,2189373773004704;0;Bajo (0-100 min);0
L;299,2;308,4;1434;46,8;45,24958139442627;1,550418605573725;2;Bajo (0-100 min);0
L;299,2;308,4;1877;23,9;23,794195226832702;0,10580477316729642;4;Bajo (0-100 min);0
L;299,3;308,3;1651;28,0;34,76000541824048;-6,760005418240482;6;Bajo (0-100 min);0
L;299,2;308,2;1466;41,3;43,71767697007836;-2,417676970078361;8;Bajo (0-100 min);0
L;299,1;308,1;1479;40,7;43,08647984127061;-2,3864798412706065;10;Bajo (0-100 min);0
L;299,1;308,2;1409;46,4;46,4638200312783;-0,06382003127830416;12;Bajo (0-100 min);0
M;299,2;308,2;1674;28,2;33,64001236125598;-5,440012361255977;14;Bajo (0-100 min);0
L;299,1;308,3;1305;61,4;51,485478815506596;9,914521184493402;17;Bajo (0-100 min);0
M;299,2;308,3;1755;26,4;29,702374650941643;-3,302374650941644;19;Bajo (0-100 min);0
L;299,2;308,4;1475;38,7;43,24897547280198;-4,548975472801978;22;Bajo (0-100 min);0
L;299,2;308,4;1402;47,7;46,78276223052732;0,9172377694726848;24;Bajo (0-100 min);0
L;299,2;308,3;1410;43,0;46,40499066115095;-3,404990661150947;26;Bajo (0-100 min);0
L;299,2;308,4;1436;41,8;45,133182399936516;-3,3331823999365184;28;Bajo (0-100 min);0
M;299,3;308,5;1386;42,2;47,553232406869824;-5,353232406869822;30;Bajo (0-100 min);0
L;299,3;308,6;1744;26,4;30,20236747998314;-3,8023674799831397;33;Bajo (0-100 min);0
L;299,2;308,4;1393;48,4;47,21035224067623;1,189647759323769;35;Bajo (0-100 min);0
M;299,3;308,5;1422;45,4;45,804540501291335;-0,40454050129133634;37;Bajo (0-100 min);0
L;299,2;308,4;1841;22,8;25,510568108994285;-2,710568108994284;40;Bajo (0-100 min);0
L;299,3;308,6;1433;37,7;45,25690686999313;-7,556906869993128;42;Bajo (0-100 min);0
M;299,3;308,5;1305;60,6;51,4654289398481;9,134571060151899;44;Bajo (0-100 min);0
H;299,3;308,6;1498;39,5;42,10528791349944;-2,6052879134994384;47;Bajo (0-100 min);0
L;299,3;308,5;1772;26,1;28,84324602827455;-2,743246028274548;52;Bajo (0-100 min);0
M;299,2;308,4;1381;42,5;47,7772152983599;-5,2772152983598986;54;Bajo (0-100 min);0
L;299,3;308,5;1413;38,5;46,22536606467857;-7,725366064678568;57;Bajo (0-100 min);0
H;299,2;308,4;1388;53,2;47,43445686447958;5,765543135520424;59;Bajo (0-100 min);0
M;299,2;308,6;1631;35,4;35,640220464110946;-0,24022046411094777;64;Bajo (0-100 min);0
H;299,3;308,6;1520;41,4;41,024825956179534;0,37517404382046493;67;Bajo (0-100 min);0
L;299,3;308,5;1510;45,4;41,51651490582009;3,8834850941799104;72;Bajo (0-100 min);0
L;299,2;308,5;1366;49,7;48,47745196133155;1,2225480386684495;74;Bajo (0-100 min);0
L;299,4;308,5;1845;22,9;25,301199946390142;-2,4011999463901432;76;Bajo (0-100 min);0
L;299,3;308,5;1485;44,7;42,72272101715139;1,9772789828486097;78;Bajo (0-100 min);0
M;299,3;308,5;1496;39,4;42,18850288005738;-2,7885028800573792;80;Bajo (0-100 min);0
M;299,3;308,4;1468;42,2;43,55341037469356;-1,35341037469356;83;Bajo (0-100 min);0
M;299,2;308,4;1856;22,7;24,749564824486697;-2,0495648244866977;86;Bajo (0-100 min);0
L;299,2;308,4;1620;34,1;36,17646661815385;-2,0764666181538516;89;Bajo (0-100 min);0
L;299,3;308,5;1409;44,8;46,39352600682426;-1,5935260068242627;91;Bajo (0-100 min);0
M;299,3;308,5;1404;49,4;46,63416594493393;2,7658340550660654;93;Bajo (0-100 min);0
L;299,2;308,4;1350;51,3;49,24693540084588;2,053064599154119;96;Bajo (0-100 min);0
M;299,2;308,4;1538;38,0;40,14084980681107;-2,140849806811069;98;Bajo (0-100 min);0
M;299,2;308,4;1476;32,7;43,14117003263813;-10,441170032638126;101;Moderado (100-200 min);0
M;299,2;308,3;1364;51,8;48,574082422093674;3,2259175779063227;104;Moderado (100-200 min);0
M;299,2;308,3;1582;45,5;38,01438633185621;7,485613668143792;107;Moderado (100-200 min);0
L;299,1;308,2;1348;56,1;49,344309133809645;6,755690866190356;110;Moderado (100-200 min);0
H;299,1;308,2;1450;46,1;44,403085693994655;1,6969143060053469;112;Moderado (100-200 min);0
L;299,0;308,1;1242;60,9;54,4723609133506;6,4276390866494;117;Moderado (100-200 min);0
L;299,1;308,2;1493;34,9;42,31539338051455;-7,415393380514551;119;Moderado (100-200 min);0
L;299,1;308,3;1601;31,4;37,07243748388122;-5,672437483881218;121;Moderado (100-200 min);0
L;299,1;308,2;1568;33,3;38,680239732214304;-5,3802397322143065;123;Moderado (100-200 min);0
M;299,1;308,3;1506;38,0;41,67015088462014;-3,670150884620142;125;Moderado (100-200 min);0
L;299,1;308,3;1524;34,1;40,796180734428766;-6,696180734428765;128;Moderado (100-200 min);0
L;299,1;308,4;1543;37,9;39,86337288111595;-1,9633728811159514;130;Moderado (100-200 min);0
M;299,2;308,5;1474;47,2;43,20356685235363;3,9964331476463713;132;Moderado (100-200 min);0
M;299,2;308,5;1526;37,3;40,68302329235442;-3,383023292354423;135;Moderado (100-200 min);0
L;299,2;308,5;1867;27,0;24,166605748988616;2,8333942510113843;138;Moderado (100-200 min);0
L;299,2;308,5;1487;41,2;42,5679818246847;-1,3679818246846978;140;Moderado (100-200 min);0
L;299,2;308,4;1580;32,6;38,073776730788744;-5,473776730788742;142;Moderado (100-200 min);0
L;299,2;308,5;1340;50,0;49,68398396983561;0,3160160301643913;144;Moderado (100-200 min);0
L;299,2;308,5;1544;41,6;39,80304030059711;1,7969596994028905;146;Moderado (100-200 min);0
L;299,2;308,5;1488;40,3;42,513540353418534;-2,213540353418537;148;Moderado (100-200 min);0
M;299,2;308,5;1742;28,9;30,21116519916852;-1,3111651991685207;150;Moderado (100-200 min);0
M;299,1;308,5;1592;34,2;37,461922427685636;-3,261922427685633;153;Moderado (100-200 min);0
L;299,2;308,6;1582;38,8;37,944075641413974;0,855924358586023;156;Moderado (100-200 min);0
L;299,2;308,5;1490;43,2;42,40916704206065;0,7908329579393509;158;Moderado (100-200 min);0
M;299,2;308,5;1594;35,8;37,3710863428452;-1,5710863428452058;160;Moderado (100-200 min);0
H;299,2;308,6;1462;55,0;43,75024996907143;11,249750030928567;163;Moderado (100-200 min);0
M;299,2;308,6;1367;47,6;48,34721176461461;-0,7472117646146117;168;Moderado (100-200 min);0
L;299,2;308,7;1325;51,0;50,367798717820115;0,632201282179885;171;Moderado (100-200 min);0
H;299,2;308,7;1448;51,4;44,409574054300286;6,990425945699712;173;Moderado (100-200 min);0
M;299,1;308,7;2008;20,3;17,274500985262307;3,0254990147376937;178;Moderado (100-200 min);0
L;299,1;308,7;1498;38,9;41,97084731679261;-3,0708473167926087;181;Moderado (100-200 min);0
L;299,1;308,6;1437;41,6;44,93465119673213;-3,334651196732132;183;Moderado (100-200 min);0
M;299,1;308,6;1499;45,1;41,93057294492636;3,1694270550736405;185;Moderado (100-200 min);0
L;299,0;308,4;1356;52,6;48,86465112277578;3,7353488772242187;188;Moderado (100-200 min);0
L;299,1;308,5;1539;46,8;40,00083040955539;6,799169590444606;190;Moderado (100-200 min);0
L;299,1;308,5;1689;32,1;32,73503274412934;-0,6350327441293402;192;Moderado (100-200 min);0
L;299,0;308,5;1559;38,1;39,01796898383759;-0,9179689838375893;194;Moderado (100-200 min);0
L;299,1;308,6;1408;46,7;46,32931059049417;0,37068940950583595;196;Moderado (100-200 min);0
L;299,0;308,5;1886;23,0;23,178800651079268;-0,17880065107926768;198;Moderado (100-200 min);0
L;299,1;308,5;1415;43,4;46,14878547957495;-2,7487854795749485;0;Bajo (0-100 min);0
M;299,1;308,5;1587;35,6;37,81755796074383;-2,217557960743825;2;Bajo (0-100 min);0
L;299,0;308,4;1571;38,6;38,59003948804702;0,009960511952982642;5;Bajo (0-100 min);0
L;298,9;308,3;1576;36,6;38,34627139684111;-1,7462713968411094;7;Bajo (0-100 min);0
L;298,9;308,3;1660;34,4;34,27676329163027;0,12323670836973122;9;Bajo (0-100 min);0
M;298,9;308,2;1328;49,2;50,364725820332254;-1,1647258203322508;11;Bajo (0-100 min);0
H;298,8;308,2;1450;44,7;44,44289577038669;0,2571042296133115;14;Bajo (0-100 min);0
L;298,9;308,2;2384;15,0;-0,7819199846770317;15,781919984677032;19;Bajo (0-100 min);0
L;298,8;308,2;1443;53,4;44,77663494191811;8,623365058081887;21;Bajo (0-100 min);0
M;298,9;308,2;2022;20,0;16,746237546023423;3,2537624539765773;23;Bajo (0-100 min);0
L;298,9;308,2;1828;23,8;26,139136892280902;-2,3391368922809015;26;Bajo (0-100 min);0
L;298,8;308,1;1472;53,5;43,37810412285818;10,121895877141817;28;Bajo (0-100 min);0
M;298,9;308,2;1372;63,6;48,219585614803016;15,380414385196985;30;Bajo (0-100 min);1
L;298,9;308,3;1855;23,8;24,815141975387526;-1,0151419753875253;33;Bajo (0-100 min);0
M;299,0;308,3;1377;47,2;47,97380617263642;-0,7738061726364194;35;Bajo (0-100 min);0
L;298,9;308,3;1432;48,9;45,29669431260629;3,603305687393707;38;Bajo (0-100 min);0
M;298,9;308,2;1335;47,8;50,00392886175412;-2,2039288617541217;40;Bajo (0-100 min);0
M;298,9;308,2;1411;51,3;46,32109818894938;4,978901811050619;43;Bajo (0-100 min);0
L;298,9;308,2;1510;43,5;41,52440903303934;1,9755909669606595;46;Bajo (0-100 min);0
L;299,0;308,3;1441;44,0;44,86460300427703;-0,8646030042770292;48;Bajo (0-100 min);0
M;299,0;308,2;1358;42,7;48,893836737621626;-6,1938367376216235;50;Bajo (0-100 min);0
L;298,9;308,2;1686;30,4;32,99570896942859;-2,5957089694285926;53;Bajo (0-100 min);0
H;299,0;308,2;1662;30,4;34,167775282772865;-3,7677752827728668;55;Bajo (0-100 min);0
L;299,1;308,3;1426;40,1;45,593295598361806;-5,493295598361804;60;Bajo (0-100 min);0
M;299,1;308,4;1330;53,6;50,229780160575494;3,3702198394245073;62;Bajo (0-100 min);0
L;299,1;308,4;1693;31,6;32,64793276380462;-1,0479327638046172;65;Bajo (0-100 min);0
L;299,1;308,4;1426;47,9;45,57687368337466;2,3231263166253413;67;Bajo (0-100 min);0
L;299,1;308,5;1676;31,0;33,457052369308606;-2,457052369308606;69;Bajo (0-100 min);0
M;299,1;308,4;1332;51,7;50,12615845441336;1,573841545586646;71;Bajo (0-100 min);0
L;299,1;308,5;1647;35,0;34,85772460463658;0,14227539536341993;74;Bajo (0-100 min);0
L;299,2;308,6;1267;68,2;53,259222412645926;14,940777587354077;76;Bajo (0-100 min);1
H;299,2;308,7;1375;55,1;48,0162665160126;7,083733483987402;78;Bajo (0-100 min);0
L;299,3;308,6;1422;48,9;45,75880598367024;3,141194016329756;83;Bajo (0-100 min);0
L;299,3;308,7;1408;48,7;46,42414291046503;2,2758570895349735;85;Bajo (0-100 min);0
L;299,4;308,9;1440;42,5;44,861884603362476;-2,3618846033624763;87;Bajo (0-100 min);0
L;299,3;308,8;1772;25,2;28,78195460018122;-3,58195460018122;89;Bajo (0-100 min);0
L;299,2;308,7;1492;37,8;42,34034597354099;-4,540345973540994;91;Bajo (0-100 min);0
L;299,2;308,7;1650;30,5;34,687119270513094;-4,187119270513094;93;Bajo (0-100 min);0
M;299,1;308,6;2329;14,6;1,802454761351882;12,797545238648118;95;Bajo (0-100 min);0
L;299,0;308,6;1648;30,8;34,76881436069135;-3,9688143606913506;98;Bajo (0-100 min);0
L;299,0;308,6;1653;31,7;34,52516800179871;-2,825168001798712;100;Bajo (0-100 min);0
L;299,0;308,6;1946;22,3;20,33407628923971;1,9659237107602898;102;Moderado (100-200 min);0
L;299,1;308,6;1555;36,6;39,279449702568556;-2,6794497025685544;104;Moderado (100-200 min);0
L;299,0;308,6;1661;32,2;34,13322933302242;-1,9332293330224175;106;Moderado (100-200 min);0
L;299,0;308,6;1434;45,9;45,12502506458324;0,7749749354167577;108;Moderado (100-200 min);0
L;299,0;308,6;1297;54,2;51,75824412312333;2,4417558768766696;110;Moderado (100-200 min);0
L;299,0;308,6;1466;46,4;43,572302493392904;2,8276975066070946;112;Moderado (100-200 min);0
M;298,9;308,6;1517;39,8;41,089656757359435;-1,2896567573594382;114;Moderado (100-200 min);0
L;298,9;308,5;1742;34,5;30,20212093783732;4,297879062162679;117;Moderado (100-200 min);0
L;298,9;308,5;1580;39,1;38,04605573888317;1,0539442611168326;119;Moderado (100-200 min);0
M;298,9;308,5;1534;42,9;40,272269494702286;2,6277305052977127;121;Moderado (100-200 min);0
L;298,9;308,6;1481;40,7;42,82557137461031;-2,1255713746103098;124;Moderado (100-200 min);0
L;299,0;308,6;1429;37,7;45,35363931956104;-7,653639319561037;126;Moderado (100-200 min);0
M;298,9;308,6;1574;33,5;38,31870239170591;-4,818702391705912;128;Moderado (100-200 min);0
M;298,9;308,6;1524;40,4;40,73787906113021;-0,3378790611302094;131;Moderado (100-200 min);0
L;299,0;308,7;1507;37,5;41,559032682760176;-4,059032682760176;134;Moderado (100-200 min);0
L;298,9;308,5;1467;44,7;43,505713606681596;1,1942863933184071;136;Moderado (100-200 min);0
L;298,9;308,4;1301;51,1;51,55452360514532;-0,45452360514531875;138;Moderado (100-200 min);0
L;298,9;308,5;1429;55,1;45,34299511450738;9,75700488549262;140;Moderado (100-200 min);0
M;298,9;308,5;1555;37,6;39,23948456188686;-1,63948456188686;142;Moderado (100-200 min);0
L;298,9;308,5;1503;40,6;41,75551849071162;-1,1555184907116214;145;Moderado (100-200 min);0
L;298,9;308,5;1459;43,1;43,884874987130274;-0,7848749871302729;147;Moderado (100-200 min);0
H;298,9;308,4;1449;42,4;44,37881875235806;-1,978818752358059;149;Moderado (100-200 min);0
L;298,9;308,5;1387;57,3;47,366475089176674;9,933524910823323;154;Moderado (100-200 min);0
M;298,9;308,5;1456;50,0;44,02339642946929;5,976603570530713;156;Moderado (100-200 min);0
L;299,0;308,5;1604;34,7;36,864986829178186;-2,164986829178183;159;Moderado (100-200 min);0
L;299,0;308,6;1734;32,4;30,55660107913979;1,84339892086021;161;Moderado (100-200 min);0
L;299,0;308,6;1378;47,8;47,79569004203034;0,004309957969660161;163;Moderado (100-200 min);0
L;298,9;308,7;1504;41,8;41,669736399862636;0,13026360013736138;165;Moderado (100-200 min);0
M;298,9;308,7;1402;49,8;46,60795341889465;3,1920465811053447;167;Moderado (100-200 min);0
H;298,8;308,6;1524;37,7;40,69728404756605;-2,9972840475660476;170;Moderado (100-200 min);0
L;298,8;308,6;1593;35,5;37,351950572271434;-1,8519505722714342;175;Moderado (100-200 min);0
M;298,9;308,7;1772;28,4;28,681844377851974;-0,281844377851975;177;Moderado (100-200 min);0
H;298,9;308,6;1623;31,0;35,90661606621604;-4,9066160662160385;180;Moderado (100-200 min);0
L;298,9;308,7;1356;50,7;48,8221414915819;1,8778585084181003;185;Moderado (100-200 min);0
H;298,9;308,7;1500;41,6;41,846915604357235;-0,24691560435723403;187;Moderado (100-200 min);0
H;299,1;308,8;1566;46,6;38,65827216140681;7,941727838593188;192;Moderado (100-200 min);0
L;299,1;308,9;1445;43,4;44,50321765053903;-1,1032176505390296;197;Moderado (100-200 min);0
H;299,0;308,8;1382;58,5;47,55259637894879;10,947403621051208;199;Moderado (100-200 min);0
M;299,0;308,8;1418;45,7;45,805407683761786;-0,10540768376178278;204;Alto (>200 min);0
L;299,1;308,8;1329;53,6;50,124583322425295;3,4754166775747066;207;Alto (>200 min);1
M;299,1;308,8;1491;41,0;42,27764210059648;-1,2776421005964806;209;Alto (>200 min);0
M;299,2;308,9;1573;37,4;38,304361381903625;-0,9043613819036267;212;Alto (>200 min);0
M;299,2;308,9;1521;42,3;40,82039531072839;1,4796046892716106;215;Alto (>200 min);0
L;299,1;308,9;1467;47,2;43,42200408802338;3,7779959119766247;218;Alto (>200 min);0
M;299,1;308,9;1325;48,4;50,29736629506462;-1,8973662950646215;220;Alto (>200 min);0
L;299,1;308,9;1617;32,3;36,1539516070101;-3,853951607010103;223;Alto (>200 min);0
M;299,1;308,9;1476;42,7;42,98088518435111;-0,28088518435110643;225;Alto (>200 min);0
L;299,2;309,0;1515;48,9;41,09003554276816;7,809964457231835;228;Alto (>200 min);1
L;299,2;309,0;1408;47,2;46,443264905321996;0,7567350946780067;0;Bajo (0-100 min);0
L;299,2;309,1;1468;45,6;43,52488323429972;2,0751167657002796;2;Bajo (0-100 min);0
L;299,2;309,1;1387;48,7;47,44609902962691;1,2539009703730954;4;Bajo (0-100 min);0
M;299,2;309,1;1503;34,7;41,82687477400869;-7,126874774008684;6;Bajo (0-100 min);0
H;299,2;309,1;1410;47,1;46,32848252054289;0,7715174794571098;9;Bajo (0-100 min);0
L;299,0;308,9;1615;30,6;36,39661194139041;-5,79661194139041;14;Bajo (0-100 min);0
L;299,0;308,9;1511;35,9;41,43168621982289;-5,531686219822895;16;Bajo (0-100 min);0
L;299,1;309,0;1405;53,8;46,56373948996911;7,236260510030888;18;Bajo (0-100 min);0
M;299,0;308,9;1526;41,1;40,70225035353647;0,39774964646353084;20;Bajo (0-100 min);0
L;298,9;308,8;1530;38,3;40,50615928683505;-2,206159286835053;23;Bajo (0-100 min);0
L;299,0;308,7;1583;32,5;37,96038179187854;-5,46038179187854;25;Bajo (0-100 min);0
L;298,9;308,6;2069;18,7;14,422442814861792;4,277557185138207;27;Bajo (0-100 min);0
L;298,8;308,5;1490;35,0;42,460994468590464;-7,460994468590464;29;Bajo (0-100 min);0
L;298,8;308,5;1736;29,0;30,546048351942297;-1,5460483519422965;31;Bajo (0-100 min);0
L;298,8;308,5;1395;44,4;47,05870786932939;-2,6587078693293904;33;Bajo (0-100 min);0
M;298,9;308,6;1425;49,6;45,604467500244255;3,995532499755747;35;Bajo (0-100 min);0
L;298,8;308,6;1631;32,4;35,61463255547933;-3,2146325554793336;38;Bajo (0-100 min);0
L;298,8;308,6;1535;41,2;40,262277796309974;0,9377222036900292;40;Bajo (0-100 min);0
L;298,8;308,6;1584;34,4;37,8877717306072;-3,4877717306072;42;Bajo (0-100 min);0
M;298,8;308,7;1543;38,2;39,860681659308206;-1,660681659308203;44;Bajo (0-100 min);0
L;298,8;308,7;1635;35,2;35,40299291129978;-0,2029929112997806;47;Bajo (0-100 min);0
M;298,8;308,7;1446;45,5;44,55450071425185;0,9454992857481486;49;Bajo (0-100 min);0
M;298,8;308,6;1598;35,1;37,20225486284655;-2,10225486284655;52;Bajo (0-100 min);0
L;298,8;308,6;1501;35,0;41,89757712818168;-6,8975771281816805;55;Bajo (0-100 min);0
L;298,8;308,5;1450;50,8;44,37709471111891;6,42290528888109;57;Bajo (0-100 min);0
L;298,8;308,6;1730;25,9;30,80441450604594;-4,904414506045942;59;Bajo (0-100 min);0
M;298,8;308,6;1571;33,7;38,50306341799109;-4,8030634179910905;61;Bajo (0-100 min);0
L;298,9;308,7;1438;51,7;44,941938084847784;6,7580619151522185;64;Bajo (0-100 min);0
M;298,8;308,5;1510;38,7;41,464612482343405;-2,764612482343402;66;Bajo (0-100 min);0
L;298,9;308,7;1389;44,9;47,311182914180364;-2,4111829141803653;69;Bajo (0-100 min);0
L;298,8;308,7;1490;33,6;42,407105693135385;-8,807105693135384;71;Bajo (0-100 min);0
L;298,9;308,7;1729;26,6;30,84244239531905;-4,242442395319049;73;Bajo (0-100 min);0
L;299,0;308,8;1495;38,4;42,17336026709476;-3,773360267094759;75;Bajo (0-100 min);0
L;298,9;308,8;1281;53,9;52,52430140162236;1,3756985983776389;77;Bajo (0-100 min);0
H;298,9;308,7;1353;48,1;49,04709753143125;-0,9470975314312469;79;Bajo (0-100 min);0
L;299,1;308,8;1429;50,1;45,37416779147852;4,7258322085214814;84;Bajo (0-100 min);0
L;299,1;308,8;1413;42,1;46,14752265629072;-4,047522656290717;86;Bajo (0-100 min);0
L;299,1;308,8;1502;38,3;41,83587140257873;-3,535871402578735;88;Bajo (0-100 min);0
H;299,1;308,8;1553;32,6;39,36450807747549;-6,76450807747549;90;Bajo (0-100 min);0
H;299,2;308,9;1712;26,4;31,66071966147341;-5,260719661473413;95;Bajo (0-100 min);0
L;299,3;309,0;1786;23,5;28,073364769990917;-4,573364769990917;100;Bajo (0-100 min);0
L;299,2;309,0;1951;21,4;20,06985524813118;1,3301447518688185;102;Moderado (100-200 min);0
M;299,2;309,0;1541;36,3;39,92409021483418;-3,624090214834183;104;Moderado (100-200 min);0
L;299,2;309,1;1605;34,3;36,811242419815244;-2,5112424198152468;107;Moderado (100-200 min);0
L;299,2;309,1;1578;38,1;38,11731221132998;-0,017312211329979732;109;Moderado (100-200 min);0
M;299,3;309,2;1440;37,5;44,799081631883574;-7,299081631883574;111;Moderado (100-200 min);0
L;299,4;309,2;1489;42,3;42,435106371915275;-0,13510637191527763;114;Moderado (100-200 min);0
L;299,4;309,3;1366;48,4;48,37916393603518;0,02083606396482196;116;Moderado (100-200 min);0
L;299,3;309,2;1541;37,2;39,902528795790104;-2,7025287957901014;118;Moderado (100-200 min);0
H;299,3;309,1;1552;40,7;39,37947133731304;1,3205286626869608;120;Moderado (100-200 min);0
L;299,3;309,1;1473;40,3;43,20157505765253;-2,9015750576525363;125;Moderado (100-200 min);0
L;299,3;309,1;1531;37,9;40,391211324647685;-2,4912113246476864;127;Moderado (100-200 min);0
L;299,3;309,2;1511;37,2;41,347120029643854;-4,147120029643851;129;Moderado (100-200 min);0
M;299,3;309,1;1449;47,9;44,35935253928361;3,540647460716386;131;Moderado (100-200 min);0
M;299,4;309,1;1440;50,0;44,804237801928686;5,195762198071314;134;Moderado (100-200 min);0
M;299,2;309,0;1881;23,9;23,43355314529634;0,46644685470365843;137;Moderado (100-200 min);0
L;299,3;309,0;1447;50,4;44,46060603053935;5,939393969460646;140;Moderado (100-200 min);0
M;299,4;309,1;1326;62,0;50,31908874618902;11,680911253810983;142;Moderado (100-200 min);0
L;299,4;309,2;1607;31,7;36,69722830622008;-4,997228306220084;145;Moderado (100-200 min);0
L;299,3;309,1;1551;39,1;39,40760662672824;-0,30760662672823713;147;Moderado (100-200 min);0
L;299,3;309,1;1496;37,2;42,06967804984943;-4,869678049849426;149;Moderado (100-200 min);0
L;299,3;309,1;1493;38,0;42,21346072855863;-4,21346072855863;151;Moderado (100-200 min);0
L;299,4;309,1;1304;50,5;51,376250942440926;-0,8762509424409259;153;Moderado (100-200 min);0
M;299,3;309,0;1420;41,6;45,75690495450945;-4,15690495450945;155;Moderado (100-200 min);0
L;299,4;309,1;1766;24,6;28,99846599495575;-4,39846599495575;158;Moderado (100-200 min);0
L;299,6;309,2;1450;43,1;44,31181391308059;-1,21181391308059;160;Moderado (100-200 min);0
H;299,5;309,2;1872;22,6;23,86214655826163;-1,2621465582616302;162;Moderado (100-200 min);0
L;299,6;309,2;1713;26,5;31,569823065549794;-5,0698230655497944;167;Moderado (100-200 min);0
M;299,5;309,2;1497;40,9;42,01762145947785;-1,1176214594778529;169;Moderado (100-200 min);0
M;299,4;309,1;1352;44,7;49,03739621811077;-4,337396218110769;172;Moderado (100-200 min);0
L;299,5;309,2;1499;41,5;41,91625456890294;-0,4162545689029429;175;Moderado (100-200 min);0
L;299,5;309,3;1972;19,3;18,996848831685497;0,3031511683145034;177;Moderado (100-200 min);0
L;299,5;309,3;1422;49,2;45,631091956420754;3,568908043579249;179;Moderado (100-200 min);0
L;299,5;309,3;1523;41,5;40,738297146305996;0,761702853694004;181;Moderado (100-200 min);0
L;299,5;309,4;1563;41,5;38,78848806928834;2,7115119307116586;183;Moderado (100-200 min);0
L;299,4;309,3;1391;46,6;47,11658743502322;-0,5165874350232187;185;Moderado (100-200 min);0
L;299,3;309,1;1795;24,7;27,560956772042328;-2,8609567720423286;187;Moderado (100-200 min);0
L;299,3;309,1;1293;53,7;51,87062567116652;1,829374328833481;189;Moderado (100-200 min);0
L;299,2;309,1;1345;60,7;49,33955130543283;11,360448694567175;191;Moderado (100-200 min);1
L;299,2;309,0;1615;33,7;36,273478754596084;-2,5734787545960813;193;Moderado (100-200 min);0
L;299,2;308,9;1342;50,8;49,50415213098448;1,2958478690155175;195;Moderado (100-200 min);0
L;299,1;308,8;1502;46,7;41,75394643624285;4,946053563757154;197;Moderado (100-200 min);0
M;299,0;308,7;1620;35,4;36,03774318891091;-0,6377431889109104;199;Moderado (100-200 min);0
L;299,0;308,7;1537;42,8;40,05506463844281;2,7449353615571894;202;Alto (>200 min);0
L;299,0;308,7;2248;16,8;5,620805711187479;11,179194288812521;204;Alto (>200 min);0
L;299,0;308,7;1706;28,6;31,867619798320895;-3,2676197983208937;206;Alto (>200 min);0
L;299,0;308,7;2250;16,6;5,520942031004054;11,079057968995947;208;Alto (>200 min);0
L;299,0;308,7;1396;48,6;47,035325675715185;1,564674324284816;0;Bajo (0-100 min);0
L;298,9;308,6;1522;46,4;40,93169339078139;5,468306609218608;2;Bajo (0-100 min);0
L;298,9;308,6;1539;45,4;40,106903475485986;5,293096524514013;4;Bajo (0-100 min);0
H;298,9;308,5;1415;54,0;46,12171102654004;7,878288973459959;6;Bajo (0-100 min);0
L;298,8;308,5;1446;37,0;44,60538306892396;-7,605383068923963;11;Bajo (0-100 min);0
M;298,8;308,6;1486;41,1;42,6555739919063;-1,5555739919063;13;Bajo (0-100 min);0
L;299,0;308,7;1426;38,6;45,5704411015764;-6,970441101576398;16;Bajo (0-100 min);0
L;299,0;308,7;1449;38,9;44,45507940807961;-5,555079408079614;18;Bajo (0-100 min);0
L;299,1;308,8;1320;67,5;50,700991161331125;16,799008838668875;20;Bajo (0-100 min);1
M;299,2;308,9;1447;39,6;44,54917371132365;-4,949173711323645;22;Bajo (0-100 min);0
L;299,3;309,0;1422;47,3;45,75775637055545;1,542243629444549;25;Bajo (0-100 min);0
L;299,3;309,1;1399;52,1;46,8589509646523;5,2410490353477;27;Bajo (0-100 min);0
L;299,4;309,2;1427;41,5;45,50156785496763;-4,001567854967632;29;Bajo (0-100 min);0
M;299,3;309,2;1334;46,3;49,99264479576736;-3,6926447957673645;31;Bajo (0-100 min);0
M;299,3;309,1;1385;45,6;47,531690544085336;-1,9316905440853347;34;Bajo (0-100 min);0
L;299,4;309,2;1552;37,4;39,441976300872895;-2,0419763008728964;37;Bajo (0-100 min);0
H;299,4;309,3;1534;37,5;40,3010277464686;-2,8010277464685984;39;Bajo (0-100 min);0
L;299,4;309,3;1448;48,6;44,462131874709705;4,1378681252902965;44;Bajo (0-100 min);0
L;299,5;309,3;1409;44,7;46,36062763355744;-1,6606276335574393;46;Bajo (0-100 min);0
L;299,4;309,2;1621;34,5;36,09213319440383;-1,5921331944038286;48;Bajo (0-100 min);0
H;299,4;309,1;1547;40,9;39,68550926044635;1,2144907395536464;50;Bajo (0-100 min);0
L;299,4;309,1;1957;22,1;19,826013057373167;2,273986942626834;55;Bajo (0-100 min);0
L;299,4;309,1;2421;14,2;-2,6463743339252446;16,846374333925244;57;Bajo (0-100 min);0
M;299,3;309,1;1571;38,3;38,50517528994892;-0,20517528994892587;59;Bajo (0-100 min);0
L;299,3;309,1;1634;36,8;35,45191680324718;1,3480831967528175;62;Bajo (0-100 min);0
L;299,3;309,0;1516;38,7;41,176152576099845;-2,4761525760998424;64;Bajo (0-100 min);0
L;299,4;309,1;1207;66,5;56,139217675392835;10,360782324607165;66;Bajo (0-100 min);0
L;299,4;309,1;1670;35,9;33,715258913794656;2,1847410862053422;68;Bajo (0-100 min);0
M;299,4;309,1;1461;48,6;43,83533931075133;4,764660689248672;70;Bajo (0-100 min);0
L;299,4;309,2;1569;40,8;38,591631808922266;2,2083681910777315;73;Bajo (0-100 min);0
L;299,4;309,2;1556;35,7;39,21970078463378;-3,519700784633777;75;Bajo (0-100 min);0
M;299,5;309,3;1506;41,5;41,63975079156708;-0,13975079156708148;77;Bajo (0-100 min);0
M;299,6;309,4;1642;30,3;35,05132406906179;-4,751324069061791;80;Bajo (0-100 min);0
M;299,6;309,4;1283;62,1;52,43494731585729;9,665052684142708;83;Bajo (0-100 min);0
H;299,7;309,5;1375;46,8;47,97738030016213;-1,1773803001621346;86;Bajo (0-100 min);0
L;299,7;309,4;1399;39,9;46,82249583999485;-6,922495839994852;91;Bajo (0-100 min);0
L;299,7;309,4;1650;29,8;34,66540657484553;-4,865406574845526;93;Bajo (0-100 min);0
M;299,8;309,6;1346;53,2;49,37516784702041;3,824832152979596;95;Bajo (0-100 min);0
H;299,9;309,6;1410;51,2;46,28476314154865;4,915236858451351;98;Bajo (0-100 min);0
L;300,0;309,7;1586;37,8;37,75768802064266;0,04231197935733633;103;Moderado (100-200 min);0
L;300,0;309,8;1372;39,6;48,10875088748353;-8,50875088748353;105;Moderado (100-200 min);0
H;300,0;309,7;1529;42,4;40,51511349277283;1,884886507227172;107;Moderado (100-200 min);0
M;300,0;309,7;1652;28,6;34,554634013665776;-5,954634013665775;112;Moderado (100-200 min);0
L;300,1;309,8;1532;39,8;40,36393649441947;-0,5639364944194725;115;Moderado (100-200 min);0
L;300,0;309,7;1554;32,0;39,29688169830965;-7,296881698309647;117;Moderado (100-200 min);0
H;299,9;309,6;1462;51,0;43,75069068802609;7,24930931197391;119;Moderado (100-200 min);0
L;299,9;309,6;1254;61,3;53,82008763969531;7,479912360304688;124;Moderado (100-200 min);0
L;299,9;309,6;1294;49,7;51,88143924129461;-2,181439241294605;126;Moderado (100-200 min);0
L;299,8;309,5;1739;27,5;30,329074081987315;-2,829074081987315;128;Moderado (100-200 min);0
M;299,8;309,4;1412;47,8;46,174893462188145;1,6251065378118525;130;Moderado (100-200 min);0
M;299,9;309,5;1372;56,2;48,1099055669234;8,090094433076601;133;Moderado (100-200 min);0
H;299,8;309,5;1420;46,7;45,77179411479489;0,9282058852051094;136;Moderado (100-200 min);0
L;299,8;309,5;1542;40,3;39,85974326538807;0,4402567346119284;141;Moderado (100-200 min);0
M;299,8;309,4;1401;48,1;46,69783752134603;1,4021624786539704;143;Moderado (100-200 min);0
L;299,8;309,4;1510;42,5;41,41686206843369;1,0831379315663128;146;Moderado (100-200 min);0
H;299,9;309,5;1547;38,5;39,623621291446945;-1,1236212914469448;148;Moderado (100-200 min);0
M;299,8;309,5;1453;43,2;44,16087204635967;-0,9608720463596683;153;Moderado (100-200 min);0
L;299,8;309,4;1408;45,6;46,34906624589978;-0,7490662458997761;156;Moderado (100-200 min);0
L;299,8;309,4;1436;51,6;44,99156140390184;6,608438596098161;158;Moderado (100-200 min);0
M;299,9;309,5;1582;38,2;37,919599989589976;0,2804000104100268;160;Moderado (100-200 min);0
L;299,9;309,6;1280;59,3;52,53163066485538;6,7683693351446195;163;Moderado (100-200 min);0
L;299,9;309,5;2008;20,4;17,2852457113131;3,1147542886868997;165;Moderado (100-200 min);0
L;299,9;309,5;1772;23,5;28,712899110175996;-5,2128991101759965;167;Moderado (100-200 min);0
L;299,9;309,5;1779;26,1;28,372395491882898;-2,2723954918828966;169;Moderado (100-200 min);0
L;299,9;309,5;1567;35,5;38,63776177794027;-3,13776177794027;171;Moderado (100-200 min);0
M;299,8;309,4;1751;27,0;29,725268970393124;-2,725268970393124;173;Moderado (100-200 min);0
L;299,9;309,5;1349;51,3;49,191445026611795;2,108554973388202;176;Moderado (100-200 min);0
M;300,0;309,5;1425;40,8;45,52064836993303;-4,720648369933031;178;Moderado (100-200 min);0
L;300,0;309,4;1395;44,5;46,98241312396967;-2,482413123969671;181;Moderado (100-200 min);0
H;299,8;309,3;1595;32,1;37,2837798302886;-5,1837798302886;183;Moderado (100-200 min);0
L;299,8;309,3;1291;56,4;52,002325233179945;4,397674766820053;188;Moderado (100-200 min);0
M;299,9;309,4;1509;42,8;41,4435024804515;1,3564975195484976;190;Moderado (100-200 min);0
M;299,9;309,4;1483;38,1;42,70039203707026;-4,600392037070257;193;Moderado (100-200 min);0
L;299,9;309,3;1620;31,1;36,07457563116842;-4,97457563116842;196;Moderado (100-200 min);0
M;299,9;309,4;1487;42,2;42,50291949229063;-0,3029194922906271;198;Moderado (100-200 min);0
L;299,8;309,4;2256;15,9;5,247766026295977;10,652233973704023;201;Alto (>200 min);0
H;299,7;309,2;1691;27,7;32,619477542838375;-4,919477542838376;203;Alto (>200 min);0
M;299,8;309,3;1663;35,2;33,971842880779384;1,2281571192206187;208;Alto (>200 min);0
M;299,8;309,3;1640;31,1;35,08344654829746;-3,983446548297458;211;Alto (>200 min);0
H;299,7;309,3;1494;37,8;42,140489258013645;-4,340489258013648;214;Alto (>200 min);0
L;299,8;309,4;1467;46,2;43,444425966254435;2,7555740337455674;219;Alto (>200 min);0
M;299,7;309,3;1399;41,9;46,73594784316535;-4,83594784316535;221;Alto (>200 min);1
L;299,7;309,3;1445;42,6;44,67433562521373;-2,0743356252137275;0;Bajo (0-100 min);0
L;299,8;309,4;1480;40,9;42,97795210762745;-2,0779521076274534;2;Bajo (0-100 min);0
L;299,7;309,3;1546;37,2;39,78003760470749;-2,580037604707485;4;Bajo (0-100 min);0
L;299,7;309,3;1574;35,8;38,42253276270955;-2,622532762709554;6;Bajo (0-100 min);0
L;299,7;309,3;1592;34,2;37,54931421771391;-3,3493142177139106;8;Bajo (0-100 min);0
L;299,8;309,5;1495;39,6;42,2343491419411;-2,634349141941101;10;Bajo (0-100 min);0
L;299,8;309,6;1447;43,1;44,54625947854372;-1,4462594785437162;12;Bajo (0-100 min);0
L;299,8;309,5;1476;44,4;43,15148668546251;1,2485133145374903;14;Bajo (0-100 min);0
L;299,8;309,5;1641;27,1;35,159259574533;-8,059259574533002;16;Bajo (0-100 min);0
L;299,8;309,5;1545;32,2;39,806904815363644;-7,606904815363642;18;Bajo (0-100 min);0
M;299,9;309,6;1364;44,4;48,57110531302713;-4,171105313027134;20;Bajo (0-100 min);0
L;299,8;309,5;1590;28,5;37,623858452874565;-9,123858452874565;23;Bajo (0-100 min);0
L;299,8;309,4;1460;37,4;43,929237782129995;-6,5292377821299965;25;Bajo (0-100 min);0
L;299,8;309,4;1609;32,5;36,71186874640418;-4,211868746404178;27;Bajo (0-100 min);0
L;299,8;309,4;1633;27,5;35,54807842320716;-8,048078423207158;29;Bajo (0-100 min);0
L;299,9;309,4;1348;52,8;49,36001708831158;3,4399829116884177;31;Bajo (0-100 min);0
L;299,9;309,4;1322;53,9;50,617658250126084;3,2823417498739147;33;Bajo (0-100 min);0
L;300,0;309,5;1641;30,1;35,167543897674356;-5,067543897674355;35;Bajo (0-100 min);0
L;300,0;309,5;1728;26,0;30,952749903362825;-4,952749903362825;37;Bajo (0-100 min);0
L;300,0;309,6;1431;47,7;45,32338903532282;2,376610964677184;39;Bajo (0-100 min);0
L;300,1;309,7;1641;30,4;35,15199532019622;-4,751995320196222;41;Bajo (0-100 min);0
M;300,1;309,6;1622;36,1;36,08179675272607;0,018203247273930856;43;Bajo (0-100 min);0
M;300,1;309,6;1625;38,0;35,93425604803815;2,0657439519618492;46;Bajo (0-100 min);0
L;300,0;309,5;1869;22,7;24,11529385328143;-1,4152938532814296;49;Bajo (0-100 min);0
L;300,0;309,6;1452;46,0;44,29736854926908;1,7026314507309195;51;Bajo (0-100 min);0
L;300,0;309,6;1618;28,7;36,25671280863934;-7,556712808639343;53;Bajo (0-100 min);0
L;300,0;309,4;2010;20,0;17,293508112991447;2,7064918870085535;55;Bajo (0-100 min);0
L;299,9;309,4;1363;60,9;48,614045907718825;12,285954092281173;57;Bajo (0-100 min);0
L;299,9;309,3;1473;40,4;43,29655410891895;-2,8965541089189486;59;Bajo (0-100 min);0
L;299,9;309,2;1333;50,8;50,08621973517669;0,7137802648233063;61;Bajo (0-100 min);0
L;299,8;309,2;1760;25,9;29,394409231856585;-3,4944092318565865;63;Bajo (0-100 min);0
M;299,8;309,2;1372;58,2;48,18321434515451;10,016785654845492;65;Bajo (0-100 min);0
M;299,7;309,2;1608;34,4;36,74052050938267;-2,340520509382671;68;Bajo (0-100 min);0
L;299,7;309,2;1326;64,8;50,395139269260426;14,404860730739571;71;Bajo (0-100 min);0
M;299,6;309,1;1560;37,1;39,061214976701756;-1,9612149767017542;73;Bajo (0-100 min);0
M;299,6;309,0;1539;36,1;40,087122063436325;-3,987122063436324;76;Bajo (0-100 min);0
L;299,6;309,1;2266;15,3;4,866092777164617;10,433907222835384;79;Bajo (0-100 min);0
L;299,6;309,1;1641;35,8;35,13248312941715;0,667516870582844;81;Bajo (0-100 min);0
L;299,6;309,1;1574;39,2;38,37569810894111;0,8243018910588944;83;Bajo (0-100 min);0
L;299,6;309,1;1407;50,6;46,461776058488105;4,138223941511896;85;Bajo (0-100 min);0
H;299,7;309,2;1302;55,5;51,54540069893409;3,9545993010659117;87;Bajo (0-100 min);0
M;299,6;309,2;1651;30,8;34,62876849664473;-3,828768496644731;92;Bajo (0-100 min);0
M;299,6;309,1;1366;55,2;48,43983382424013;6,7601661757598706;95;Bajo (0-100 min);0
M;299,5;309,0;1701;28,6;32,21386632676244;-3,613866326762441;98;Bajo (0-100 min);0
L;299,5;309,0;1498;44,6;42,042623340321995;2,557376659678006;101;Moderado (100-200 min);0
M;299,5;309,1;1422;45,3;45,710535308531064;-0,4105353085310668;103;Moderado (100-200 min);0
L;299,5;309,1;1357;47,3;48,856141423458816;-1,5561414234588185;106;Moderado (100-200 min);0
L;299,5;309,2;1690;29,2;32,716743844273644;-3,5167438442736447;108;Moderado (100-200 min);0
L;299,6;309,2;1559;39,1;39,070673535542575;0,029326464457426482;110;Moderado (100-200 min);0
M;299,6;309,3;1553;32,4;39,348581424735514;-6,948581424735515;112;Moderado (100-200 min);0
L;299,6;309,3;1558;34,8;39,104183460647135;-4,304183460647138;115;Moderado (100-200 min);0
L;299,7;309,4;1362;51,9;48,594813403814086;3,305186596185912;117;Moderado (100-200 min);0
M;299,8;309,3;1470;42,7;43,385461275344895;-0,6854612753448919;119;Moderado (100-200 min);0
L;299,8;309,4;1555;34,8;39,25561225662113;-4,45561225662113;122;Moderado (100-200 min);0
M;299,8;309,4;1423;42,9;45,64668816666006;-2,746688166660064;124;Moderado (100-200 min);0
L;299,7;309,3;1434;38,5;45,11159669205703;-6,611596692057027;127;Moderado (100-200 min);0
L;299,7;309,3;1779;25,5;28,402216235086044;-2,902216235086044;129;Moderado (100-200 min);0
L;299,7;309,3;1417;54,6;45,931876976177975;8,668123023822027;131;Moderado (100-200 min);0
L;299,6;309,2;1425;45,9;45,54282299587139;0,35717700412860864;133;Moderado (100-200 min);0
M;299,7;309,2;1597;32,9;37,22287788797049;-4,322877887970492;135;Moderado (100-200 min);0
L;299,7;309,2;1346;57,4;49,37620912714111;8,02379087285889;138;Moderado (100-200 min);0
L;299,7;309,2;1422;40,4;45,69413005953211;-5,294130059532108;140;Moderado (100-200 min);0
H;299,7;309,2;1572;32,8;38,42833239410606;-5,62833239410606;142;Moderado (100-200 min);0
L;299,7;309,2;1412;45,4;46,17315512016422;-0,7731551201642191;147;Moderado (100-200 min);0
M;299,7;309,1;1576;36,4;38,2405173175519;-1,8405173175518996;149;Moderado (100-200 min);0
M;299,7;309,1;1508;41,2;41,53140932158034;-0,3314093215803382;152;Moderado (100-200 min);0
M;299,8;309,1;1496;44,4;42,121580473326105;2,2784195266738934;155;Moderado (100-200 min);0
L;299,8;309,2;1572;35,4;38,42758912190442;-3,0275891219044198;158;Moderado (100-200 min);0
L;299,6;309,0;1525;42,8;40,701988042797225;2,098011957202772;160;Moderado (100-200 min);0
L;299,6;309,0;1378;51,9;47,81949339833962;4,080506601660382;162;Moderado (100-200 min);0
L;299,6;309,1;1369;51,4;48,24268717663324;3,157312823366759;164;Moderado (100-200 min);0
L;299,6;309,1;1476;45,3;43,0593205883171;2,2406794116828976;166;Moderado (100-200 min);0
L;299,7;309,2;1620;30,0;36,08421643340571;-6,084216433405707;168;Moderado (100-200 min);0
M;299,7;309,1;1603;38,5;36,91716060653509;1,5828393934649085;170;Moderado (100-200 min);0
L;299,7;309,2;1411;46,1;46,20204201477516;-0,10204201477515795;173;Moderado (100-200 min);0
L;299,7;309,2;1616;31,6;36,27266971583643;-4,672669715836427;175;Moderado (100-200 min);0
L;299,7;309,2;1631;35,1;35,54473705994149;-0,44473705994148816;177;Moderado (100-200 min);0
M;299,7;309,2;1685;28,9;32,928087845737565;-4,028087845737566;179;Moderado (100-200 min);1
H;299,7;309,2;1456;40,6;44,015989231503106;-3,4159892315031044;182;Moderado (100-200 min);0
L;299,7;309,1;1417;50,1;45,91210844245034;4,187891557549662;187;Moderado (100-200 min);0
M;299,7;309,1;1851;24,7;24,892579942158847;-0,19257994215884722;189;Moderado (100-200 min);0
L;299,7;309,1;1715;27,8;31,47661876580296;-3,67661876580296;192;Moderado (100-200 min);0
H;299,6;309,1;1630;32,3;35,580266669000835;-3,280266669000838;194;Moderado (100-200 min);0
L;299,7;309,2;1478;38,8;42,93778208977042;-4,137782089770425;199;Moderado (100-200 min);0
L;299,7;309,2;1781;29,6;28,262404080209116;1,3375959197908855;201;Alto (>200 min);0
L;299,8;309,2;1439;36,1;44,834774638226676;-8,734774638226675;203;Alto (>200 min);0
M;299,7;309,2;1412;45,3;46,129562018811185;-0,8295620188111883;205;Alto (>200 min);0
L;299,7;309,1;1483;41,1;42,70003517312455;-1,600035173124546;208;Alto (>200 min);0
L;299,8;309,2;1400;42,6;46,718229960165466;-4,118229960165465;210;Alto (>200 min);0
L;299,8;309,3;1299;65,1;51,5968576708803;13,503142329119697;212;Alto (>200 min);1
L;299,8;309,2;1479;44,4;42,889361793064296;1,5106382069357025;214;Alto (>200 min);0
L;299,8;309,2;1491;47,5;42,30671502627004;5,193284973729959;216;Alto (>200 min);0
M;299,9;309,3;1389;52,8;47,408903710287085;5,391096289712912;0;Bajo (0-100 min);0
M;299,9;309,4;1399;54,8;46,9112019190806;7,8887980809194005;3;Bajo (0-100 min);0
M;299,9;309,4;1889;26,0;23,17891855038046;2,821081449619541;6;Bajo (0-100 min);0
L;300,0;309,5;1925;21,9;21,433354797898204;0,4666452021017946;9;Bajo (0-100 min);0
L;300,0;309,5;1675;30,2;33,53900901256433;-3,339009012564329;11;Bajo (0-100 min);0
M;300,0;309,6;1477;38,1;43,11521380420152;-5,015213804201515;13;Bajo (0-100 min);0
L;300,0;309,6;1364;45,9;48,58539414474033;-2,6853941447403287;16;Bajo (0-100 min);0
L;299,9;309,5;1451;39,4;44,370478418115525;-4,970478418115526;18;Bajo (0-100 min);0
L;299,9;309,4;1467;41,2;43,60527781113731;-2,40527781113731;20;Bajo (0-100 min);0
L;299,9;309,4;1858;22,5;24,66818038795573;-2,1681803879557293;22;Bajo (0-100 min);0
L;300,1;309,4;1559;39,7;39,16940227979361;0,5305977202063943;24;Bajo (0-100 min);0
L;300,1;309,4;1560;47,7;39,11947043970189;8,58052956029811;26;Bajo (0-100 min);0
L;300,1;309,4;1453;47,6;44,299830607235066;3,3001693927649356;28;Bajo (0-100 min);0
L;300,1;309,4;1464;41,7;43,76561247014104;-2,0656124701410405;30;Bajo (0-100 min);0
L;300,0;309,4;1308;50,2;51,30769308205528;-1,1076930820552775;32;Bajo (0-100 min);0
L;300,1;309,5;1353;50,9;49,1270232674667;1,7729767325333015;34;Bajo (0-100 min);0
M;300,2;309,6;1556;35,8;39,29462996024169;-3,4946299602416957;36;Bajo (0-100 min);0
L;300,2;309,5;2183;17,8;8,938785001226947;8,861214998773054;39;Bajo (0-100 min);0
M;300,2;309,6;1491;41,8;42,43873286477796;-0,638732864777964;41;Bajo (0-100 min);0
M;300,2;309,6;1528;35,1;40,64461875028221;-5,544618750282211;44;Bajo (0-100 min);0
L;300,2;309,6;1430;52,7;45,38836964531757;7,3116303546824355;47;Bajo (0-100 min);0
L;300,2;309,5;1495;32,6;42,250166183028064;-9,650166183028063;49;Bajo (0-100 min);0
M;300,2;309,5;1630;28,3;35,71079796310547;-7,41079796310547;51;Bajo (0-100 min);0
M;300,3;309,6;1524;38,4;40,84209962805594;-2,442099628055942;54;Bajo (0-100 min);0
L;300,3;309,6;1326;52,4;50,428713493114344;1,9712865068856544;57;Bajo (0-100 min);0
H;300,3;309,5;1438;44,0;45,014364434914015;-1,0143644349140146;59;Bajo (0-100 min);0
L;300,4;309,6;1356;45,9;48,98187577666746;-3,0818757766674594;64;Bajo (0-100 min);0
H;300,4;309,6;1416;43,3;46,07465478426215;-2,774654784262154;66;Bajo (0-100 min);0
L;300,4;309,7;1584;32,6;37,92372629002777;-5,323726290027771;71;Bajo (0-100 min);0
L;300,3;309,6;1597;31,8;37,292529161220024;-5,492529161220023;73;Bajo (0-100 min);0
L;300,4;309,6;1553;43,9;39,433168068568904;4,466831931431095;75;Bajo (0-100 min);0
M;300,3;309,5;1405;49,4;46,59898032149826;2,8010196785017385;77;Bajo (0-100 min);0
L;300,2;309,5;1539;35,3;40,096006715149926;-4,796006715149929;80;Bajo (0-100 min);0
M;300,3;309,6;1398;53,7;46,9230620248042;6,7769379751958;82;Bajo (0-100 min);0
L;300,3;309,6;1568;39,6;38,6879401601778;0,9120598398221986;85;Bajo (0-100 min);0
L;300,3;309,6;1404;44,6;46,62873222062411;-2,028732220624107;87;Bajo (0-100 min);0
M;300,2;309,5;1500;45,7;41,97795882669723;3,7220411733027703;89;Bajo (0-100 min);0
M;300,2;309,5;1642;28,8;35,098838593677286;-6,298838593677285;92;Bajo (0-100 min);0
M;300,3;309,6;1509;46,6;41,53771326053398;5,062286739466025;95;Bajo (0-100 min);0
L;300,2;309,5;1343;50,2;49,574489242871735;0,6255107571282679;98;Bajo (0-100 min);0
L;300,1;309,5;1450;40,1;44,379840243625374;-4,279840243625372;100;Bajo (0-100 min);0
L;300,0;309,4;1460;43,5;43,893929003918316;-0,3939290039183163;102;Moderado (100-200 min);0
L;300,0;309,3;1364;41,2;48,552734923365904;-7,352734923365901;104;Moderado (100-200 min);0
M;299,9;309,3;1452;41,9;44,278229888423915;-2,378229888423917;106;Moderado (100-200 min);0
L;299,9;309,3;1471;41,8;43,35583110853231;-1,5558311085323098;109;Moderado (100-200 min);0
L;299,9;309,2;1598;34,6;37,21505260482852;-2,61505260482852;111;Moderado (100-200 min);0
L;299,8;309,1;1772;24,8;28,78684609428367;-3,9868460942836705;113;Moderado (100-200 min);0
L;299,9;309,2;1761;25,6;29,31817954290799;-3,71817954290799;115;Moderado (100-200 min);0
M;300,0;309,3;1413;40,7;46,16996120050997;-5,469961200509964;117;Moderado (100-200 min);0
L;300,0;309,3;1887;22,6;23,212535907013514;-0,6125359070135126;120;Moderado (100-200 min);0
L;300,0;309,3;1395;56,5;47,03791850913541;9,462081490864591;122;Moderado (100-200 min);0
M;300,1;309,4;1569;31,6;38,6099554632171;-7,009955463217096;124;Moderado (100-200 min);0
L;300,1;309,4;1434;47,3;45,14556565716099;2,1544343428390107;127;Moderado (100-200 min);0
L;300,2;309,5;1417;41,1;45,96747088398668;-4,867470883986677;129;Moderado (100-200 min);0
L;300,2;309,5;1729;28,4;30,856235207123298;-2,4562352071232993;131;Moderado (100-200 min);0
L;300,2;309,5;1356;51,1;48,91861087491777;2,1813891250822337;133;Moderado (100-200 min);0
L;300,2;309,5;1436;48,8;45,04281728850785;3,757182711492149;135;Moderado (100-200 min);0
M;300,3;309,6;1419;42,5;45,864722515333554;-3,364722515333554;137;Moderado (100-200 min);0
L;300,3;309,6;1593;38,1;37,43588613190623;0,6641138680937715;140;Moderado (100-200 min);0
M;300,3;309,5;1320;62,2;50,66655950829461;11,533440491705392;142;Moderado (100-200 min);0
M;300,3;309,5;1448;42,4;44,465440091077895;-2,065440091077896;145;Moderado (100-200 min);0
L;300,3;309,4;1470;33,5;43,40891610070256;-9,908916100702562;148;Moderado (100-200 min);0
M;300,3;309,4;1612;33,1;36,530547472878354;-3,4305474728783523;150;Moderado (100-200 min);0
L;300,4;309,4;1412;51,6;46,22530100826744;5,374698991732565;153;Moderado (100-200 min);0
M;300,4;309,4;1875;23,9;23,801342246669257;0,09865775333074112;155;Moderado (100-200 min);0
L;300,3;309,3;1612;36,0;36,53569530992937;-0,5356953099293733;158;Moderado (100-200 min);0
M;300,4;309,3;1411;41,6;46,27962908021443;-4,679629080214426;160;Moderado (100-200 min);0
M;300,3;309,2;1490;47,9;42,451390785995734;5,448609214004264;163;Moderado (100-200 min);0
M;300,4;309,3;1467;40,3;43,56311618582707;-3,263116185827073;166;Moderado (100-200 min);0
L;300,3;309,2;1807;26,4;27,095005539848234;-0,6950055398482355;169;Moderado (100-200 min);0
L;300,3;309,1;1368;46,0;48,36483144647487;-2,3648314464748665;171;Moderado (100-200 min);0
L;300,3;309,2;1572;32,0;38,47272709861942;-6,472727098619423;173;Moderado (100-200 min);0
M;300,3;309,1;1458;44,3;44,00324835267116;0,29675164732883985;175;Moderado (100-200 min);0
L;300,3;309,1;1699;30,3;32,3296937793284;-2,029693779328401;178;Moderado (100-200 min);0
L;300,3;309,3;1478;39,5;43,008596375453926;-3,5085963754539264;180;Moderado (100-200 min);0
M;300,4;309,4;1362;42,1;48,62493594260244;-6,52493594260244;182;Moderado (100-200 min);0
H;300,4;309,4;1487;38,9;42,56910241448641;-3,66910241448641;185;Moderado (100-200 min);0
L;300,3;309,4;1705;29,4;31,996620702927242;-2,5966207029272432;190;Moderado (100-200 min);0
L;300,3;309,3;1345;53,5;49,44058486323567;4,059415136764329;192;Moderado (100-200 min);0
L;300,3;309,2;1532;40,2;40,394088577518055;-0,19408857751805186;194;Moderado (100-200 min);0
L;300,3;309,2;1650;35,2;34,678007062499375;0,5219929375006274;196;Moderado (100-200 min);0
L;300,3;309,2;1398;54,4;46,880518536565965;7,519481463434033;198;Moderado (100-200 min);0
L;300,3;309,2;1412;44,8;46,20101451037126;-1,4010145103712617;200;Moderado (100-200 min);0
L;300,4;309,3;1525;39,6;40,727197876167;-1,1271978761669956;202;Alto (>200 min);0
M;300,3;309,3;1391;57,9;47,20384863467616;10,696151365323836;204;Alto (>200 min);0
L;300,4;309,3;1766;28,2;29,05214009243275;-0,8521400924327516;207;Alto (>200 min);0
L;300,4;309,3;1671;35,0;33,65135670356315;1,3486432964368475;209;Alto (>200 min);0
L;300,5;309,3;1373;48,8;48,09286755477057;0,7071324452294263;211;Alto (>200 min);0
M;300,5;309,4;1347;50,1;49,33934803796813;0,7606519620318721;213;Alto (>200 min);0
M;300,5;309,3;1539;39,1;40,04995699855361;-0,9499569985536098;216;Alto (>200 min);0
L;300,5;309,3;1470;40,8;43,38927763228229;-2,5892776322822897;219;Alto (>200 min);0
L;300,5;309,3;1528;37,0;40,57891389927743;-3,578913899277431;221;Alto (>200 min);0
H;300,5;309,3;1471;45,2;43,33784258179909;1,8621574182009155;223;Alto (>200 min);0
M;300,4;309,2;1528;37,2;40,573530930593975;-3,3735309305939722;228;Alto (>200 min);0
L;300,5;309,3;1417;51,5;45,946975744045595;5,553024255954405;231;Alto (>200 min);1
L;300,6;309,4;1549;43,4;39,55301514553697;3,846984854463031;233;Alto (>200 min);0
H;300,6;309,4;1463;49,2;43,7163740893653;5,4836259106347;235;Alto (>200 min);0
L;300,7;309,5;1479;43,6;42,93787972049616;0,6621202795038386;240;Alto (>200 min);0
L;300,6;309,5;1867;23,0;24,134785775485046;-1,1347857754850459;242;Alto (>200 min);0
L;300,6;309,4;1471;44,1;43,322180605001776;0,7778193949982253;244;Alto (>200 min);0
H;300,6;309,4;1380;47,6;47,72768269733126;-0,12768269733125948;246;Alto (>200 min);1
H;300,7;309,7;1623;32,7;36,12222093340715;-3,4222209334071465;0;Bajo (0-100 min);0
L;300,8;309,7;1997;20,7;18,017437810472483;2,6825621895275162;5;Bajo (0-100 min);0
H;300,7;309,6;1390;48,5;47,4119910958076;1,0880089041923995;7;Bajo (0-100 min);0
L;300,8;309,7;1418;46,6;46,05235317053571;0,5476468294642913;12;Bajo (0-100 min);0
L;300,8;309,7;1519;35,8;41,15955836042095;-5,359558360420955;14;Bajo (0-100 min);0
M;300,8;309,7;1519;39,7;41,15805515002947;-1,458055150029466;16;Bajo (0-100 min);0
M;300,7;309,6;1536;37,2;40,33239189722505;-3,132391897225048;19;Bajo (0-100 min);0
L;300,8;309,6;1680;28,7;33,367696815734874;-4,667696815734875;22;Bajo (0-100 min);0
H;300,6;309,4;1555;37,9;39,419528853245666;-1,5195288532456672;24;Bajo (0-100 min);0
L;300,6;309,5;1471;49,6;43,47261504346935;6,127384956530655;29;Bajo (0-100 min);0
M;300,5;309,4;1877;23,8;23,80896644247104;-0,008966442471038505;31;Bajo (0-100 min);0
M;300,5;309,3;1578;30,5;38,29803258586967;-7,79803258586967;34;Bajo (0-100 min);0
M;300,5;309,4;1655;32,1;34,55561260474774;-2,455612604747742;37;Bajo (0-100 min);0
H;300,5;309,4;1502;34,3;41,96293813329577;-7,662938133295775;40;Bajo (0-100 min);0
M;300,6;309,4;1367;63,2;48,508327527778405;14,691672472221597;45;Bajo (0-100 min);1
L;300,7;309,5;1541;37,2;40,07961287666434;-2,879612876664339;48;Bajo (0-100 min);0
M;300,6;309,6;1588;37,0;37,779520980814844;-0,7795209808148442;50;Bajo (0-100 min);0
L;300,6;309,6;1684;32,8;33,1281177140055;-0,3281177140055007;53;Bajo (0-100 min);0
L;300,6;309,5;1437;40,0;45,09964671818789;-5,099646718187891;55;Bajo (0-100 min);0
L;300,6;309,6;1409;42,4;46,4429844607859;-4,0429844607859025;57;Bajo (0-100 min);0
M;300,5;309,5;1320;49,9;50,75150756140165;-0,8515075614016538;59;Bajo (0-100 min);0
H;300,5;309,5;1635;34,2;35,49423439024184;-1,29423439024184;62;Bajo (0-100 min);0
M;300,5;309,5;1691;27,6;32,778473101050224;-5,178473101050223;67;Bajo (0-100 min);0
M;300,6;309,6;1365;50,0;48,56407330005139;1,4359266999486096;70;Bajo (0-100 min);0
M;300,7;309,7;1523;38,2;40,91021672414102;-2,71021672414102;73;Bajo (0-100 min);0
L;300,6;309,7;1593;32,4;37,50667541860744;-5,106675418607445;76;Bajo (0-100 min);0
L;300,6;309,6;1682;30,7;33,2061848435124;-2,506184843512404;78;Bajo (0-100 min);0
L;300,7;309,6;1329;54,3;50,311270328232496;3,9887296717675014;80;Bajo (0-100 min);0
M;300,7;309,6;1568;35,2;38,73532461948593;-3,5353246194859267;82;Bajo (0-100 min);0
L;300,7;309,6;1733;24,8;30,742345903360686;-5,942345903360685;85;Bajo (0-100 min);0
M;300,7;309,6;1473;48,1;43,33228641502912;4,767713584970885;87;Bajo (0-100 min);0
M;300,7;309,5;1633;31,3;35,592611526021976;-4,292611526021975;90;Bajo (0-100 min);0
M;300,6;309,5;1530;40,2;40,567223158628266;-0,3672231586282635;93;Bajo (0-100 min);0
M;300,6;309,5;1550;40,2;39,59639574903643;0,6036042509635706;96;Bajo (0-100 min);0
L;300,6;309,4;1410;40,6;46,385309770098424;-5,785309770098422;99;Bajo (0-100 min);0
L;300,5;309,3;1574;33,5;38,441389556555876;-4,941389556555876;101;Moderado (100-200 min);0
L;300,6;309,4;1425;40,3;45,655873903812;-5,355873903812004;103;Moderado (100-200 min);0
M;300,6;309,4;1541;35,2;40,03664964819379;-4,836649648193784;105;Moderado (100-200 min);0
M;300,7;309,5;1733;26,7;30,736219662475577;-4,0362196624755775;108;Moderado (100-200 min);0
L;300,6;309,4;2496;13,5;-6,217201346700733;19,717201346700733;111;Moderado (100-200 min);0
L;300,6;309,4;1552;36,4;39,497921879925315;-3,097921879925316;113;Moderado (100-200 min);0
L;300,6;309,3;1409;38,7;46,432873395283735;-7,7328733952837325;115;Moderado (100-200 min);0
M;300,6;309,4;1581;35,7;38,09048519783566;-2,390485197835659;117;Moderado (100-200 min);0
L;300,7;309,5;1251;59,9;54,069799915637745;5,830200084362254;120;Moderado (100-200 min);0
L;300,7;309,6;1500;44,1;41,99840723127192;2,101592768728082;122;Moderado (100-200 min);0
L;300,6;309,5;1576;38,8;38,31620643134966;0,4837935686503343;124;Moderado (100-200 min);0
M;300,7;309,5;1352;44,0;49,17399868474002;-5,17399868474002;126;Moderado (100-200 min);0
L;300,7;309,6;1661;30,3;34,196136613164626;-3,896136613164625;129;Moderado (100-200 min);0
L;300,7;309,6;1541;34,6;40,0060689668008;-5,406068966800795;131;Moderado (100-200 min);0
H;300,6;309,6;1888;20,5;23,188548839499127;-2,688548839499127;133;Moderado (100-200 min);0
L;300,5;309,5;1255;62,1;53,839991681453014;8,260008318546987;138;Moderado (100-200 min);0
L;300,6;309,6;1411;41,6;46,28374397013885;-4,683743970138849;140;Moderado (100-200 min);0
L;300,6;309,5;1516;39,0;41,20839531984013;-2,208395319840129;142;Moderado (100-200 min);0
M;300,6;309,5;1492;34,0;42,36917922225418;-8,369179222254182;144;Moderado (100-200 min);0
L;300,6;309,6;1726;30,0;31,023464378196067;-1,023464378196067;147;Moderado (100-200 min);0
L;300,7;309,7;1598;33,7;37,220947501747354;-3,520947501747351;149;Moderado (100-200 min);0
L;300,8;309,8;1657;31,1;34,36227687135554;-3,262276871355539;151;Moderado (100-200 min);0
L;300,8;309,7;1481;38,1;42,89537316682157;-4,7953731668215696;153;Moderado (100-200 min);0
M;300,7;309,7;1397;51,3;46,95059244031922;4,3494075596807775;155;Moderado (100-200 min);0
L;300,8;309,7;1461;44,3;43,86018773484747;0,4398122651525256;158;Moderado (100-200 min);0
M;300,7;309,6;1388;51,1;47,393852760259534;3,706147239740467;160;Moderado (100-200 min);0
L;300,7;309,7;1507;52,4;41,61743033172793;10,782569668272068;163;Moderado (100-200 min);0
M;300,7;309,6;1421;49,8;45,79194995417322;4,008050045826778;165;Moderado (100-200 min);0
M;300,8;309,7;1258;54,9;53,68368351203683;1,2163164879631694;168;Moderado (100-200 min);0
M;300,8;309,7;1482;39,0;42,83341564359799;-3,833415643597988;171;Moderado (100-200 min);0
H;300,7;309,6;1403;51,3;46,65690084201569;4,6430991579843095;174;Moderado (100-200 min);0
L;300,8;309,7;1373;45,4;48,10612343935716;-2,706123439357164;179;Moderado (100-200 min);0
L;300,9;309,7;1460;42,1;43,90261185597586;-1,8026118559758615;181;Moderado (100-200 min);0
M;300,8;309,7;1751;27,9;29,797094991887093;-1,8970949918870943;183;Moderado (100-200 min);0
M;300,8;309,6;1546;42,3;39,733869943464065;2,5661300565359326;186;Moderado (100-200 min);0
M;300,8;309,7;1680;28,2;33,231018069429005;-5,031018069429006;189;Moderado (100-200 min);0
M;300,9;309,7;1394;48,8;47,09063375903791;1,7093662409620904;192;Moderado (100-200 min);0
L;300,7;309,6;1810;26,0;26,93066484491132;-0,9306648449113197;195;Moderado (100-200 min);0
L;300,7;309,5;1479;34,5;42,97019874391307;-8,470198743913073;197;Moderado (100-200 min);0
L;300,9;309,7;1431;41,4;45,293513223759184;-3,893513223759186;199;Moderado (100-200 min);0
L;300,9;309,7;2355;14,4;0,5439561703547824;13,856043829645218;201;Alto (>200 min);0
M;300,7;309,6;1996;19,8;17,916926879102526;1,8830731208974747;203;Alto (>200 min);1
L;300,7;309,5;1461;49,9;43,98998030207839;5,910019697921605;0;Bajo (0-100 min);0
H;300,7;309,5;2007;19,7;17,546445275361087;2,153554724638912;2;Bajo (0-100 min);0
L;300,7;309,6;1505;34,9;41,8426986802811;-6,942698680281104;7;Bajo (0-100 min);0
H;300,7;309,6;1925;20,5;21,501170995792833;-1,0011709957928332;9;Bajo (0-100 min);0
M;300,7;309,5;1622;30,5;36,182448447600905;-5,682448447600905;14;Bajo (0-100 min);0
L;300,7;309,5;1592;29,0;37,633052523020595;-8,633052523020595;17;Bajo (0-100 min);0
L;300,7;309,5;1850;24,5;25,136962849969656;-0,636962849969656;19;Bajo (0-100 min);0
M;300,7;309,5;1470;48,7;43,53833892566574;5,161661074334262;21;Bajo (0-100 min);0
M;300,7;309,5;1445;46,4;44,746799852584275;1,653200147415724;24;Bajo (0-100 min);0
L;300,7;309,5;1685;31,1;33,121673908941744;-2,021673908941743;27;Bajo (0-100 min);0
H;300,7;309,5;1667;30,5;33,99188603315441;-3,491886033154408;29;Bajo (0-100 min);0
L;300,7;309,5;1578;35,4;38,298276050496206;-2,8982760504962073;34;Bajo (0-100 min);0
H;300,6;309,4;1691;28,0;32,82421595166542;-4,824215951665423;36;Bajo (0-100 min);0
M;300,7;309,5;1439;43,8;45,024594342458045;-1,2245943424580474;41;Bajo (0-100 min);0
M;300,8;309,6;1404;38,7;46,71746329869215;-8,01746329869215;44;Bajo (0-100 min);0
L;300,8;309,6;1498;45,8;42,162917291283264;3,637082708716733;47;Bajo (0-100 min);0
M;300,8;309,5;1481;44,5;42,995861464412656;1,5041385355873444;49;Bajo (0-100 min);0
M;300,7;309,4;1589;35,0;37,76319290888728;-2,7631929088872766;52;Bajo (0-100 min);0
L;300,7;309,5;1467;44,3;43,6580702381112;0,6419297618887967;55;Bajo (0-100 min);0
L;300,6;309,4;1654;32,8;34,60029154146336;-1,8002915414633662;57;Bajo (0-100 min);0
L;300,7;309,5;1508;39,9;41,66948999961878;-1,7694899996187843;59;Bajo (0-100 min);0
M;300,7;309,6;1439;43,0;44,99840155992624;-1,9984015599262435;61;Bajo (0-100 min);0
L;300,7;309,5;1692;30,3;32,754864108797676;-2,4548641087976755;64;Bajo (0-100 min);0
M;300,7;309,5;1838;24,9;25,682780962172544;-0,782780962172545;66;Bajo (0-100 min);0
L;300,6;309,3;1601;40,2;37,169150331843625;3,030849668156378;69;Bajo (0-100 min);0
L;300,6;309,4;1369;51,6;48,39192853328865;3,2080714667113526;71;Bajo (0-100 min);0
M;300,6;309,4;1312;45,2;51,1508572158103;-5,950857215810295;73;Bajo (0-100 min);0
L;300,6;309,4;1468;44,1;43,59373616698713;0,5062638330128735;76;Bajo (0-100 min);0
M;300,6;309,4;1452;39,4;44,367091031799326;-4,9670910317993275;78;Bajo (0-100 min);0
M;300,7;309,5;1393;43,9;47,22224710083896;-3,3222471008389647;81;Bajo (0-100 min);0
M;300,6;309,4;1432;44,2;45,33115399462949;-1,1311539946294857;84;Bajo (0-100 min);0
M;300,6;309,3;1510;46,0;41,56262674104124;4,437373258958758;87;Bajo (0-100 min);0
M;300,6;309,4;1521;37,2;41,01649632013452;-3,816496320134519;90;Bajo (0-100 min);0
H;300,5;309,4;1360;46,2;48,79996847535417;-2,599968475354167;93;Bajo (0-100 min);0
M;300,5;309,3;1881;25,5;23,576055054172354;1,923944945827646;98;Bajo (0-100 min);0
L;300,4;309,3;1413;50,3;46,227116527362746;4,072883472637251;101;Moderado (100-200 min);0
H;300,5;309,4;1642;36,2;35,13557884793177;1,0644211520682347;103;Moderado (100-200 min);0
L;300,5;309,5;1542;38,5;39,96352311335914;-1,4635231133591375;108;Moderado (100-200 min);0
L;300,4;309,5;1447;39,3;44,55145731355932;-5,251457313559321;110;Moderado (100-200 min);0
H;300,4;309,4;1530;40,4;40,54153851666567;-0,14153851666566908;112;Moderado (100-200 min);0
L;300,5;309,5;1795;27,7;27,70431535243916;-0,004315352439160591;117;Moderado (100-200 min);0
L;300,6;309,6;1290;57,4;52,15939187297732;5,240608127022682;119;Moderado (100-200 min);0
L;300,6;309,7;1639;30,4;35,245136218588456;-4,845136218588458;121;Moderado (100-200 min);0
L;300,7;309,8;1596;31,5;37,32618581762014;-5,826185817620143;123;Moderado (100-200 min);0
L;300,6;309,8;1455;48,0;44,14183698403093;3,858163015969069;125;Moderado (100-200 min);0
M;300,6;309,8;1659;28,9;34,26089331479243;-5,360893314792435;127;Moderado (100-200 min);0
M;300,6;309,8;1532;42,5;40,409074471134474;2,090925528865526;130;Moderado (100-200 min);0
L;300,6;309,8;1502;42,4;41,859678546554164;0,5403214534458343;133;Moderado (100-200 min);0
L;300,6;309,8;1688;28,6;32,850450211919814;-4,250450211919812;135;Moderado (100-200 min);0
M;300,5;309,7;1341;50,9;49,65355977519502;1,246440224804978;137;Moderado (100-200 min);0
M;300,5;309,7;1685;29,4;32,991856342728525;-3,5918563427285264;140;Moderado (100-200 min);0
M;300,5;309,8;1370;55,9;48,23345920409693;7,666540795903067;143;Moderado (100-200 min);0
L;300,5;309,8;1461;52,5;43,824199085788734;8,675800914211266;146;Moderado (100-200 min);0
L;300,5;309,8;1550;37,4;39,51254783207674;-2,112547832076743;148;Moderado (100-200 min);0
M;300,5;309,8;1508;37,8;41,545047069094934;-3,7450470690949373;150;Moderado (100-200 min);0
L;300,5;309,8;1345;62,7;49,43665889464527;13,263341105354733;153;Moderado (100-200 min);0
L;300,5;309,7;1616;34,5;36,3221577141083;-1,8221577141083003;155;Moderado (100-200 min);0
L;300,5;309,7;1395;61,0;47,02338166746774;13,976618332532261;157;Moderado (100-200 min);0
H;300,5;309,8;1324;72,8;50,44915048717566;22,35084951282434;159;Moderado (100-200 min);1
L;300,5;309,8;1445;43,9;44,585528267469066;-0,685528267469067;164;Moderado (100-200 min);0
M;300,5;309,8;1555;38,9;39,256875790052234;-0,3568757900522357;166;Moderado (100-200 min);0
M;300,6;309,9;1449;42,4;44,388177455002705;-1,988177455002706;169;Moderado (100-200 min);0
M;300,5;309,9;1466;53,2;43,551353523581334;9,64864647641867;172;Moderado (100-200 min);0
L;300,5;309,9;1503;37,4;41,757239409085585;-4,357239409085587;175;Moderado (100-200 min);0
L;300,4;309,7;1488;35,7;42,49320459050124;-6,79320459050124;177;Moderado (100-200 min);0
L;300,4;309,7;1314;50,2;50,91828294794985;-0,7182829479498452;179;Moderado (100-200 min);0
M;300,4;309,7;1547;38,0;39,63290901740468;-1,6329090174046783;181;Moderado (100-200 min);0
M;300,4;309,7;1466;39,8;43,55337320753612;-3,7533732075361215;184;Moderado (100-200 min);0
L;300,3;309,6;1537;37,1;40,11256395091926;-3,012563950919258;187;Moderado (100-200 min);0
M;300,2;309,5;1434;51,5;45,09908786733824;6,400912132661759;189;Moderado (100-200 min);0
L;300,4;309,6;1432;44,7;45,20509445439497;-0,505094454394964;192;Moderado (100-200 min);0
L;300,5;309,6;1390;48,4;47,248876102343395;1,1511238976566034;194;Moderado (100-200 min);0
L;300,5;309,7;1580;42,8;38,034772570291175;4,765227429708823;196;Moderado (100-200 min);0
L;300,5;309,7;1589;30,5;37,59741169259762;-7,097411692597618;198;Moderado (100-200 min);0
L;300,5;309,8;1441;48,8;44,752184999223275;4,047815000776723;200;Moderado (100-200 min);0
L;300,5;309,8;1305;51,7;51,33697542806313;0,3630245719368759;202;Alto (>200 min);0
M;300,5;309,8;1566;35,9;38,695599865911504;-2,7955998659115053;204;Alto (>200 min);0
L;300,5;309,8;1379;54,2;47,74949880426737;6,450501195732635;207;Alto (>200 min);1
L;300,4;309,6;1543;38,1;39,816739269341774;-1,7167392693417725;209;Alto (>200 min);0
L;300,5;309,8;1421;49,6;45,71248993607472;3,8875100639252835;211;Alto (>200 min);0
L;300,5;309,6;1760;30,6;29,316002614539034;1,2839973854609674;213;Alto (>200 min);0
L;300,4;309,5;1711;29,2;31,68738052714557;-2,4873805271455716;215;Alto (>200 min);0
L;300,5;309,6;1465;41,6;43,599441955324046;-1,9994419553240448;217;Alto (>200 min);0
L;300,5;309,6;1366;50,2;48,39237308525537;1,807626914744631;219;Alto (>200 min);0
M;300,4;309,5;1888;21,9;23,111003439030334;-1,2110034390303355;221;Alto (>200 min);0
L;300,5;309,5;1777;23,6;28,663968494945124;-5,063968494945122;0;Bajo (0-100 min);0
L;300,5;309,5;1379;55,6;47,937059905245356;7,662940094754646;2;Bajo (0-100 min);0
L;300,4;309,5;1525;51,3;40,853694347689995;10,446305652310002;4;Bajo (0-100 min);0
M;300,4;309,6;1563;34,0;39,00074253007279;-5,000742530072792;6;Bajo (0-100 min);0
M;300,5;309,7;1389;43,3;47,42519101463894;-4,125191014638943;9;Bajo (0-100 min);0
M;300,6;309,8;1447;42,9;44,61419740875162;-1,7141974087516232;12;Bajo (0-100 min);0
M;300,6;309,7;1934;22,8;21,03836060776913;1,7616393922308724;15;Bajo (0-100 min);0
H;300,6;309,7;1470;43,8;43,50698997308883;0,29301002691116906;18;Bajo (0-100 min);0
M;300,6;309,7;1428;42,6;45,53723439451979;-2,937234394519791;23;Bajo (0-100 min);0
L;300,4;309,6;1319;48,1;50,802296073014176;-2,7022960730141747;26;Bajo (0-100 min);0
L;300,5;309,7;1887;24,3;23,29345292520508;1,00654707479492;28;Bajo (0-100 min);0
L;300,4;309,5;1349;50,4;49,35759143984126;1,0424085601587407;30;Bajo (0-100 min);0
M;300,3;309,5;1665;31,4;34,04135883324673;-2,641358833246734;32;Bajo (0-100 min);0
L;300,3;309,5;1474;38,7;43,28897229040352;-4,588972290403518;35;Bajo (0-100 min);0
L;300,4;309,5;1543;38,9;39,95717604162636;-1,057176041626363;37;Bajo (0-100 min);0
M;300,2;309,4;1459;43,9;44,01227358281074;-0,11227358281074373;39;Bajo (0-100 min);0
L;300,3;309,5;1551;37,9;39,55470656711559;-1,6547065671155892;42;Bajo (0-100 min);0
L;300,2;309,4;1981;21,4;18,728770853311744;2,6712291466882547;44;Bajo (0-100 min);0
L;300,2;309,4;1526;35,3;40,76229415652511;-5,462294156525111;46;Bajo (0-100 min);0
M;300,2;309,4;1501;40,0;41,97150668863939;-1,971506688639387;48;Bajo (0-100 min);0
L;300,2;309,4;1558;38,3;39,208819980139026;-0,9088199801390289;51;Bajo (0-100 min);0
L;300,2;309,3;1532;43,2;40,477621820570484;2,722378179429519;53;Bajo (0-100 min);0
L;300,1;309,2;1326;55,9;50,45229459611321;5,447705403886786;55;Bajo (0-100 min);0
L;300,2;309,2;1431;51,3;45,37706767812775;5,922932321872246;57;Bajo (0-100 min);0
L;300,2;309,3;1366;49,3;48,51226471963429;0,787735280365709;59;Bajo (0-100 min);0
L;300,1;309,2;1421;42,5;45,84706514341687;-3,34706514341687;61;Bajo (0-100 min);0
H;300,2;309,3;1506;35,6;41,72925014081906;-6,12925014081906;63;Bajo (0-100 min);0
H;300,2;309,3;1342;48,7;49,66778738567814;-0,967787385678136;68;Bajo (0-100 min);0
L;300,1;309,2;1427;37,6;45,54747410286658;-7,947474102866579;73;Bajo (0-100 min);0
L;300,2;309,2;1667;29,9;33,93438217535002;-4,034382175350018;75;Bajo (0-100 min);0
L;300,1;309,1;1400;46,7;46,86320136260679;-0,16320136260678453;77;Bajo (0-100 min);0
L;300,0;309,0;1709;32,1;31,89712984253083;0,20287015746917092;79;Bajo (0-100 min);0
M;300,0;309,0;1368;45,8;48,40978935991792;-2,609789359917926;81;Bajo (0-100 min);0
L;300,0;309,1;1882;23,8;23,504058199795296;0,2959418002047052;84;Bajo (0-100 min);0
L;300,1;309,1;1353;58,7;49,13258251175594;9,567417488244061;86;Bajo (0-100 min);0
L;299,9;309,0;1553;40,0;39,43394921807487;0,5660507819251279;88;Bajo (0-100 min);0
L;300,0;309,1;1431;45,4;45,34086056342477;0,059139436575229354;90;Bajo (0-100 min);0
M;300,1;309,1;1731;30,4;30,822050853894382;-0,42205085389438324;92;Bajo (0-100 min);0
M;300,1;309,2;1687;27,7;32,93949506650034;-5,239495066500343;95;Bajo (0-100 min);0
M;300,1;309,2;1457;44,3;44,075825081966116;0,22417491803388145;98;Bajo (0-100 min);0
L;300,1;309,2;1533;37,0;40,392994409161375;-3,392994409161375;101;Moderado (100-200 min);0
H;300,0;309,0;1622;31,8;36,092382101753074;-4,292382101753073;103;Moderado (100-200 min);0
L;300,0;309,1;1791;28,2;27,893024977818456;0,30697502218154327;108;Moderado (100-200 min);0
L;300,0;309,1;1631;28,3;35,640102519463845;-7,340102519463844;110;Moderado (100-200 min);0
L;300,0;309,0;2174;16,9;9,35301406046419;7,5469859395358085;112;Moderado (100-200 min);0
L;300,1;309,0;1314;58,2;51,01141480320111;7,18858519679889;114;Moderado (100-200 min);0
L;300,1;309,1;1478;46,9;43,05645564335488;3,8435443566451184;116;Moderado (100-200 min);0
L;300,1;309,2;1783;27,3;28,273059695776155;-0,9730596957761541;118;Moderado (100-200 min);0
M;300,1;309,2;1385;46,1;47,54615110607639;-1,4461511060763854;120;Moderado (100-200 min);0
L;300,0;309,2;1444;43,6;44,67532472724533;-1,0753247272453308;123;Moderado (100-200 min);0
L;300,1;309,3;1841;23,0;25,447777258175634;-2,447777258175634;125;Moderado (100-200 min);0
M;300,1;309,4;1349;56,2;49,26199918168057;6,938000818319431;127;Moderado (100-200 min);0
L;300,1;309,3;1340;56,0;49,70676271201238;6,293237287987623;130;Moderado (100-200 min);0
M;299,9;309,2;1539;43,2;40,05655804803153;3,1434419519684695;132;Moderado (100-200 min);0
M;300,0;309,3;1932;21,8;21,021973492567014;0,7780265074329868;135;Moderado (100-200 min);0
M;300,0;309,3;1407;43,9;46,44474926960077;-2,5447492696007714;138;Moderado (100-200 min);0
L;300,1;309,3;1712;28,5;31,683044806373488;-3,1830448063734877;141;Moderado (100-200 min);0
H;300,1;309,4;1329;55,2;50,21854609255331;4,981453907446692;143;Moderado (100-200 min);0
L;300,1;309,2;1441;42,9;44,813102897382706;-1,9131028973827071;148;Moderado (100-200 min);0
L;300,0;309,2;1610;32,1;36,61587885672205;-4,515878856722047;150;Moderado (100-200 min);0
M;300,0;309,1;1474;45,2;43,211829964178854;1,988170035821149;152;Moderado (100-200 min);0
M;300,0;309,1;1624;30,8;35,945280693557066;-5,145280693557066;155;Moderado (100-200 min);0
H;300,1;309,3;1520;38,2;40,96856442049012;-2,768564420490115;158;Moderado (100-200 min);0
H;300,1;309,3;1448;45,8;44,451667732928;1,3483322670719957;163;Moderado (100-200 min);0
L;300,0;309,3;1558;29,7;39,10947802899371;-9,409478028993714;168;Moderado (100-200 min);0
M;300,0;309,3;2293;16,3;3,5129319889328556;12,787068011067145;170;Moderado (100-200 min);0
L;300,0;309,3;1397;51,2;46,90272938475211;4,297270615247896;173;Moderado (100-200 min);0
L;300,0;309,3;1972;22,0;19,054764096728118;2,9452359032718824;175;Moderado (100-200 min);0
M;299,9;309,2;1574;36,5;38,32773377471508;-1,8277337747150781;177;Moderado (100-200 min);0
L;299,9;309,2;1560;38,9;39,00347977493108;-0,10347977493108118;180;Moderado (100-200 min);0
M;299,9;309,2;1353;49,8;49,026702912487295;0,7732970875127023;182;Moderado (100-200 min);0
M;299,9;309,2;1389;51,2;47,28101742769177;3,9189825723082308;185;Moderado (100-200 min);0
M;299,9;309,1;1513;43,8;41,284773207892925;2,5152267921070717;188;Moderado (100-200 min);0
L;299,8;309,1;1578;42,1;38,1233750508605;3,9766249491394987;191;Moderado (100-200 min);0
H;299,8;309,0;1467;37,3;43,50861041581155;-6,208610415811556;193;Moderado (100-200 min);0
L;299,9;309,1;1412;48,3;46,16854875565878;2,131451244341214;198;Moderado (100-200 min);0
L;299,8;309,1;1668;30,3;33,75803393107808;-3,4580339310780808;200;Moderado (100-200 min);0
M;299,8;309,2;1678;29,8;33,26108374506734;-3,461083745067338;202;Alto (>200 min);0
L;299,8;309,1;1612;35,4;36,466279168312276;-1,0662791683122776;205;Alto (>200 min);0
L;299,8;309,1;1485;39,9;42,61521192985006;-2,7152119298500637;207;Alto (>200 min);0
M;299,8;309,1;1456;39,4;44,01813898076526;-4,618138980765259;209;Alto (>200 min);0
L;299,8;309,2;1504;38,7;41,68014926095002;-2,9801492609500144;212;Alto (>200 min);0
L;299,9;309,2;1491;44,3;42,31950064759175;1,9804993524082448;214;Alto (>200 min);0
H;299,9;309,2;1525;33,2;40,8337707496727;-7,633770749672699;0;Bajo (0-100 min);0
L;300,0;309,2;1759;27,9;29,508995784770306;-1,6089957847703076;5;Bajo (0-100 min);0
M;299,8;309,1;1355;56,7;49,06125483002842;7,638745169971585;7;Bajo (0-100 min);0
M;299,9;309,1;1345;56,8;49,554568722373716;7,245431277626281;10;Bajo (0-100 min);0
M;299,9;309,2;1683;30,5;33,17227638949165;-2,6722763894916497;13;Bajo (0-100 min);0
L;299,9;309,2;1658;34,8;34,38073731641018;0,4192626835898139;16;Bajo (0-100 min);0
L;300,0;309,2;1566;34,4;38,84595044937013;-4,44595044937013;18;Bajo (0-100 min);0
M;300,1;309,3;1469;43,9;43,54214605221427;0,35785394778572766;20;Bajo (0-100 min);0
M;300,2;309,5;1458;46,9;44,06156721702588;2,8384327829741167;23;Bajo (0-100 min);0
L;300,1;309,4;1858;23,6;24,687738789033222;-1,0877387890332209;26;Bajo (0-100 min);0
H;300,1;309,4;1563;40,8;38,97268134020972;1,8273186597902793;28;Bajo (0-100 min);0
L;300,1;309,4;2141;17,9;10,977175347497816;6,922824652502182;33;Bajo (0-100 min);0
L;300,0;309,3;1473;46,0;43,32587504454699;2,67412495545301;35;Bajo (0-100 min);0
H;300,0;309,4;1498;38,5;42,102495413032784;-3,602495413032784;37;Bajo (0-100 min);0
L;300,1;309,4;1568;39,7;38,72001571896818;0,9799842810318253;42;Bajo (0-100 min);0
L;300,1;309,4;1694;27,4;32,61650516634766;-5,216505166347659;44;Bajo (0-100 min);0
L;300,0;309,4;1499;35,7;42,04730233657088;-6,347302336570877;46;Bajo (0-100 min);0
L;300,0;309,5;1717;28,3;31,4771971729122;-3,177197172912198;48;Bajo (0-100 min);0
M;300,1;309,5;1462;42,8;43,83627694700971;-1,0362769470097106;50;Bajo (0-100 min);0
L;300,1;309,6;1642;34,5;35,10570810676404;-0,6057081067640411;53;Bajo (0-100 min);0
L;300,1;309,6;1760;25,4;29,389626591745365;-3,989626591745367;55;Bajo (0-100 min);0
L;300,1;309,5;1660;32,7;34,24214702999389;-1,5421470299938846;57;Bajo (0-100 min);0
L;300,1;309,5;1557;40,6;39,22879267872614;1,3712073212738645;59;Bajo (0-100 min);0
H;300,2;309,6;1442;49,2;44,79670361617441;4,403296383825591;61;Bajo (0-100 min);0
L;300,2;309,6;1359;51,5;48,81252185531483;2,6874781446851728;66;Bajo (0-100 min);0
L;300,4;309,8;1342;52,5;49,6345488144538;2,865451185546199;68;Bajo (0-100 min);0
L;300,4;309,9;1435;54,8;45,11802236332393;9,681977636676066;70;Bajo (0-100 min);0
L;300,4;309,9;1567;36,5;38,72394003250203;-2,2239400325020284;72;Bajo (0-100 min);0
L;300,4;309,9;1376;43,5;47,97230509485456;-4,472305094854562;74;Bajo (0-100 min);0
H;300,4;309,9;1513;38,7;41,33607961553151;-2,636079615531507;76;Bajo (0-100 min);0
H;300,4;309,9;2563;12,8;-9,517739595689157;22,317739595689158;81;Bajo (0-100 min);1
L;300,5;310,0;1521;45,1;40,94125625828551;4,158743741714488;86;Bajo (0-100 min);0
L;300,6;310,0;1658;34,7;34,31631318989269;0,38368681010731365;88;Bajo (0-100 min);0
H;300,6;310,0;1419;42,4;45,88925247785628;-3,489252477856283;90;Bajo (0-100 min);0
M;300,6;310,0;1478;36,3;43,02820529956397;-6,7282052995639745;95;Bajo (0-100 min);0
M;300,5;310,0;1415;43,5;46,06567174416104;-2,565671744161037;98;Bajo (0-100 min);0
M;300,5;309,9;1780;26,5;28,39812776660666;-1,8981277666066596;101;Moderado (100-200 min);0
M;300,4;309,7;1440;42,8;44,87264599540147;-2,072645995401473;104;Moderado (100-200 min);0
H;300,4;309,8;1448;39,7;44,47180146359544;-4,7718014635954376;107;Moderado (100-200 min);0
H;300,4;309,7;1500;35,2;41,960915371821706;-6,760915371821703;112;Moderado (100-200 min);0
L;300,4;309,8;1513;32,9;41,316424481123036;-8,416424481123038;117;Moderado (100-200 min);0
L;300,5;309,8;1428;43,8;45,442637206181374;-1,6426372061813765;119;Moderado (100-200 min);0
M;300,5;309,8;1473;42,3;43,261845659279516;-0,9618456592795184;121;Moderado (100-200 min);0
M;300,5;309,9;1483;49,3;42,764143868073035;6,535856131926963;124;Moderado (100-200 min);0
L;300,4;309,7;1534;42,5;40,30306788407774;2,196932115922259;127;Moderado (100-200 min);0
L;300,5;309,8;1367;54,0;48,389267565938006;5,610732434061994;129;Moderado (100-200 min);0
L;300,4;309,7;1467;36,9;43,54477965321021;-6,644779653210215;131;Moderado (100-200 min);0
M;300,4;309,7;1488;42,2;42,52627521911389;-0,3262752191138887;133;Moderado (100-200 min);0
L;300,4;309,7;1679;30,1;33,274152130782646;-3,1741521307826446;136;Moderado (100-200 min);0
H;300,4;309,8;1409;47,5;46,33721826083642;1,1627817391635773;138;Moderado (100-200 min);0
M;300,4;309,7;1367;51,2;48,37862336088435;2,8213766391156554;143;Moderado (100-200 min);0
L;300,4;309,8;1314;63,1;50,93192524079238;12,16807475920762;146;Moderado (100-200 min);0
L;300,5;309,9;1480;40,0;42,89139123247592;-2,891391232475918;148;Moderado (100-200 min);0
L;300,4;309,8;1549;38,9;39,548190840455256;-0,648190840455257;150;Moderado (100-200 min);0
L;300,4;309,7;1685;31,3;32,9715546694494;-1,671554669449396;152;Moderado (100-200 min);0
L;300,4;309,6;1536;34,5;40,1970779630092;-5,6970779630092;154;Moderado (100-200 min);0
M;300,4;309,7;1539;37,7;40,03912818490007;-2,339128184900069;156;Moderado (100-200 min);0
L;300,4;309,7;1384;45,1;47,54331097284856;-2,4433109728485576;159;Moderado (100-200 min);0
M;300,4;309,6;1614;30,3;36,414383610021034;-6,114383610021033;161;Moderado (100-200 min);0
M;300,4;309,6;1675;35,5;33,45798238271975;2,0420176172802513;164;Moderado (100-200 min);0
M;300,4;309,7;1685;32,3;32,96028059151327;-0,6602805915132706;167;Moderado (100-200 min);0
L;300,4;309,6;1386;56,9;47,44934673491189;9,450653265088107;170;Moderado (100-200 min);0
M;300,3;309,6;1488;41,3;42,49684088416668;-1,1968408841666829;172;Moderado (100-200 min);0
L;300,3;309,6;1624;32,6;35,908292429348116;-3,308292429348114;175;Moderado (100-200 min);0
L;300,3;309,6;1600;34,6;37,06907633176216;-2,4690763317621602;177;Moderado (100-200 min);0
L;300,3;309,6;1468;44,7;43,4601522418011;1,2398477581989056;179;Moderado (100-200 min);0
L;300,3;309,6;1435;45,4;45,05679381151722;0,3432061884827817;181;Moderado (100-200 min);0
M;300,2;309,5;1564;33,4;38,80787563748274;-5,407875637482739;183;Moderado (100-200 min);0
M;300,2;309,4;1329;53,6;50,19750948006663;3,402490519933373;186;Moderado (100-200 min);0
L;300,1;309,3;1570;36,8;38,5238331744106;-1,7238331744106006;189;Moderado (100-200 min);0
M;300,2;309,4;1433;48,8;45,15717396526395;3,6428260347360464;191;Moderado (100-200 min);0
L;300,2;309,4;1527;37,0;40,60262795785506;-3,602627957855063;194;Moderado (100-200 min);0
M;300,1;309,3;1443;50,3;44,669007909969665;5,6309920900303325;196;Moderado (100-200 min);0
L;300,1;309,3;1616;32,0;36,28860015624257;-4,288600156242573;199;Moderado (100-200 min);0
L;300,1;309,3;1654;31,0;34,44680901724233;-3,4468090172423302;201;Alto (>200 min);0
L;300,1;309,3;1685;27,1;32,94401828614371;-5,844018286143708;203;Alto (>200 min);0
M;300,2;309,4;1456;48,8;44,03279300941826;4,767206990581734;205;Alto (>200 min);0
M;300,2;309,4;1752;27,8;29,695663802562827;-1,8956638025628259;208;Alto (>200 min);0
M;300,1;309,2;1438;51,0;44,91103765915165;6,088962340848347;211;Alto (>200 min);0
L;300,1;309,1;1551;33,7;39,44750836605534;-5,747508366055335;214;Alto (>200 min);0
L;300,1;309,2;1599;30,1;37,110270251435836;-7,010270251435834;216;Alto (>200 min);0
M;300,1;309,2;1732;33,7;30,667759290913708;3,0322407090862953;218;Alto (>200 min);0
M;300,1;309,2;1418;39,8;45,872094201198834;-6,072094201198837;221;Alto (>200 min);0
L;300,0;309,1;1401;44,5;46,86136392204846;-2,3613639220484615;0;Bajo (0-100 min);0
L;300,0;309,0;1454;51,7;44,30430401616172;7,39569598383828;2;Bajo (0-100 min);0
M;300,0;309,2;1635;32,4;35,514897472794615;-3,114897472794617;4;Bajo (0-100 min);0
L;300,0;309,1;1489;40,3;42,59438327205799;-2,294383272057992;7;Bajo (0-100 min);0
L;300,0;309,1;1465;40,6;43,755167174472035;-3,1551671744720338;9;Bajo (0-100 min);0
M;300,0;309,1;1463;45,7;43,85052122348101;1,8494787765189926;11;Bajo (0-100 min);0
H;300,1;309,1;1560;35,4;39,161971737901666;-3,7619717379016677;14;Bajo (0-100 min);0
M;300,1;309,2;1454;44,4;44,280487781530425;0,11951221846957338;19;Bajo (0-100 min);0
L;300,2;309,1;1479;47,0;43,089960312984616;3,9100396870153844;22;Bajo (0-100 min);0
L;300,2;309,2;1430;43,4;45,45029927928747;-2,050299279287472;24;Bajo (0-100 min);0
M;300,1;309,1;1533;38,0;40,46052547745898;-2,4605254774589795;26;Bajo (0-100 min);0
L;300,1;309,0;1404;54,8;46,716724571818446;8,083275428181551;29;Bajo (0-100 min);0
M;300,1;308,9;1548;38,4;39,75265936321074;-1,3526593632107407;31;Bajo (0-100 min);0
M;300,1;309,0;1612;33,0;36,6398115681918;-3,639811568191803;34;Bajo (0-100 min);0
M;300,2;309,0;1642;31,2;35,19598027252789;-3,9959802725278912;37;Bajo (0-100 min);0
M;300,2;309,1;1406;42,2;46,611721387578086;-4,411721387578083;40;Bajo (0-100 min);0
L;300,3;309,2;1587;31,4;37,84400632856242;-6,444006328562423;43;Bajo (0-100 min);0
M;300,3;309,2;1364;47,6;48,642087541322326;-1,0420875413223243;45;Bajo (0-100 min);0
L;300,3;309,2;1462;51,4;43,89382701511252;7,506172984887478;48;Bajo (0-100 min);0
L;300,3;309,2;1649;32,4;34,836170050777945;-2,436170050777946;50;Bajo (0-100 min);0
L;300,4;309,2;1752;29,0;29,857800392192946;-0,8578003921929458;52;Bajo (0-100 min);0
H;300,4;309,3;1396;51,2;47,08572867646654;4,114271323533465;54;Bajo (0-100 min);0
M;300,5;309,4;2179;16,3;9,16247532752067;7,13752467247933;59;Bajo (0-100 min);0
L;300,5;309,5;1653;27,6;34,622519055637696;-7,022519055637694;62;Bajo (0-100 min);0
L;300,6;309,5;2025;21,4;16,616848007690713;4,783151992309286;64;Bajo (0-100 min);0
L;300,6;309,6;1426;53,6;45,6129333091203;7,987066690879701;66;Bajo (0-100 min);0
M;300,6;309,6;1503;38,4;41,88242561181107;-3,482425611811074;68;Bajo (0-100 min);0
M;300,7;309,6;1525;36,5;40,826023353749;-4,326023353749001;71;Bajo (0-100 min);0
L;300,6;309,6;1423;49,1;45,75220635665506;3,347793643344943;74;Bajo (0-100 min);0
M;300,7;309,7;1435;44,7;45,16968132217408;-0,46968132217407543;76;Bajo (0-100 min);0
H;300,6;309,5;1495;36,5;42,27274767087672;-5,7727476708767185;79;Bajo (0-100 min);0
M;300,6;309,5;1557;33,8;39,26641460348372;-5,46641460348372;84;Bajo (0-100 min);0
L;300,6;309,4;1474;40,7;43,29489673163258;-2,5948967316325806;87;Bajo (0-100 min);0
L;300,5;309,3;1465;46,0;43,7291294562299;2,2708705437701013;89;Bajo (0-100 min);0
M;300,5;309,3;1589;34,9;37,72247616300984;-2,8224761630098385;91;Bajo (0-100 min);0
L;300,5;309,3;1475;46,8;43,24108513324888;3,558914866751117;94;Bajo (0-100 min);0
L;300,6;309,4;1442;43,2;44,837848435278275;-1,637848435278272;96;Bajo (0-100 min);0
L;300,6;309,4;1556;36,0;39,31548143906053;-3,3154814390605267;98;Bajo (0-100 min);0
L;300,7;309,3;1425;45,3;45,680571808946404;-0,3805718089464065;100;Bajo (0-100 min);0
L;300,7;309,3;1580;38,3;38,172630995019205;0,1273690049807925;102;Moderado (100-200 min);0
H;300,8;309,4;1474;40,7;43,30468426516542;-2,6046842651654174;104;Moderado (100-200 min);0
L;300,8;309,4;1489;38,4;42,57449679368325;-4,174496793683254;109;Moderado (100-200 min);0
L;300,8;309,4;1946;20,5;20,44110981028646;0,058890189713540764;111;Moderado (100-200 min);0
M;300,8;309,4;1342;62,4;49,69049893883416;12,709501061165838;113;Moderado (100-200 min);1
M;300,9;309,5;1758;26,8;29,542055900264334;-2,742055900264333;116;Moderado (100-200 min);0
M;300,9;309,4;1724;25,6;31,197535173101905;-5,597535173101903;119;Moderado (100-200 min);0
L;301,0;309,5;1430;48,5;45,433419221695694;3,0665807783043064;122;Moderado (100-200 min);0
L;300,9;309,5;1612;35,2;36,60662299493204;-1,406622994932036;124;Moderado (100-200 min);0
H;300,9;309,5;1469;43,4;43,53041383167351;-0,13041383167351484;126;Moderado (100-200 min);0
L;300,9;309,6;1384;42,4;47,63192865159743;-5,231928651597428;131;Moderado (100-200 min);0
L;301,0;309,6;1724;28,1;31,17597375405782;-3,07597375405782;133;Moderado (100-200 min);0
M;301,0;309,6;1397;48,0;47,01063245564169;0,9893675443583092;135;Moderado (100-200 min);0
M;301,0;309,6;1588;32,7;37,75850936731045;-5,0585093673104495;138;Moderado (100-200 min);0
L;301,0;309,7;1468;42,0;43,556529437133925;-1,5565294371339249;141;Moderado (100-200 min);0
M;301,0;309,8;1594;31,1;37,441858205896445;-6,341858205896443;143;Moderado (100-200 min);0
M;301,0;309,7;1511;39,3;41,470340334045304;-2,1703403340453065;146;Moderado (100-200 min);0
L;301,1;309,8;1493;38,9;42,3399225853755;-3,4399225853754984;149;Moderado (100-200 min);0
H;301,2;309,8;1709;27,0;31,889117770664463;-4,889117770664463;151;Moderado (100-200 min);0
L;301,1;309,6;1501;36,1;41,969553668637374;-5,869553668637373;156;Moderado (100-200 min);0
L;301,1;309,7;1668;30,8;33,86930861969046;-3,0693086196904567;158;Moderado (100-200 min);0
L;301,1;309,6;1502;48,9;41,918118618154175;6,981881381845824;160;Moderado (100-200 min);0
M;301,0;309,7;1288;58,4;52,257899074064824;6,142100925935175;162;Moderado (100-200 min);0
L;301,0;309,7;1491;42,9;42,42463242933082;0,475367570669178;165;Moderado (100-200 min);0
L;301,1;309,8;1519;39,6;41,06724931964615;-1,4672493196461502;167;Moderado (100-200 min);0
L;301,2;309,9;1984;19,7;18,546555030960782;1,1534449690392172;169;Moderado (100-200 min);0
L;301,2;309,9;1643;32,9;35,059214548347875;-2,159214548347876;171;Moderado (100-200 min);0
M;301,2;310,0;1625;31,6;35,91826599394358;-4,318265993943577;173;Moderado (100-200 min);0
M;301,3;310,0;2068;17,8;14,473410632084502;3,326589367915499;176;Moderado (100-200 min);0
H;301,3;310,1;1469;39,7;43,468744328318344;-3,7687443283183413;179;Moderado (100-200 min);0
L;301,3;310,1;1558;36,3;39,15483825901912;-2,8548382590191252;184;Moderado (100-200 min);0
L;301,3;310,0;1344;54,8;49,52822248309391;5,271777516906084;186;Moderado (100-200 min);0
H;301,3;310,1;1455;44,1;44,139980697359896;-0,03998069735989418;188;Moderado (100-200 min);0
L;301,3;310,1;1355;53,6;48,979085641404225;4,620914358595776;193;Moderado (100-200 min);0
L;301,3;310,1;1269;56,8;53,14244458523256;3,6575554147674367;195;Moderado (100-200 min);1
L;301,3;310,0;1550;41,5;39,543657107693285;1,956342892306715;197;Moderado (100-200 min);0
M;301,3;310,1;1525;37,8;40,7417089611906;-2,9417089611905993;199;Moderado (100-200 min);0
M;301,3;310,0;1696;32,4;32,46931914548093;-0,06931914548093232;202;Alto (>200 min);0
L;301,4;310,1;1937;21,8;20,795886304451432;1,0041136955485683;205;Alto (>200 min);0
M;301,4;310,0;1689;32,1;32,815843938334055;-0,7158439383340536;207;Alto (>200 min);0
M;301,3;310,0;1593;30,8;37,45145516303873;-6,6514551630387295;210;Alto (>200 min);0
M;301,3;309,9;1565;36,0;38,816362657674915;-2,8163626576749152;213;Alto (>200 min);0
L;301,3;310,0;1665;31,4;34,12243091572796;-2,722430915727962;0;Bajo (0-100 min);0
H;301,3;310,0;1532;36,3;40,56193545546712;-4,261935455467125;2;Bajo (0-100 min);0
L;301,3;310,0;1438;40,9;45,110468621310076;-4,210468621310078;7;Bajo (0-100 min);0
L;301,3;310,1;1531;41,6;40,5939421701802;1,0060578298198024;9;Bajo (0-100 min);0
L;301,3;310,0;1506;40,8;41,81431538091144;-1,014315380911441;11;Bajo (0-100 min);0
L;301,2;309,9;1382;52,4;47,81784052103526;4,582159478964741;13;Bajo (0-100 min);0
M;301,2;309,9;1456;50,8;44,23261871282672;6,567381287173276;15;Bajo (0-100 min);0
M;301,2;310,0;1445;45,6;44,75191814532507;0,8480818546749305;18;Bajo (0-100 min);0
L;301,2;309,9;1515;40,9;41,37081992933867;-0,4708199293386741;21;Bajo (0-100 min);0
L;301,2;309,9;1449;45,5;44,565606279162395;0,9343937208376047;23;Bajo (0-100 min);0
H;301,2;309,9;1362;50,7;48,77739385269096;1,9226061473090397;25;Bajo (0-100 min);0
L;301,2;309,9;1687;29,7;33,03433117413736;-3,3343311741373576;30;Bajo (0-100 min);0
L;301,2;310,0;1618;37,6;36,36324273444482;1,236757265555184;32;Bajo (0-100 min);0
M;301,2;310,1;1558;32,6;39,2562966274502;-6,656296627450196;34;Bajo (0-100 min);0
L;301,3;310,1;1662;31,0;34,22874673396923;-3,2287467339692313;37;Bajo (0-100 min);0
M;301,2;310,1;1295;56,6;51,98926821263209;4,610731787367911;39;Bajo (0-100 min);0
L;301,2;310,2;1385;42,3;47,61727604540717;-5,317276045407176;42;Bajo (0-100 min);0
M;301,2;310,1;1479;45,5;43,074642321810984;2,425357678189016;44;Bajo (0-100 min);0
L;301,3;310,3;1400;44,3;46,88721030623827;-2,5872103062382763;47;Bajo (0-100 min);0
M;301,2;310,3;1357;54,5;48,95685576202647;5,543144237973529;49;Bajo (0-100 min);0
L;301,1;310,2;1657;34,1;34,42589030405685;-0,3258903040568484;52;Bajo (0-100 min);0
L;301,1;310,2;1496;43,4;42,221396475402464;1,1786035245975341;54;Bajo (0-100 min);0
M;301,2;310,3;1379;43,2;47,886164672251205;-4,686164672251202;56;Bajo (0-100 min);0
L;301,2;310,3;1548;38,6;39,69947143732504;-1,099471437325036;59;Bajo (0-100 min);0
L;301,2;310,3;1499;38,1;42,070971082244846;-3,9709710822448443;61;Bajo (0-100 min);0
L;301,3;310,5;1390;45,8;47,33714956287479;-1,537149562874795;63;Bajo (0-100 min);0
H;301,3;310,4;1538;38,4;40,17936983546616;-1,779369835466163;65;Bajo (0-100 min);0
L;301,3;310,5;1365;47,7;48,54260406901036;-0,8426040690103562;70;Bajo (0-100 min);0
L;301,3;310,5;1503;48,6;41,857949959987074;6,742050040012927;72;Bajo (0-100 min);0
L;301,2;310,4;1390;49,9;47,32876017340836;2,5712398265916363;74;Bajo (0-100 min);0
L;301,2;310,3;1497;45,7;42,156554263709175;3,5434457362908276;76;Bajo (0-100 min);0
M;301,3;310,4;1577;48,3;38,28088240961253;10,019117590387467;78;Bajo (0-100 min);0
L;301,4;310,5;1432;54,3;45,30090063287198;8,999099367128018;81;Bajo (0-100 min);0
M;301,4;310,5;1563;39,9;38,95524693175031;0,944753068249689;83;Bajo (0-100 min);0
L;301,4;310,4;1433;43,4;45,25987465581;-1,8598746558100032;86;Bajo (0-100 min);0
L;301,3;310,4;1384;50,1;47,62009188979958;2,4799081102004195;88;Bajo (0-100 min);0
L;301,3;310,4;1346;46,7;49,45887660801686;-2,7588766080168554;90;Bajo (0-100 min);0
L;301,3;310,4;1459;44,7;43,984938241499336;0,7150617585006671;92;Bajo (0-100 min);0
L;301,4;310,4;1639;28,9;35,277564095996595;-6,377564095996597;94;Bajo (0-100 min);0
L;301,4;310,4;1737;31,9;30,53005517498253;1,3699448250174697;96;Bajo (0-100 min);0
L;301,4;310,5;1489;43,5;42,52769145163123;0,9723085483687726;98;Bajo (0-100 min);0
M;301,5;310,6;1492;43,0;42,38102408445233;0,6189759155476722;100;Bajo (0-100 min);0
M;301,4;310,5;1217;60,6;55,6965207041152;4,9034792958848;103;Moderado (100-200 min);0
L;301,5;310,5;1636;28,7;35,41395245506165;-6,713952455061648;106;Moderado (100-200 min);0
L;301,4;310,4;1436;49,7;45,098053452402986;4,6019465475970165;108;Moderado (100-200 min);0
L;301,4;310,4;1689;30,6;32,8441069278532;-2,2441069278531955;110;Moderado (100-200 min);0
L;301,5;310,5;2289;16,4;3,7855476296367243;12,614452370363274;112;Moderado (100-200 min);0
L;301,5;310,6;1522;41,0;40,917642720705025;0,08235727929497472;114;Moderado (100-200 min);0
L;301,5;310,5;1351;52,9;49,20859586766991;3,691404132330092;116;Moderado (100-200 min);0
L;301,5;310,5;1589;36,7;37,68107878862358;-0,9810787886235772;118;Moderado (100-200 min);0
L;301,5;310,6;1578;34,1;38,20112982631767;-4,101129826317667;120;Moderado (100-200 min);0
L;301,5;310,6;1587;33,7;37,76376894862411;-4,063768948624109;122;Moderado (100-200 min);0
L;301,5;310,6;1962;20,2;19,601529600646213;0,5984703993537863;124;Moderado (100-200 min);0
M;301,5;310,6;2432;14,2;-3,1614295688535776;17,361429568853577;126;Moderado (100-200 min);0
L;301,6;310,6;1418;43,9;45,95422854252309;-2,0542285425230915;129;Moderado (100-200 min);0
L;301,6;310,7;1683;29,7;33,10797778295358;-3,4079777829535836;131;Moderado (100-200 min);0
L;301,7;310,8;1385;50,7;47,538327955544034;3,161672044455969;133;Moderado (100-200 min);0
L;301,7;310,8;1559;44,5;39,110243177312455;5,389756822687545;135;Moderado (100-200 min);0
M;301,7;310,8;1671;31,6;33,68473344049516;-2,0847334404951567;137;Moderado (100-200 min);0
M;301,6;310,8;1343;49,5;49,555786755653294;-0,05578675565329405;140;Moderado (100-200 min);0
M;301,6;310,8;1548;34,2;39,625662851518825;-5,4256628515188225;143;Moderado (100-200 min);0
L;301,7;310,9;1705;31,2;32,02023490530869;-0,8202349053086913;146;Moderado (100-200 min);0
L;301,6;310,8;1535;35,4;40,25147701164311;-4,851477011643112;148;Moderado (100-200 min);0
L;301,6;310,8;1564;34,1;38,84554353994495;-4,745543539944947;150;Moderado (100-200 min);0
M;301,6;310,9;1510;40,9;41,44802565474895;-0,5480256547489546;152;Moderado (100-200 min);0
L;301,6;310,9;1492;45,2;42,31748617376587;2,882513826234131;155;Moderado (100-200 min);0
M;301,5;310,8;1452;44,1;44,25300641907033;-0,15300641907032997;157;Moderado (100-200 min);0
H;301,4;310,7;1329;52,0;50,20735132429819;1,7926486757018125;160;Moderado (100-200 min);0
L;301,5;310,8;1382;52,4;47,63699765652053;4,763002343479471;165;Moderado (100-200 min);0
M;301,5;310,8;1628;36,4;35,72205153987235;0,6779484601276451;167;Moderado (100-200 min);0
L;301,4;310,7;1706;27,9;31,942241875353886;-4,042241875353888;170;Moderado (100-200 min);0
L;301,3;310,7;1594;34,1;37,35346278045799;-3,253462780457987;172;Moderado (100-200 min);0
L;301,3;310,7;1761;24,3;29,26437841012802;-4,96437841012802;174;Moderado (100-200 min);0
L;301,3;310,6;1529;41,8;40,509477968806955;1,290522031193042;176;Moderado (100-200 min);0
M;301,3;310,7;1532;40,7;40,35152819069783;0,3484718093021755;178;Moderado (100-200 min);0
L;301,4;310,7;1673;27,8;33,53211899830833;-5,7321189983083265;181;Moderado (100-200 min);0
L;301,4;310,8;1285;62,6;52,30976343298929;10,290236567010709;183;Moderado (100-200 min);1
L;301,4;310,8;1680;31,4;33,178951491006785;-1,7789514910067865;185;Moderado (100-200 min);0
L;301,4;310,8;1610;34,6;36,56745235963143;-1,9674523596314302;187;Moderado (100-200 min);0
L;301,6;310,9;1632;31,6;35,51192343907839;-3,911923439078386;189;Moderado (100-200 min);0
L;301,6;310,9;1559;40,2;39,045710196803725;1,1542898031962778;191;Moderado (100-200 min);0
L;301,5;310,8;1367;49,0;48,34238215654321;0,6576178434567908;193;Moderado (100-200 min);0
L;301,6;310,8;1355;57,8;48,93330491348472;8,866695086515278;195;Moderado (100-200 min);1
H;301,6;310,7;1414;51,7;46,0856732293966;5,614326770603405;197;Moderado (100-200 min);0
L;301,5;310,6;1522;36,6;40,85150146347973;-4,251501463479727;202;Alto (>200 min);0
L;301,5;310,6;1525;41,9;40,704712363987554;1,195287636012445;204;Alto (>200 min);0
L;301,5;310,6;1394;46,5;47,04735964432626;-0,5473596443262565;206;Alto (>200 min);0
L;301,5;310,6;1519;40,7;40,99227772140597;-0,2922777214059664;208;Alto (>200 min);0
L;301,4;310,6;1445;43,9;44,563210697901305;-0,6632106979013059;210;Alto (>200 min);0
L;301,4;310,6;1555;43,3;39,23455822048447;4,065441779515524;212;Alto (>200 min);0
L;301,4;310,5;1633;39,5;35,627626083980765;3,872373916019235;0;Bajo (0-100 min);0
M;301,4;310,6;1630;30,3;35,76024808407301;-5,460248084073012;2;Bajo (0-100 min);0
M;301,4;310,7;1692;32,3;32,74425754845454;-0,44425754845454435;5;Bajo (0-100 min);0
H;301,5;310,7;1790;26,2;28,007279433174965;-1,8072794331749655;8;Bajo (0-100 min);0
L;301,5;310,8;1350;58,5;49,300957796680684;9,199042203319316;13;Bajo (0-100 min);0
L;301,5;310,9;2760;8,0;-18,99607396965267;26,99607396965267;15;Bajo (0-100 min);1
L;301,4;310,7;1584;32,2;37,965530293730524;-5,765530293730521;17;Bajo (0-100 min);0
L;301,4;310,7;1989;21,8;18,350432054745713;3,4495679452542873;19;Bajo (0-100 min);0
L;301,4;310,8;1431;44,3;45,360943538465854;-1,0609435384658568;21;Bajo (0-100 min);0
L;301,4;310,7;1568;35,2;38,73587873775976;-3,5358787377597594;23;Bajo (0-100 min);0
L;301,4;310,7;1376;50,6;48,03267242981252;2,56732757018748;25;Bajo (0-100 min);0
M;301,4;310,6;1459;46,9;44,022753632918864;2,877246367081135;27;Bajo (0-100 min);0
M;301,5;310,8;1385;47,5;47,593178468845004;-0,09317846884500369;30;Bajo (0-100 min);0
H;301,5;310,8;1591;29,6;37,61462593501031;-8,014625935010308;33;Bajo (0-100 min);0
L;301,5;310,7;1568;33,1;38,73588707075386;-5,63588707075386;38;Bajo (0-100 min);0
M;301,4;310,7;1459;37,7;44,001822086757265;-6,301822086757262;40;Bajo (0-100 min);0
L;301,4;310,7;1590;36,3;37,65541678043985;-1,3554167804398531;43;Bajo (0-100 min);0
L;301,3;310,6;1376;47,6;48,01751859358441;-0,41751859358441124;45;Bajo (0-100 min);0
L;301,3;310,6;1510;38,5;41,52657900336205;-3,026579003362052;47;Bajo (0-100 min);0
H;301,4;310,6;1674;33,6;33,594062933063;0,005937066937001134;49;Bajo (0-100 min);0
L;301,3;310,6;1426;40,7;45,58932266181121;-4,889322661811207;54;Bajo (0-100 min);0
L;301,5;310,7;1466;43,6;43,66207840665401;-0,062078406654009655;56;Bajo (0-100 min);0
H;301,5;310,8;1474;38,7;43,26198548004372;-4,561985480043717;58;Bajo (0-100 min);0
M;301,6;310,8;1290;65,3;52,180377729837645;13,119622270162353;63;Bajo (0-100 min);0
M;301,7;310,9;1435;48,0;45,156093340030274;2,8439066599697256;66;Bajo (0-100 min);0
M;301,5;310,7;1416;53,2;46,07373902412088;7,12626097587912;69;Bajo (0-100 min);0
H;301,5;310,7;1599;40,4;37,20904497339149;3,1909550266085063;72;Bajo (0-100 min);0
L;301,5;310,7;1466;47,3;43,646294697543425;3,653705302456572;77;Bajo (0-100 min);0
L;301,5;310,7;1408;47,3;46,45365200976531;0,8463479902346904;79;Bajo (0-100 min);0
L;301,5;310,6;1490;48,1;42,49216184257188;5,6078381574281195;81;Bajo (0-100 min);0
L;301,5;310,6;1405;42,3;46,607092156699984;-4,307092156699987;83;Bajo (0-100 min);0
L;301,4;310,5;1647;33,3;34,885738826539466;-1,585738826539469;85;Bajo (0-100 min);0
M;301,4;310,6;1459;35,0;43,97765732117435;-8,977657321174348;87;Bajo (0-100 min);0
L;301,4;310,6;1648;30,7;34,82239149224357;-4,122391492243569;90;Bajo (0-100 min);0
L;301,4;310,7;1675;30,7;33,502154601328904;-2,8021546013289047;92;Bajo (0-100 min);0
L;301,4;310,7;1605;34,2;36,89065546995355;-2,6906554699535477;94;Bajo (0-100 min);0
H;301,4;310,7;1536;44,4;40,23072770887797;4,169272291122027;96;Bajo (0-100 min);0
M;301,4;310,7;1617;34,3;36,30425067718059;-2,0042506771805932;101;Moderado (100-200 min);0
L;301,4;310,6;1347;53,3;49,38888655927254;3,911113440727455;104;Moderado (100-200 min);0
L;301,3;310,5;1337;52,7;49,8715479135701;2,8284520864299054;106;Moderado (100-200 min);0
L;301,3;310,4;1695;30,9;32,54375594911308;-1,6437559491130784;108;Moderado (100-200 min);0
M;301,3;310,4;1635;32,5;35,447970520735424;-2,9479705207354243;110;Moderado (100-200 min);0
L;301,2;310,4;1470;44,0;43,42515719475599;0,5748428052440104;113;Moderado (100-200 min);0
L;301,2;310,4;1381;49,8;47,733802027685016;2,0661979723149813;115;Moderado (100-200 min);0
M;301,2;310,4;1382;41,6;47,6838701875933;-6,083870187593298;117;Moderado (100-200 min);0
M;301,2;310,4;1697;30,0;32,42659701643348;-2,426597016433483;120;Moderado (100-200 min);0
L;301,2;310,3;1451;39,7;44,3489457857199;-4,648945785719896;123;Moderado (100-200 min);0
L;301,3;310,3;1419;55,7;45,90844113666602;9,791558863333982;125;Moderado (100-200 min);0
L;301,3;310,3;1313;55,6;51,04037267449896;4,55962732550104;127;Moderado (100-200 min);0
L;301,3;310,3;1560;36,3;39,07699792815056;-2,776997928150564;129;Moderado (100-200 min);0
L;301,3;310,3;1555;41,2;39,31763786626023;1,8823621337397753;131;Moderado (100-200 min);0
L;301,4;310,4;1579;36,9;38,15396927537648;-1,253969275376484;133;Moderado (100-200 min);0
L;301,5;310,5;1435;44,6;45,12631047413145;-0,5263104741314493;135;Moderado (100-200 min);0
L;301,6;310,6;1621;33,7;36,117203871810375;-2,417203871810372;137;Moderado (100-200 min);0
H;301,6;310,6;1555;40,4;39,3119902216341;1,088009778365901;139;Moderado (100-200 min);0
L;301,5;310,5;1611;33,8;36,59610720012922;-2,796107200129221;144;Moderado (100-200 min);0
L;301,6;310,6;1834;23,5;25,795141298899612;-2,295141298899612;146;Moderado (100-200 min);0
M;301,5;310,5;1612;29,8;36,54467214964602;-6,744672149646018;148;Moderado (100-200 min);0
L;301,5;310,4;1629;34,1;35,730291307771836;-1,6302913077718344;151;Moderado (100-200 min);0
L;301,4;310,4;1496;35,2;42,15851343658077;-6,958513436580766;153;Moderado (100-200 min);0
L;301,5;310,5;1593;32,9;37,4595548775802;-4,559554877580204;155;Moderado (100-200 min);0
M;301,5;310,5;1623;33,5;36,0051927761818;-2,5051927761818007;157;Moderado (100-200 min);0
L;301,5;310,5;1380;48,7;47,77109497775057;0,9289050222494311;160;Moderado (100-200 min);0
L;301,6;310,6;1562;34,4;38,95570289423042;-4,555702894230421;162;Moderado (100-200 min);0
L;301,6;310,6;1391;49,4;47,23549536257834;2,1645046374216577;164;Moderado (100-200 min);0
H;301,5;310,5;1551;34,3;39,48528966783672;-5,18528966783672;166;Moderado (100-200 min);0
H;301,6;310,6;1821;26,2;26,405923355109056;-0,20592335510905713;171;Moderado (100-200 min);0
L;301,6;310,7;1429;43,6;45,37502749300373;-1,7750274930037264;176;Moderado (100-200 min);0
M;301,6;310,7;2012;20,7;17,139633167377895;3,5603668326221047;178;Moderado (100-200 min);0
M;301,6;310,6;1924;23,6;21,410258444027907;2,1897415559720947;181;Moderado (100-200 min);0
M;301,5;310,5;1412;44,1;46,203340302645394;-2,1033403026453925;184;Moderado (100-200 min);0
L;301,5;310,5;1389;54,9;47,31494397016347;7,5850560298365295;187;Moderado (100-200 min);0
L;301,5;310,5;1466;48,1;43,58443627285424;4,515563727145761;189;Moderado (100-200 min);0
L;301,5;310,5;2297;15,8;3,338741781571258;12,461258218428743;191;Moderado (100-200 min);0
L;301,4;310,4;1471;37,5;43,33916497125685;-5,839164971256849;193;Moderado (100-200 min);0
L;301,4;310,3;1492;41,4;42,33182121577748;-0,9318212157774823;195;Moderado (100-200 min);0
L;301,3;310,3;1460;41,5;43,86875174486315;-2,3687517448631468;197;Moderado (100-200 min);0
L;301,4;310,4;1559;39,4;39,07293592646212;0,32706407353787625;199;Moderado (100-200 min);0
M;301,4;310,5;1495;52,5;42,15970433826842;10,34029566173158;201;Alto (>200 min);0
L;301,5;310,5;1535;39,0;40,23158674560221;-1,2315867456022076;204;Alto (>200 min);0
L;301,5;310,6;1381;50,7;47,676931830429254;3,023068169570749;206;Alto (>200 min);0
M;301,6;310,6;1599;36,1;37,12926975631776;-1,0292697563177597;208;Alto (>200 min);0
H;301,6;310,6;1400;49,5;46,76431225107639;2,7356877489236098;211;Alto (>200 min);0
L;301,7;310,6;1624;34,5;35,923823583176286;-1,4238235831762864;216;Alto (>200 min);0
L;301,6;310,6;1478;36,6;42,981617898088224;-6,381617898088223;218;Alto (>200 min);0
L;301,7;310,7;1605;33,3;36,829800448080746;-3,529800448080749;220;Alto (>200 min);0
L;301,6;310,6;1506;43,4;41,622609845698804;1,7773901543011945;222;Alto (>200 min);0
L;301,6;310,6;1455;43,9;44,25932631386528;-0,3593263138652816;0;Bajo (0-100 min);0
H;301,6;310,5;1602;32,3;37,14997521615688;-4,849975216156885;2;Bajo (0-100 min);0
L;301,5;310,4;1425;54,4;45,717962914805696;8,682037085194303;7;Bajo (0-100 min);0
L;301,5;310,4;1918;21,8;21,8411452622006;-0,041145262200600996;9;Bajo (0-100 min);0
H;301,4;310,3;1611;41,5;36,70710963746659;4,792890362533413;11;Bajo (0-100 min);0
H;301,4;310,4;1610;38,6;36,740619562571155;1,8593804374288467;16;Bajo (0-100 min);0
M;301,5;310,4;2639;12,0;-13,084916014014446;25,084916014014446;21;Bajo (0-100 min);1
L;301,5;310,4;1329;46,6;50,3543340777002;-3,7543340777002;24;Bajo (0-100 min);0
L;301,5;310,4;1270;54,2;53,21012001962231;0,9898799803776939;26;Bajo (0-100 min);0
L;301,5;310,3;1415;41,6;46,19762618131437;-4,597626181314368;28;Bajo (0-100 min);0
H;301,6;310,4;1330;49,5;50,31267822775575;-0,8126782277557467;30;Bajo (0-100 min);0
H;301,6;310,5;1786;27,1;28,214304379854994;-1,1143043798549925;35;Bajo (0-100 min);0
L;301,6;310,5;1809;25,5;27,096687870770985;-1,5966878707709853;40;Bajo (0-100 min);0
L;301,7;310,6;1303;59,7;51,60019302100937;8,099806978990635;42;Bajo (0-100 min);0
M;301,8;310,7;1383;45,7;47,72452116691272;-2,02452116691272;44;Bajo (0-100 min);0
L;301,7;310,6;1447;56,9;44,62271231819747;12,277287681802527;47;Bajo (0-100 min);0
L;301,8;310,7;1461;44,2;43,94333002431604;0,25666997568396255;49;Bajo (0-100 min);0
L;301,8;310,7;2092;18,6;13,383361473079145;5,216638526920857;51;Bajo (0-100 min);0
M;301,8;310,7;1429;47,9;45,490039753940444;2,409960246059555;53;Bajo (0-100 min);0
L;301,8;310,8;1736;26,5;30,609034941765515;-4,109034941765515;56;Bajo (0-100 min);0
L;301,8;310,7;1441;49,3;44,90513817155897;4,39486182844103;58;Bajo (0-100 min);0
L;301,8;310,7;1523;43,3;40,93248732574859;2,367512674251408;60;Bajo (0-100 min);0
M;301,8;310,8;1691;33,4;32,78381364710143;0,6161863528985663;62;Bajo (0-100 min);0
M;301,9;310,8;1557;35,3;39,28227762227531;-3,982277622275312;65;Bajo (0-100 min);0
L;301,8;310,7;1644;33,4;35,06661029045477;-1,66661029045477;68;Bajo (0-100 min);0
L;301,8;310,6;1522;43,8;40,98456058210835;2,815439417891646;70;Bajo (0-100 min);0
L;301,8;310,7;1547;41,7;39,76118095059415;1,9388190494058506;72;Bajo (0-100 min);0
L;301,8;310,7;1597;30,8;37,33824625519115;-6,538246255191151;74;Bajo (0-100 min);0
M;301,8;310,8;1619;31,0;36,26015251277764;-5,260152512777637;76;Bajo (0-100 min);0
L;301,9;310,8;1400;58,2;46,8750500124711;11,324949987528903;79;Bajo (0-100 min);0
L;302,0;310,9;1663;31,5;34,136938923232286;-2,636938923232286;81;Bajo (0-100 min);0
L;301,9;310,8;1540;37,6;40,092035433655866;-2,4920354336558646;83;Bajo (0-100 min);0
H;301,9;310,8;1455;42,7;44,20696574778397;-1,5069657477839655;85;Bajo (0-100 min);0
L;301,9;310,8;1519;39,0;41,103775420990516;-2,103775420990516;90;Bajo (0-100 min);0
L;301,9;310,8;1427;47,7;45,557706143020226;2,1422938569797765;92;Bajo (0-100 min);0
L;301,9;310,8;1650;29,8;34,756618509477356;-4,956618509477355;94;Bajo (0-100 min);0
M;301,8;310,8;1508;38,8;41,62069830558837;-2,8206983055883725;96;Bajo (0-100 min);0
L;301,9;310,9;1379;54,8;47,865858453644144;6,934141546355853;99;Bajo (0-100 min);0
L;301,9;310,9;1542;36,7;39,9704886021151;-3,270488602115094;101;Moderado (100-200 min);0
M;301,9;310,9;1763;28,4;29,266258227972685;-0,8662582279726863;103;Moderado (100-200 min);0
H;301,9;310,9;1590;34,3;37,642156350525326;-3,342156350525329;106;Moderado (100-200 min);0
H;301,9;311,0;1336;63,6;49,928109589788185;13,671890410211816;111;Moderado (100-200 min);0
M;301,9;311,0;1638;35,4;35,29890539433988;0,10109460566011563;116;Moderado (100-200 min);0
L;301,9;311,0;1356;45,7;48,95352415421765;-3,2535241542176436;119;Moderado (100-200 min);0
M;301,9;311,0;1384;47,4;47,5960193122197;-0,19601931221970403;121;Moderado (100-200 min);0
L;301,9;310,9;1309;48,0;51,23707240276672;-3,237072402766721;124;Moderado (100-200 min);0
L;301,9;311,0;1642;33,1;35,09767482358154;-1,9976748235815407;126;Moderado (100-200 min);0
L;301,9;311,0;1289;54,9;52,1914778973714;2,7085221026285993;128;Moderado (100-200 min);0
L;301,9;311,0;1353;43,8;49,09054238616517;-5,290542386165171;130;Moderado (100-200 min);0
H;301,9;311,0;1871;26,0;24,003008991054323;1,9969910089456775;132;Moderado (100-200 min);0
H;301,9;311,0;1291;63,6;52,08785619120926;11,51214380879074;137;Moderado (100-200 min);0
M;301,8;310,9;1346;44,6;49,420401799404615;-4,820401799404614;142;Moderado (100-200 min);0
L;301,7;310,8;1493;47,6;42,299016685570244;5,300983314429757;145;Moderado (100-200 min);0
M;301,7;310,8;1524;41,3;40,796225954471616;0,503774045528381;147;Moderado (100-200 min);0
L;301,6;310,8;1726;26,7;31,000105528507618;-4,300105528507618;150;Moderado (100-200 min);0
H;301,6;310,8;1435;47,2;45,09133356088319;2,10866643911681;152;Moderado (100-200 min);0
M;301,7;310,8;1502;34,4;41,85413975591926;-7,454139755919265;157;Moderado (100-200 min);0
L;301,7;310,9;1608;33,0;36,70728951349066;-3,7072895134906574;160;Moderado (100-200 min);0
L;301,8;311,0;1771;27,2;28,81204139427488;-1,612041394274879;162;Moderado (100-200 min);0
L;301,7;311,0;1474;42,6;43,18255879392161;-0,5825587939216064;164;Moderado (100-200 min);0
L;301,8;311,0;1322;53,0;50,55348970889538;2,446510291104623;166;Moderado (100-200 min);0
M;301,8;311,0;1393;49,5;47,11355378978753;2,386446210212469;168;Moderado (100-200 min);0
M;301,9;311,1;1417;52,5;45,94913359370804;6,550866406291959;171;Moderado (100-200 min);0
H;301,9;311,0;1430;49,8;45,32846727063478;4,471532729365215;174;Moderado (100-200 min);0
M;301,9;311,1;1605;40,0;36,83853836849878;3,1614616315012185;179;Moderado (100-200 min);0
L;302,0;311,1;1402;47,8;46,67857779298856;1,1214222070114346;182;Moderado (100-200 min);0
L;302,0;311,0;1550;35,2;39,52079806557994;-4,320798065579936;184;Moderado (100-200 min);0
L;301,9;311,0;1376;44,9;47,934594012098316;-3,0345940120983173;186;Moderado (100-200 min);0
M;301,9;310,9;1569;32,5;38,59752594817932;-6,097525948179317;188;Moderado (100-200 min);0
L;301,9;311,0;1669;32,2;33,74124748395209;-1,541247483952084;191;Moderado (100-200 min);0
L;301,9;311,0;1541;38,9;39,9386088751901;-1,0386088751901;193;Moderado (100-200 min);0
L;301,8;311,0;1651;32,5;34,598673986843046;-2,098673986843046;195;Moderado (100-200 min);0
L;301,8;310,9;1521;39,3;40,904053316098484;-1,6040533160984864;197;Moderado (100-200 min);0
M;301,8;310,8;1365;48,2;48,468577017559895;-0,26857701755989183;199;Moderado (100-200 min);0
L;301,8;310,9;1609;31,7;36,638575876499495;-4,938575876499495;202;Alto (>200 min);0
H;301,8;310,8;1470;37,6;43,37981287305699;-5,77981287305699;204;Alto (>200 min);0
M;301,9;310,9;1573;38,9;38,388027720267814;0,5119722797321842;209;Alto (>200 min);0
L;302,0;310,9;1378;53,1;47,840638107155755;5,259361892844247;212;Alto (>200 min);1
L;301,9;310,9;1567;39,0;38,67484147249049;0,32515852750950813;214;Alto (>200 min);1
M;301,9;310,9;1441;43,7;44,937692326608314;-1,237692326608311;0;Bajo (0-100 min);0
M;301,9;310,9;1641;33,2;35,249711570975;-2,049711570974999;3;Bajo (0-100 min);0
L;301,9;310,9;1486;40,3;42,75389435892349;-2,453894358923492;6;Bajo (0-100 min);0
L;302,0;311,0;1563;36,2;39,023508393927536;-2,8235083939275327;8;Bajo (0-100 min);0
M;302,0;311,1;1769;26,0;29,03454678667162;-3,034546786671619;10;Bajo (0-100 min);0
H;301,9;311,0;1672;29,9;33,72974731969347;-3,8297473196934746;13;Bajo (0-100 min);0
L;302,0;311,0;1632;34,2;35,674416892654214;-1,4744168926542116;18;Bajo (0-100 min);0
M;302,0;311,0;1980;21,5;18,819750546582537;2,6802494534174635;20;Bajo (0-100 min);0
L;302,0;311,1;1635;36,0;35,51421229895785;0,48578770104214897;23;Bajo (0-100 min);0
L;302,0;311,0;1686;32,5;33,05400965247158;-0,5540096524715779;25;Bajo (0-100 min);0
L;301,9;310,9;1574;31,4;38,47639123619263;-7,076391236192634;27;Bajo (0-100 min);0
L;301,8;310,8;1546;43,4;39,83076792509433;3,5692320749056705;29;Bajo (0-100 min);0
L;301,8;310,9;1899;24,7;22,722797751904547;1,9772022480954519;31;Bajo (0-100 min);0
L;301,8;310,9;1449;36,5;44,51417790661676;-8,014177906616759;33;Bajo (0-100 min);0
M;301,9;310,9;1483;37,0;42,87738369734767;-5,877383697347668;35;Bajo (0-100 min);0
L;301,8;310,8;1576;38,6;38,37114458732574;0,2288554126742639;38;Bajo (0-100 min);0
M;301,9;310,9;1317;51,9;50,9127782016072;0,9872217983927953;40;Bajo (0-100 min);0
M;301,9;311,0;1467;48,1;43,635068252368455;4,464931747631546;43;Bajo (0-100 min);0
L;301,9;310,9;1616;34,5;36,428108290063854;-1,9281082900638538;46;Bajo (0-100 min);0
M;301,8;310,9;1299;60,4;51,767198283715196;8,632801716284803;48;Bajo (0-100 min);0
M;301,9;311,0;1432;41,5;45,32405745031058;-3,8240574503105833;51;Bajo (0-100 min);0
L;301,9;310,9;1799;24,2;27,559656213355748;-3,3596562133557484;54;Bajo (0-100 min);0
M;301,8;310,9;1358;52,3;48,903896289835664;3,3961037101643328;56;Bajo (0-100 min);0
M;301,8;310,8;1618;37,8;36,321358430805475;1,4786415691945223;59;Bajo (0-100 min);0
L;301,9;310,8;1525;43,2;40,83424858826991;2,365751411730095;62;Bajo (0-100 min);0
L;301,8;310,7;1551;37,7;39,57347927335917;-1,873479273359166;64;Bajo (0-100 min);0
L;301,9;310,8;1735;31,5;30,661229930438544;0,8387700695614555;66;Bajo (0-100 min);0
M;301,8;310,7;1309;43,3;51,29020124003196;-7,990201240031965;68;Bajo (0-100 min);0
L;301,7;310,6;1743;26,2;30,269799402231456;-4,069799402231457;71;Bajo (0-100 min);0
M;301,7;310,7;1659;29,9;34,32514040804237;-4,425140408042374;73;Bajo (0-100 min);0
L;301,8;310,7;1680;32,4;33,31716677968054;-0,9171667796805423;76;Bajo (0-100 min);0
L;301,7;310,6;1486;38,5;42,71069599882048;-4,2106959988204835;78;Bajo (0-100 min);0
L;301,7;310,6;1471;43,8;43,435622233932456;0,36437776606754113;80;Bajo (0-100 min);0
M;301,8;310,7;1465;35,8;43,72481253405563;-7,924812534055633;82;Bajo (0-100 min);0
M;301,7;310,6;1492;42,2;42,414862984248906;-0,21486298424890293;85;Bajo (0-100 min);0
M;301,8;310,7;1420;52,0;45,89959123939155;6,1004087606084525;88;Bajo (0-100 min);0
L;301,8;310,6;1295;62,3;51,96207581495008;10,337924185049914;91;Bajo (0-100 min);0
L;301,8;310,5;1548;34,1;39,719289969017254;-5,619289969017252;93;Bajo (0-100 min);0
L;301,8;310,6;1372;54,7;48,23006490724937;6,469935092750632;95;Bajo (0-100 min);0
M;301,8;310,6;1552;35,9;39,51140835081641;-3,6114083508164114;97;Bajo (0-100 min);0
H;301,8;310,6;1441;46,3;44,88473143195476;1,415268568045235;100;Bajo (0-100 min);0
M;301,7;310,6;1691;27,7;32,76253356998821;-5,062533569988208;105;Moderado (100-200 min);0
L;301,8;310,6;1451;50,7;44,394432293386515;6,305567706613488;108;Moderado (100-200 min);0
L;301,8;310,6;1452;48,4;44,344500453294806;4,055499546705192;110;Moderado (100-200 min);0
L;301,7;310,6;1406;46,0;46,559431798183695;-0,5594317981836952;112;Moderado (100-200 min);0
L;301,7;310,5;1567;39,1;38,77207988467207;0,3279201153279345;114;Moderado (100-200 min);0
L;301,6;310,4;1599;41,7;37,220738791559945;4,479261208440057;116;Moderado (100-200 min);0
M;301,6;310,4;1455;39,0;44,192958258001646;-5,192958258001646;118;Moderado (100-200 min);0
M;301,7;310,5;1625;35,9;35,957958125688506;-0,05795812568850778;121;Moderado (100-200 min);0
L;301,8;310,6;2672;11,8;-14,748950253726719;26,54895025372672;124;Moderado (100-200 min);1
L;301,8;310,6;1650;31,9;34,74360608951731;-2,8436060895173085;126;Moderado (100-200 min);0
M;301,8;310,6;1459;40,2;43,99197115186983;-3,7919711518698307;128;Moderado (100-200 min);0
L;301,8;310,6;1395;50,5;47,08914863709736;3,4108513629026405;131;Moderado (100-200 min);0
L;301,8;310,7;1751;29,3;29,835892574806884;-0,5358925748068835;133;Moderado (100-200 min);0
L;301,8;310,6;1192;68,9;56,917154045461174;11,982845954538831;135;Moderado (100-200 min);0
L;301,9;310,7;1947;25,0;20,35215714370897;4,647842856291032;137;Moderado (100-200 min);0
L;301,8;310,5;1593;34,9;37,505427793502754;-2,6054277935027557;139;Moderado (100-200 min);0
H;301,8;310,5;1478;38,6;43,07321699863777;-4,473216998637767;141;Moderado (100-200 min);0
M;301,7;310,6;1505;44,5;41,73944288120565;2,7605571187943525;146;Moderado (100-200 min);0
L;301,7;310,5;2465;13,7;-4,743135767985834;18,443135767985833;149;Moderado (100-200 min);0
L;301,8;310,6;1403;46,8;46,68668749558067;0,11331250441932639;151;Moderado (100-200 min);0
M;301,7;310,5;1458;41,4;44,021487919363246;-2,621487919363247;153;Moderado (100-200 min);0
H;301,6;310,4;1369;45,4;48,329259414783266;-2,9292594147832673;156;Moderado (100-200 min);0
M;301,6;310,4;1377;44,9;47,93807235120271;-3,0380723512027146;161;Moderado (100-200 min);0
M;301,6;310,4;1452;45,7;44,303670308098205;1,3963296919017978;164;Moderado (100-200 min);0
L;301,6;310,4;1517;41,1;41,153554561996;-0,05355456199600184;167;Moderado (100-200 min);0
L;301,7;310,5;1354;50,0;49,04603972505534;0,953960274944663;169;Moderado (100-200 min);0
M;301,7;310,5;1724;33,0;31,12594352557859;1,8740564744214083;171;Moderado (100-200 min);0
L;301,7;310,5;1399;53,2;46,862993362566264;6,337006637433738;174;Moderado (100-200 min);0
H;301,7;310,5;1388;50,5;47,39420507887731;3,105794921122687;176;Moderado (100-200 min);0
L;301,7;310,5;1523;34,7;40,85258204336749;-6,152582043367488;181;Moderado (100-200 min);0
L;301,7;310,5;1377;43,1;47,92165876920965;-4,821658769209648;183;Moderado (100-200 min);0
M;301,7;310,6;1417;45,2;45,97184969219199;-0,7718496921919851;185;Moderado (100-200 min);0
L;301,7;310,7;1542;40,0;39,904855485459;0,0951445145409977;188;Moderado (100-200 min);0
L;301,8;310,8;1557;33,3;39,17704456187733;-5,877044561877334;190;Moderado (100-200 min);0
L;301,7;310,7;1641;31,9;35,10741472435322;-3,207414724353221;192;Moderado (100-200 min);0
L;301,7;310,7;1318;55,0;50,748358907136165;4,251641092863835;194;Moderado (100-200 min);0
L;301,6;310,7;1638;33,8;35,23841178174072;-1,4384117817407258;196;Moderado (100-200 min);0
M;301,7;310,8;1954;21,6;19,933583318389683;1,6664166816103183;198;Moderado (100-200 min);0
M;301,7;310,9;1644;32,5;34,933043031256936;-2,433043031256936;201;Alto (>200 min);0
M;301,7;310,8;1594;32,4;37,36338037929819;-4,963380379298194;204;Alto (>200 min);0
L;301,7;310,9;1405;46,4;46,50297589843756;-0,10297589843756327;207;Alto (>200 min);1
L;301,7;310,8;1622;37,8;36,16070620762311;1,6392937923768898;0;Bajo (0-100 min);0
L;301,7;310,9;1557;39,4;39,295903249129644;0,10409675087035453;2;Bajo (0-100 min);0
L;301,8;311,0;1606;33,3;36,92151891574014;-3,6215189157401397;4;Bajo (0-100 min);0
M;301,8;311,1;1647;31,6;34,92328120902225;-3,323281209022248;6;Bajo (0-100 min);0
M;301,8;311,1;1413;42,2;46,25332574328894;-4,053325743288937;9;Bajo (0-100 min);0
L;301,8;311,0;1529;41,6;40,64451056109195;0,955489438908053;12;Bajo (0-100 min);0
L;301,9;311,1;1448;46,3;44,565848088732395;1,7341519112676025;14;Bajo (0-100 min);0
L;301,9;311,2;1435;44,2;45,18275638582695;-0,9827563858269457;16;Bajo (0-100 min);0
H;301,9;311,2;1474;41,8;43,29253661712648;-1,4925366171264827;18;Bajo (0-100 min);0
L;301,9;311,2;1657;29,1;34,4263393560056;-5,326339356005597;23;Bajo (0-100 min);0
L;302,0;311,3;1509;39,9;41,592395073561484;-1,6923950735614852;25;Bajo (0-100 min);0
M;302,0;311,3;1530;36,4;40,57389063946516;-4,173890639465164;27;Bajo (0-100 min);0
M;302,0;311,4;1587;35,9;37,80004325234785;-1,9000432523478494;30;Bajo (0-100 min);0
M;302,1;311,4;1467;43,4;43,6205064117185;-0,22050641171850316;33;Bajo (0-100 min);0
M;302,2;311,5;1360;53,0;48,8002367063692;4,199763293630802;36;Bajo (0-100 min);0
L;302,2;311,5;1588;30,6;37,75625431912943;-7,156254319129431;39;Bajo (0-100 min);0
L;302,2;311,4;1609;32,1;36,74891056365007;-4,64891056365007;41;Bajo (0-100 min);0
L;302,1;311,3;1415;44,1;46,14243978279002;-2,0424397827900194;43;Bajo (0-100 min);0
L;302,0;311,2;1845;27,3;25,316504068986177;1,9834959310138238;45;Bajo (0-100 min);0
M;302,1;311,4;1419;36,2;45,93455816458918;-9,734558164589174;47;Bajo (0-100 min);0
L;302,1;311,3;1634;30,6;35,53130864206936;-4,931308642069361;50;Bajo (0-100 min);0
M;302,2;311,3;1521;40,6;41,01352299873414;-0,41352299873413756;52;Bajo (0-100 min);0
L;302,2;311,4;1499;37,7;42,06553735793503;-4,365537357935025;55;Bajo (0-100 min);0
M;302,1;311,2;1616;35,1;36,408923418920274;-1,3089234189202728;57;Bajo (0-100 min);0
L;302,2;311,4;1449;46,5;44,48321081696784;2,0167891830321594;60;Bajo (0-100 min);0
M;302,2;311,4;1626;31,6;35,90984014963557;-4,309840149635569;62;Bajo (0-100 min);0
M;302,3;311,5;1445;44,8;44,67328904210332;0,12671095789667675;65;Bajo (0-100 min);0
L;302,4;311,6;1622;35,0;36,09928850188857;-1,099288501888573;68;Bajo (0-100 min);0
H;302,4;311,6;1544;39,1;39,87521840811506;-0,7752184081150588;70;Bajo (0-100 min);0
L;302,3;311,6;1488;41,8;42,572181234419034;-0,7721812344190369;75;Bajo (0-100 min);0
L;302,3;311,6;1309;57,6;51,239402740368796;6,360597259631206;77;Bajo (0-100 min);0
L;302,3;311,6;1784;26,4;28,234300422367852;-1,8343004223678534;79;Bajo (0-100 min);0
L;302,2;311,5;1548;32,4;39,661832088917485;-7,261832088917487;81;Bajo (0-100 min);0
L;302,2;311,5;1413;43,5;46,19819388805711;-2,698193888057112;83;Bajo (0-100 min);0
M;302,2;311,5;1863;25,7;24,403807312561927;1,2961926874380723;85;Bajo (0-100 min);0
L;302,2;311,5;1427;43,8;45,51643504627518;-1,7164350462751798;88;Bajo (0-100 min);0
M;302,2;311,5;1443;47,0;44,740073760680005;2,259926239319995;90;Bajo (0-100 min);0
L;302,2;311,5;1481;40,4;42,89753101648402;-2,497531016484018;93;Bajo (0-100 min);0
L;302,1;311,4;1446;39,7;44,59090811328734;-4,890908113287338;95;Bajo (0-100 min);0
L;302,1;311,5;1444;44,9;44,675101483679356;0,22489851632064273;97;Bajo (0-100 min);0
M;302,1;311,5;1341;50,8;49,661747132411605;1,1382528675883918;99;Bajo (0-100 min);0
L;302,1;311,4;1518;37,4;41,09878553850055;-3,6987855385005517;102;Moderado (100-200 min);0
L;302,1;311,4;1603;35,9;36,98084880358948;-1,0808488035894825;104;Moderado (100-200 min);0
L;302,1;311,4;1686;30,9;32,95976932807887;-2,059769328078872;106;Moderado (100-200 min);0
M;302,1;311,5;1383;53,6;47,62098023824025;5,979019761759751;108;Moderado (100-200 min);0
L;302,1;311,5;1477;45,4;43,06643423083136;2,3335657691686365;111;Moderado (100-200 min);0
M;302,2;311,5;1449;44,5;44,43221506297655;0,0677849370234469;113;Moderado (100-200 min);0
M;302,2;311,5;1734;25,0;30,627800782823655;-5,627800782823655;116;Moderado (100-200 min);0
L;302,3;311,6;1398;49,1;46,89768727882712;2,2023127211728806;119;Moderado (100-200 min);0
M;302,3;311,7;1639;36,6;35,21372363206315;1,3862763679368513;121;Moderado (100-200 min);0
M;302,3;311,7;1517;37,6;41,119761639904034;-3,519761639904033;124;Moderado (100-200 min);0
M;302,3;311,7;1442;41,7;44,74965405183409;-3,0496540518340893;127;Moderado (100-200 min);0
M;302,3;311,7;1685;30,8;32,97924221909087;-2,1792422190908702;130;Moderado (100-200 min);0
M;302,4;311,8;1358;50,6;48,81327104779226;1,7867289522077385;133;Moderado (100-200 min);0
M;302,3;311,6;1608;39,9;36,71489775345112;3,1851022465488796;136;Moderado (100-200 min);0
L;302,3;311,6;1665;34,3;33,95221104495076;0,34778895504923923;139;Moderado (100-200 min);0
L;302,3;311,7;1510;38,7;41,44598475947804;-2,745984759478034;141;Moderado (100-200 min);0
L;302,4;311,8;1465;40,2;43,62389161791018;-3,4238916179101793;143;Moderado (100-200 min);0
L;302,3;311,7;1701;27,5;32,19311006595105;-4,693110065951053;145;Moderado (100-200 min);0
M;302,3;311,7;1486;39,6;42,603762241109116;-3,003762241109115;147;Moderado (100-200 min);0
L;302,3;311,6;1658;32,3;34,282943795699204;-1,9829437956992066;150;Moderado (100-200 min);0
H;302,3;311,7;1449;44,5;44,39186351403893;0,10813648596106873;152;Moderado (100-200 min);0
L;302,2;311,5;1346;52,4;49,387293293487645;3,012706706512354;157;Moderado (100-200 min);0
M;302,1;311,5;1866;23,1;24,191620228046105;-1,0916202280461036;159;Moderado (100-200 min);0
M;302,2;311,5;1562;38,0;38,92295125225915;-0,9229512522591534;162;Moderado (100-200 min);0
M;302,3;311,7;1368;53,6;48,30481165221295;5,295188347787054;165;Moderado (100-200 min);0
L;302,2;311,5;1567;33,1;38,676298472583554;-5,576298472583552;168;Moderado (100-200 min);0
L;302,2;311,5;1725;34,0;31,023071769555656;2,9769282304443436;170;Moderado (100-200 min);0
L;302,2;311,5;1744;31,2;30,101424594859797;1,0985754051402026;172;Moderado (100-200 min);0
M;302,1;311,3;1453;45,1;44,20369157353906;0,8963084264609407;174;Moderado (100-200 min);0
L;302,1;311,2;1550;34,8;39,51502035564644;-4,715020355646445;177;Moderado (100-200 min);0
M;302,0;311,2;1558;39,1;39,11480569672289;-0,014805696722888229;179;Moderado (100-200 min);0
L;302,0;311,2;1270;65,3;53,05999623480203;12,240003765197969;182;Moderado (100-200 min);1
M;301,9;311,1;1380;51,6;47,73122202507192;3,8687779749280793;184;Moderado (100-200 min);0
L;302,0;311,1;1406;50,5;46,481105248208934;4,018894751791066;187;Moderado (100-200 min);0
M;302,0;311,2;1625;30,7;35,86257145485003;-5,162571454850028;189;Moderado (100-200 min);0
L;302,0;311,2;1420;45,8;45,788185727810045;0,01181427218995168;192;Moderado (100-200 min);0
L;302,1;311,4;1889;22,7;23,0626162417068;-0,3626162417067995;194;Moderado (100-200 min);0
L;302,1;311,3;1477;43,6;43,02486914642721;0,5751308535727944;196;Moderado (100-200 min);0
L;302,1;311,2;1460;46,9;43,8578133195566;3,0421866804434003;198;Moderado (100-200 min);0
L;302,1;311,3;1758;24,4;29,413417779879488;-5,0134177798794894;200;Moderado (100-200 min);0
L;302,1;311,3;1521;31,5;40,889499808442615;-9,389499808442615;202;Alto (>200 min);0
M;302,1;311,3;1511;45,0;41,37228289505344;3,627717104946562;204;Alto (>200 min);0
L;302,2;311,3;1530;37,3;40,46116652609206;-3,1611665260920603;207;Alto (>200 min);1
L;302,1;311,2;1454;46,8;44,2972029265149;2,502797073485098;0;Bajo (0-100 min);0
L;302,2;311,2;1928;23,1;21,351811649144413;1,7481883508555889;2;Bajo (0-100 min);0
H;302,2;311,3;1758;26,4;29,572014809175144;-3,1720148091751454;4;Bajo (0-100 min);0
L;302,2;311,2;1649;33,2;34,85813809913851;-1,6581380991385046;9;Bajo (0-100 min);0
L;302,1;311,2;1447;50,3;44,62793567726335;5,672064322736645;11;Bajo (0-100 min);0
L;302,1;311,2;1417;48,0;46,07929135787878;1,9207086421212196;13;Bajo (0-100 min);0
L;302,0;311,2;1434;44,9;45,24321903165315;-0,34321903165314893;15;Bajo (0-100 min);0
M;302,0;311,2;1418;49,5;46,01657389646535;3,483426103534647;17;Bajo (0-100 min);0
M;302,0;311,2;1400;49,5;46,88603441548227;2,6139655845177288;20;Bajo (0-100 min);0
M;302,0;311,3;1725;27,7;31,133314268703195;-3,433314268703196;23;Bajo (0-100 min);0
L;302,0;311,3;1567;41,1;38,78278294575238;2,317217054247621;26;Bajo (0-100 min);0
M;302,1;311,3;1497;38,4;42,182566225307255;-3,7825662253072565;28;Bajo (0-100 min);0
L;302,1;311,4;1549;44,6;39,65086198669109;4,949138013308911;31;Bajo (0-100 min);0
L;302,2;311,4;1754;26,9;29,732772098682588;-2,8327720986825895;33;Bajo (0-100 min);0
L;302,2;311,5;1489;38,3;42,553695080235215;-4,253695080235218;35;Bajo (0-100 min);0
L;302,2;311,5;1543;38,5;39,93704586603128;-1,4370458660312835;37;Bajo (0-100 min);0
L;302,3;311,5;1543;33,1;39,94682506657003;-6,846825066570027;39;Bajo (0-100 min);0
L;302,3;311,5;1565;35,6;38,879892002773474;-3,2798920027734724;41;Bajo (0-100 min);0
M;302,3;311,4;1855;23,9;24,845246857932125;-0,9452468579321263;43;Bajo (0-100 min);0
M;302,4;311,4;1475;45,2;43,25715373936269;1,9428462606373103;46;Bajo (0-100 min);0
L;302,3;311,4;1609;32,3;36,75418013301436;-4,454180133014361;49;Bajo (0-100 min);0
H;302,3;311,4;1443;44,1;44,79182945286113;-0,6918294528611284;51;Bajo (0-100 min);0
L;302,4;311,4;1450;44,1;44,46035342991103;-0,36035342991102937;56;Bajo (0-100 min);0
L;302,4;311,5;1590;39,9;37,66768138287033;2,232318617129671;58;Bajo (0-100 min);0
M;302,4;311,4;1508;41,2;41,6484864865147;-0,448486486514696;60;Bajo (0-100 min);0
M;302,2;311,2;1544;43,6;39,90255753709264;3,697442462907361;63;Bajo (0-100 min);0
L;302,2;311,2;1451;41,8;44,40416528362684;-2,604165283626841;66;Bajo (0-100 min);0
L;302,3;311,2;1758;24,4;29,546355166194843;-5,146355166194844;68;Bajo (0-100 min);0
M;302,3;311,2;1507;47,7;41,7004380105612;5,999561989438803;70;Bajo (0-100 min);0
H;302,3;311,1;1543;37,5;39,96591320438263;-2,4659132043826304;73;Bajo (0-100 min);0
M;302,3;311,2;1505;36,7;41,791282428395725;-5,091282428395722;78;Bajo (0-100 min);0
L;302,3;311,2;1786;24,3;28,180582667043744;-3,8805826670437433;81;Bajo (0-100 min);0
L;302,3;311,3;1457;44,5;44,10093794941112;0,39906205058888133;83;Bajo (0-100 min);0
M;302,4;311,3;1312;61,5;51,132868456483266;10,367131543516734;85;Bajo (0-100 min);0
M;302,3;311,2;1405;47,7;46,62662934646135;1,0733706535386531;88;Bajo (0-100 min);0
M;302,2;311,2;1377;43,0;47,969093751550346;-4,969093751550346;91;Bajo (0-100 min);0
M;302,2;311,2;1347;49,8;49,41969782697004;0,3803021730299605;94;Bajo (0-100 min);0
L;302,2;311,1;1470;39,6;43,471882236871416;-3,8718822368714143;97;Bajo (0-100 min);0
M;302,2;311,2;1873;24,0;23,94248057867011;0,0575194213298893;99;Bajo (0-100 min);0
M;302,2;311,1;1434;58,6;45,211554880101005;13,388445119898996;102;Moderado (100-200 min);0
H;302,2;311,1;1628;30,6;35,81414590266907;-5,214145902669067;105;Moderado (100-200 min);0
L;302,2;311,1;1351;48,6;49,22511830365419;-0,6251183036541903;110;Moderado (100-200 min);0
M;302,3;311,2;1454;43,8;44,23558796645225;-0,4355879664522533;112;Moderado (100-200 min);0
M;302,2;311,2;1663;29,6;34,10046713258663;-4,500467132586628;115;Moderado (100-200 min);0
L;302,3;311,2;1401;49,7;46,79779570939001;2,902204290609994;118;Moderado (100-200 min);0
L;302,4;311,3;1503;38,2;41,856694001888286;-3,656694001888283;120;Moderado (100-200 min);0
L;302,4;311,4;1564;35,0;38,889883701165786;-3,889883701165786;122;Moderado (100-200 min);0
L;302,5;311,4;1759;24,6;29,456080110159597;-4,856080110159596;124;Moderado (100-200 min);0
L;302,5;311,4;1409;53,1;46,40459729484877;6,695402705151231;126;Moderado (100-200 min);0
L;302,6;311,4;1738;25,8;30,481357324011697;-4,681357324011696;128;Moderado (100-200 min);0
H;302,5;311,3;1393;47,5;47,18760962788644;0,3123903721135619;130;Moderado (100-200 min);0
L;302,5;311,1;1499;38,8;42,07273821091722;-3,2727382109172254;135;Moderado (100-200 min);0
L;302,5;311,1;1493;39,0;42,36180677872712;-3,3618067787271215;137;Moderado (100-200 min);0
L;302,4;311,1;1652;33,9;34,64886903506876;-0,7488690350687648;139;Moderado (100-200 min);0
L;302,3;311,1;1589;29,9;37,687087084861574;-7,787087084861575;141;Moderado (100-200 min);0
L;302,4;311,1;1520;42,2;41,038441734716216;1,1615582652837873;143;Moderado (100-200 min);0
H;302,3;311,1;1455;40,3;44,173517043909484;-3,8735170439094873;145;Moderado (100-200 min);0
L;302,2;311,0;1463;46,8;43,782208248015664;3,0177917519843334;150;Moderado (100-200 min);0
L;302,3;311,0;1442;43,7;44,80898867225925;-1,108988672259244;152;Moderado (100-200 min);0
L;302,3;311,0;1329;51,5;50,27992061799381;1,2200793820061904;154;Moderado (100-200 min);0
L;302,3;311,1;1546;33,1;39,758244084035354;-6,658244084035353;156;Moderado (100-200 min);0
M;302,2;311,1;1516;33,7;41,198317353720554;-7,498317353720552;158;Moderado (100-200 min);0
M;302,2;311,0;1476;47,4;43,144368404759504;4,255631595240494;161;Moderado (100-200 min);0
L;302,3;311,0;1412;47,0;46,25282830091726;0,7471716990827417;164;Moderado (100-200 min);0
L;302,3;310,9;1377;46,8;47,9574878086508;-1,1574878086507994;166;Moderado (100-200 min);1
M;302,4;311,0;1490;37,1;42,48367117444654;-5,38367117444654;168;Moderado (100-200 min);0
M;302,3;311,0;1526;37,7;40,72670327872079;-3,026703278720788;171;Moderado (100-200 min);0
L;302,3;311,0;1428;47,9;45,47045417375615;2,429545826243846;174;Moderado (100-200 min);0
L;302,4;311,0;1329;54,6;50,274667714617706;4,325332285382295;176;Moderado (100-200 min);0
M;302,4;311,1;1443;51,8;44,74114003978299;7,058859960217006;178;Moderado (100-200 min);0
L;302,3;311,1;1373;53,0;48,11760689228167;4,882393107718329;181;Moderado (100-200 min);0
L;302,3;311,1;1630;35,6;35,669945848930965;-0,06994584893096345;183;Moderado (100-200 min);0
L;302,2;311,0;1555;34,2;39,30046813374349;-5,10046813374349;185;Moderado (100-200 min);0
M;302,2;311,0;1436;47,0;45,06197185767943;1,9380281423205687;187;Moderado (100-200 min);0
L;302,3;311,0;1609;31,0;36,69284651488257;-5,692846514882568;190;Moderado (100-200 min);0
M;302,3;311,0;1384;49,7;47,58778498704294;2,1122150129570656;192;Moderado (100-200 min);0
L;302,4;311,1;1448;44,8;44,48621960295422;0,3137803970457753;195;Moderado (100-200 min);0
M;302,4;311,1;1887;22,4;23,224547954161572;-0,8245479541615737;197;Moderado (100-200 min);0
M;302,4;311,1;1480;45,7;42,93274542656814;2,767254573431863;200;Moderado (100-200 min);0
H;302,5;311,1;1850;23,3;25,023180032825877;-1,7231800328258764;203;Alto (>200 min);0
L;302,5;311,1;1538;36,8;40,12915447331907;-3,329154473319072;208;Alto (>200 min);0
M;302,4;311,1;1721;30,1;31,25392961685518;-1,15392961685518;210;Alto (>200 min);0
M;302,4;311,1;1366;54,4;48,603930251542806;5,796069748457192;0;Bajo (0-100 min);0
L;302,3;311,0;1657;31,1;34,508822460875265;-3,408822460875264;3;Bajo (0-100 min);0
L;302,4;311,1;1446;42,9;44,725881849545665;-1,8258818495456666;5;Bajo (0-100 min);0
L;302,3;310,8;1465;43,8;43,826434299770455;-0,026434299770457415;7;Bajo (0-100 min);0
L;302,2;310,8;1827;23,8;26,282484726965322;-2,482484726965321;9;Bajo (0-100 min);0
H;302,2;310,8;1397;47,6;47,105292287672924;0,49470771232707733;11;Bajo (0-100 min);0
L;302,2;310,8;1744;29,7;30,296799755714254;-0,5967997557142546;16;Bajo (0-100 min);0
L;302,3;310,9;1545;36,7;39,9327155879819;-3,2327155879819003;18;Bajo (0-100 min);0
L;302,3;310,9;1587;36,6;37,89720993018074;-1,2972099301807418;20;Bajo (0-100 min);0
L;302,3;310,8;1377;47,3;48,0768796354546;-0,7768796354546055;22;Bajo (0-100 min);1
L;302,3;310,8;1511;48,1;41,58594004523224;6,51405995476776;24;Bajo (0-100 min);0
L;302,3;310,8;1650;32,4;34,852857306508724;-2,452857306508726;26;Bajo (0-100 min);0
L;302,3;310,9;1412;48,9;46,36620728615513;2,5337927138448677;28;Bajo (0-100 min);0
L;302,3;311,0;1528;43,1;40,73582235191996;2,3641776480800445;30;Bajo (0-100 min);0
L;302,3;310,9;1459;35,0;44,08705526946133;-9,087055269461331;32;Bajo (0-100 min);0
L;302,3;310,9;1379;49,3;47,959842435088284;1,3401575649117135;34;Bajo (0-100 min);1
M;302,2;310,8;1356;48,3;49,07207597548883;-0,772075975488832;36;Bajo (0-100 min);0
M;302,1;310,8;1409;41,3;46,491821374859164;-5,191821374859167;39;Bajo (0-100 min);0
M;302,1;310,8;1504;37,5;41,88884673775004;-4,388846737750043;42;Bajo (0-100 min);0
L;302,1;310,8;1622;36,8;36,172013617535626;0,6279863824643712;45;Bajo (0-100 min);0
L;302,1;310,8;1786;25,7;28,228215136306353;-2,528215136306354;47;Bajo (0-100 min);0
L;302,2;310,9;1506;34,0;41,78684997429266;-7,786849974292657;49;Bajo (0-100 min);0
M;302,1;310,9;1916;23,1;21,918326175876476;1,181673824123525;51;Bajo (0-100 min);0
M;302,2;310,9;1771;27,6;28,94950507775288;-1,3495050777528803;54;Bajo (0-100 min);0
M;302,2;310,9;1488;44,2;42,65255246733087;1,547447532669132;57;Bajo (0-100 min);0
L;302,2;310,9;1531;37,5;40,56786657463373;-3,067866574633733;60;Bajo (0-100 min);0
L;302,3;310,9;1529;33,4;40,67450303457294;-7,274503034572945;62;Bajo (0-100 min);0
M;302,4;311,0;1580;36,5;38,20326144178297;-1,7032614417829706;64;Bajo (0-100 min);0
M;302,3;310,9;1360;44,0;48,85518342793317;-4,85518342793317;67;Bajo (0-100 min);1
M;302,3;311,0;1546;35,5;39,83404280948613;-4,334042809486128;70;Bajo (0-100 min);0
M;302,3;310,9;1762;24,5;29,382364657266088;-4,882364657266088;73;Bajo (0-100 min);0
L;302,2;310,8;1350;56,6;49,33258354586053;7,267416454139472;76;Bajo (0-100 min);0
M;302,2;310,8;1562;38,1;39,06421083902019;-0,9642108390201898;78;Bajo (0-100 min);0
M;302,1;310,7;1608;30,3;36,8341173249091;-6,534117324909101;81;Bajo (0-100 min);0
L;302,0;310,6;1392;50,0;47,29232479225838;2,707675207741623;84;Bajo (0-100 min);0
L;302,0;310,6;1467;44,9;43,65867435434961;1,2413256456503916;86;Bajo (0-100 min);0
M;302,1;310,6;1326;59,1;50,496890342620844;8,603109657379157;88;Bajo (0-100 min);1
L;302,2;310,7;1769;24,9;29,040874302144804;-4,140874302144805;91;Bajo (0-100 min);0
L;302,1;310,6;1459;47,6;44,05212456651149;3,547875433488514;93;Bajo (0-100 min);0
M;302,1;310,6;1421;52,0;45,890909284728764;6,109090715271236;95;Bajo (0-100 min);0
L;302,1;310,7;1491;42,8;42,487489711508445;0,31251028849155205;98;Bajo (0-100 min);0
L;302,2;310,7;1567;36,4;38,81669305482968;-2,416693054829679;100;Bajo (0-100 min);0
L;302,3;310,8;1421;41,4;45,885891512985104;-4,485891512985106;102;Moderado (100-200 min);0
L;302,3;310,9;1596;33,5;37,39821742643634;-3,8982174264363394;104;Moderado (100-200 min);0
M;302,4;311,0;1464;44,2;43,789415068788536;0,4105849312114671;106;Moderado (100-200 min);0
M;302,3;310,9;1581;36,1;38,12088884596108;-2,020888845961082;109;Moderado (100-200 min);0
L;302,3;310,9;1620;30,3;36,22991747206487;-5,929917472064869;112;Moderado (100-200 min);0
H;302,2;310,7;1413;48,9;46,26417955592478;2,6358204440752218;114;Moderado (100-200 min);0
H;302,3;310,8;1438;43,8;45,04982751975357;-1,2498275197535733;119;Moderado (100-200 min);0
M;302,4;310,9;1469;41,6;43,54490370538099;-1,9449037053809874;124;Moderado (100-200 min);0
M;302,3;310,8;1762;27,8;29,352938655312975;-1,5529386553129747;127;Moderado (100-200 min);0
H;302,3;310,9;1366;48,4;48,51726052240004;-0,11726052240004492;130;Moderado (100-200 min);1
L;302,3;310,9;1891;22,7;23,088471903800357;-0,3884719038003581;135;Moderado (100-200 min);0
M;302,3;310,9;1742;29,7;30,302834518743207;-0,602834518743208;137;Moderado (100-200 min);0
M;302,2;310,9;1465;43,5;43,70402771918958;-0,2040277191895825;140;Moderado (100-200 min);0
M;302,3;311,0;1541;36,6;40,02131877869812;-3,421318778698115;143;Moderado (100-200 min);0
M;302,3;311,1;1295;57,1;51,92134619075061;5,17865380924939;146;Moderado (100-200 min);0
M;302,3;311,1;1435;43,1;45,13908321713113;-2,039083217131129;149;Moderado (100-200 min);0
L;302,4;311,2;1466;43,9;43,635662613150025;0,26433738684997365;152;Moderado (100-200 min);0
L;302,4;311,2;1450;47,9;44,40901747796223;3,4909825220377684;154;Moderado (100-200 min);0
L;302,4;311,1;1880;24,5;23,59436417508861;0,9056358249113892;156;Moderado (100-200 min);0
M;302,3;311,0;1578;33,5;38,21818540185346;-4,718185401853461;158;Moderado (100-200 min);0
L;302,4;311,0;1610;33,1;36,67749684678908;-3,5774968467890815;161;Moderado (100-200 min);0
L;302,4;311,1;1565;42,8;38,84412129429101;3,95587870570899;163;Moderado (100-200 min);0
L;302,5;311,2;1545;40,1;39,811312410217404;0,28868758978259734;165;Moderado (100-200 min);0
L;302,5;311,2;1227;60,1;55,2101134444992;4,8898865555008015;167;Moderado (100-200 min);0
L;302,4;311,1;1484;45,9;42,76233066883522;3,13766933116478;169;Moderado (100-200 min);0
L;302,3;311,0;1591;32,7;37,57884234820582;-4,878842348205815;171;Moderado (100-200 min);0
L;302,3;310,9;1403;47,2;46,69308220007461;0,5069177999253895;173;Moderado (100-200 min);0
M;302,3;311,0;1450;45,7;44,40427271515534;1,2957272848446664;175;Moderado (100-200 min);0
L;302,3;310,9;1720;28,1;31,337448559122855;-3,2374485591228535;178;Moderado (100-200 min);0
L;302,3;311,0;1561;37,2;39,02493679245105;-1,824936792451048;180;Moderado (100-200 min);0
M;302,3;311,0;1421;41,3;45,80344174009183;-4,50344174009183;182;Moderado (100-200 min);0
H;302,2;310,9;1415;48,4;46,09163697039271;2,3083630296072855;185;Moderado (100-200 min);0
L;302,3;310,9;2034;19,7;16,121839570901596;3,5781604290984035;190;Moderado (100-200 min);0
L;302,4;311,0;1486;40,4;42,65934716854965;-2,2593471685496525;192;Moderado (100-200 min);0
L;302,4;311,0;1338;67,6;49,825281153792275;17,77471884620772;194;Moderado (100-200 min);1
H;302,4;311,1;1578;32,3;38,18974613672852;-5,889746136728526;196;Moderado (100-200 min);0
M;302,4;311,2;1330;58,6;50,18512759779001;8,414872402209994;201;Alto (>200 min);0
H;302,4;311,2;1506;40,8;41,659433954962225;-0,8594339549622276;204;Alto (>200 min);0
L;302,5;311,4;1559;37,6;39,07791960856762;-1,4779196085676176;209;Alto (>200 min);0
L;302,6;311,5;1599;37,0;37,139392942480185;-0,1393929424801854;211;Alto (>200 min);0
L;302,6;311,5;1427;38,9;45,46761404052833;-6,567614040528333;213;Alto (>200 min);0
M;302,5;311,5;1481;41,1;42,83968241539418;-1,739682415394178;215;Alto (>200 min);0
H;302,5;311,5;1496;43,8;42,110998154303495;1,6890018456965024;218;Alto (>200 min);0
L;302,5;311,4;1674;27,0;33,49810472030073;-6,498104720300731;223;Alto (>200 min);0
M;302,5;311,4;1629;31,7;35,675889846419615;-3,9758898464196157;225;Alto (>200 min);0
H;302,6;311,5;1629;34,4;35,673756763145654;-1,2737567631456557;228;Alto (>200 min);1
L;302,6;311,6;1311;53,2;51,23426631383115;1,9657336861688535;0;Bajo (0-100 min);0
M;302,7;311,6;2709;9,7;-16,45917880655226;26,15917880655226;2;Bajo (0-100 min);1
M;302,7;311,7;1759;29,9;29,534603914462473;0,365396085537526;5;Bajo (0-100 min);0
L;302,7;311,7;1480;45,2;43,04393678523954;2,156063214760465;8;Bajo (0-100 min);0
L;302,7;311,8;1461;46,1;43,951416860535474;2,1485831394645274;10;Bajo (0-100 min);0
M;302,7;311,8;1728;30,0;31,01946952018246;-1,0194695201824615;12;Bajo (0-100 min);0
L;302,7;311,9;1389;46,5;47,423359494356404;-0,9233594943564043;15;Bajo (0-100 min);0
L;302,6;311,8;1638;35,1;35,36300575629427;-0,2630057562942696;17;Bajo (0-100 min);0
L;302,6;311,7;1254;54,1;53,96925702940823;0,13074297059176843;19;Bajo (0-100 min);0
L;302,6;311,8;1427;50,1;45,57844020225993;4,521559797740075;21;Bajo (0-100 min);0
L;302,6;311,8;1627;31,8;35,89121105182235;-4,091211051822352;23;Bajo (0-100 min);0
H;302,6;311,7;1471;48,3;43,45573475328378;4,844265246716219;25;Bajo (0-100 min);0
L;302,6;311,7;1773;27,1;28,826530557835476;-1,7265305578354742;30;Bajo (0-100 min);0
M;302,6;311,7;1430;51,7;45,436047334623034;6,263952665376969;32;Bajo (0-100 min);0
L;302,5;311,6;1595;29,5;37,44294688618451;-7,942946886184508;35;Bajo (0-100 min);0
L;302,5;311,5;1521;44,1;41,03632295222704;3,0636770477729627;37;Bajo (0-100 min);0
L;302,5;311,6;1419;43,7;45,963379292642095;-2,2633792926420924;39;Bajo (0-100 min);0
M;302,4;311,4;1534;40,1;40,40362261302781;-0,30362261302780524;41;Bajo (0-100 min);0
H;302,5;311,5;1626;36,0;35,946055597332645;0,05394440266735501;44;Bajo (0-100 min);0
L;302,5;311,5;1677;29,2;33,47243745664218;-4,272437456642184;49;Bajo (0-100 min);0
L;302,4;311,3;1392;50,5;47,28413265712006;3,215867342879939;51;Bajo (0-100 min);0
L;302,4;311,2;1448;50,5;44,58178686213263;5,918213137867369;53;Bajo (0-100 min);0
L;302,3;311,2;1903;22,9;22,533974727206076;0,36602527279392305;55;Bajo (0-100 min);0
L;302,4;311,2;1404;52,0;46,70964014815981;5,2903598518401935;57;Bajo (0-100 min);0
L;302,3;311,2;1386;53,5;47,56856986144224;5,931430138557758;59;Bajo (0-100 min);0
L;302,2;311,1;1418;47,0;46,017228768330114;0,9827712316698864;61;Bajo (0-100 min);0
M;302,3;311,1;1338;53,3;49,901298344887294;3,3987016551127027;63;Bajo (0-100 min);0
L;302,3;311,2;1549;40,6;39,66944198393449;0,9305580160655111;66;Bajo (0-100 min);0
M;302,3;311,2;1432;42,7;45,33408844846997;-2,634088448469967;68;Bajo (0-100 min);0
M;302,3;311,2;1546;40,0;39,81096984705647;0,18903015294353054;71;Bajo (0-100 min);0
M;302,2;311,2;1627;33,2;35,87471361482035;-2,674713614820348;74;Bajo (0-100 min);0
M;302,2;311,1;1640;32,8;35,254047291747085;-2,454047291747088;77;Bajo (0-100 min);0
M;302,1;311,1;1423;36,8;45,74952271017964;-8,949522710179643;80;Bajo (0-100 min);0
M;302,1;311,0;1711;28,7;31,810983219543004;-3,110983219543005;83;Bajo (0-100 min);0
M;302,1;311,1;1450;51,6;44,43744007709896;7,162559922901039;86;Bajo (0-100 min);0
H;302,2;311,1;1553;34,1;39,45831881331823;-5,358318813318228;89;Bajo (0-100 min);0
L;302,2;311,1;1630;34,6;35,72555630042177;-1,1255563004217706;94;Bajo (0-100 min);0
H;302,2;311,1;1476;39,6;43,18206206386578;-3,582062063865777;96;Bajo (0-100 min);0
H;302,2;311,1;1426;50,6;45,59973552289859;5,00026447710141;101;Moderado (100-200 min);0
M;302,2;311,2;1561;34,9;39,046951808771816;-4,146951808771817;106;Moderado (100-200 min);0
L;302,3;311,2;1297;62,5;51,84113764497565;10,658862355024347;109;Moderado (100-200 min);0
M;302,3;311,2;1842;23,9;25,44603124795858;-1,546031247958581;111;Moderado (100-200 min);0
L;302,3;311,2;1633;36,4;35,565360039719515;0,8346399602804837;114;Moderado (100-200 min);0
H;302,3;311,3;1744;30,3;30,177118253985494;0,12288174601450663;116;Moderado (100-200 min);0
L;302,4;311,4;1831;26,9;25,960191176400002;0,9398088235999964;121;Moderado (100-200 min);0
M;302,3;311,3;1339;50,8;49,785452046208626;1,0145479537913715;123;Moderado (100-200 min);0
L;302,4;311,4;1475;40,4;43,19702532370333;-2,7970253237033305;126;Moderado (100-200 min);0
M;302,4;311,4;1675;29,6;33,509796173265755;-3,909796173265754;128;Moderado (100-200 min);0
L;302,5;311,5;1493;35,1;42,32167369543374;-7,221673695433736;131;Moderado (100-200 min);0
L;302,5;311,5;1700;29,5;32,295444137094556;-2,795444137094556;133;Moderado (100-200 min);0
L;302,6;311,6;1453;37,0;44,25593419497326;-7,255934194973257;135;Moderado (100-200 min);0
L;302,6;311,7;1542;34,1;39,93312226264431;-5,833122262644309;137;Moderado (100-200 min);0
M;302,5;311,5;1358;52,7;48,853525863398914;3,8464741366010884;139;Moderado (100-200 min);0
H;302,5;311,5;1655;32,3;34,467968026843245;-2,1679680268432477;142;Moderado (100-200 min);0
L;302,6;311,5;1885;27,5;23,336907580741766;4,163092419258234;147;Moderado (100-200 min);0
L;302,7;311,5;1494;41,4;42,282280994070604;-0,8822809940706051;149;Moderado (100-200 min);0
M;302,6;311,4;1757;29,5;29,543926440205254;-0,04392644020525438;151;Moderado (100-200 min);0
M;302,6;311,4;1718;31,2;31,430388182927018;-0,2303881829270189;154;Moderado (100-200 min);0
M;302,5;311,4;1636;35,0;35,387998591828456;-0,3879985918284561;157;Moderado (100-200 min);0
L;302,6;311,6;1638;29,6;35,27784757053708;-5,677847570537075;160;Moderado (100-200 min);0
L;302,6;311,5;1609;36,0;36,69193530006924;-0,6919353000692396;162;Moderado (100-200 min);0
H;302,7;311,5;1556;35,0;39,26843187472019;-4,268431874720193;164;Moderado (100-200 min);0
L;302,6;311,5;1442;59,8;44,774255223637525;15,025744776362473;169;Moderado (100-200 min);1
M;302,7;311,6;1501;38,8;41,91558459324571;-3,115584593245714;171;Moderado (100-200 min);0
M;302,6;311,6;2041;19,2;15,750587328603821;3,4494126713961784;174;Moderado (100-200 min);0
M;302,7;311,7;1784;25,1;28,19461207828909;-3,0946120782890887;177;Moderado (100-200 min);0
L;302,6;311,6;1953;22,4;20,007797111049648;2,392202888950351;180;Moderado (100-200 min);0
L;302,6;311,6;1576;34,7;38,26388729764504;-3,5638872976450386;182;Moderado (100-200 min);0
M;302,6;311,6;1518;39,0;41,07124460986692;-2,0712446098669233;184;Moderado (100-200 min);0
M;302,6;311,6;1227;68,2;55,16172103704675;13,03827896295325;187;Moderado (100-200 min);1
L;302,5;311,5;1985;18,8;18,450443176371586;0,349556823628415;190;Moderado (100-200 min);0
L;302,5;311,5;1802;26,4;27,31137920112227;-0,9113792011222728;192;Moderado (100-200 min);0
L;302,5;311,5;1603;32,4;36,947173301076646;-4,547173301076647;194;Moderado (100-200 min);0
L;302,5;311,6;1400;54,0;46,765521241214984;7,234478758785016;196;Moderado (100-200 min);0
L;302,3;311,5;1395;54,2;46,994757036081154;7,205242963918849;198;Moderado (100-200 min);0
L;302,2;311,4;1987;19,9;18,323383310839983;1,5766166891600157;200;Moderado (100-200 min);0
M;302,2;311,4;1398;47,2;46,84634299388423;0,35365700611577466;202;Alto (>200 min);0
L;302,3;311,4;1333;66,7;50,003231519742215;16,696768480257788;205;Alto (>200 min);1
L;302,2;311,2;1381;49,4;47,68819303004335;1,7118069699566476;207;Alto (>200 min);0
L;302,2;311,3;1570;36,1;38,67960361360143;-2,579603613601428;0;Bajo (0-100 min);0
M;302,2;311,3;1658;31,0;34,41638098958967;-3,416380989589669;2;Bajo (0-100 min);0
H;302,2;311,3;1749;29,2;30,007120871281472;-0,807120871281473;5;Bajo (0-100 min);0
M;302,2;311,3;1510;37,1;41,577805343657836;-4,477805343657835;10;Bajo (0-100 min);0
L;302,3;311,5;1384;50,8;47,666518923995966;3,1334810760040313;13;Bajo (0-100 min);0
L;302,3;311,4;1570;37,2;38,668451267978575;-1,4684512679785726;15;Bajo (0-100 min);0
M;302,3;311,4;1571;32,7;38,618519427886866;-5,918519427886864;17;Bajo (0-100 min);0
L;302,3;311,4;1476;37,3;43,21698443382153;-5,916984433821533;20;Bajo (0-100 min);0
M;302,3;311,4;1484;39,5;42,8280521858282;-3,3280521858281986;22;Bajo (0-100 min);0
M;302,3;311,4;1909;23,2;22,24362974764304;0,9563702523569582;25;Bajo (0-100 min);0
L;302,3;311,5;1448;49,6;44,55581254524508;5,044187454754919;28;Bajo (0-100 min);0
M;302,3;311,4;1500;40,2;42,047181269058576;-1,8471812690585736;30;Bajo (0-100 min);0
L;302,2;311,4;1510;44,9;41,54935774553882;3,350642254461178;33;Bajo (0-100 min);0
L;302,2;311,3;1378;55,5;47,95159433419471;7,548405665805291;35;Bajo (0-100 min);0
M;302,2;311,4;1538;37,4;40,1903496931494;-2,790349693149402;37;Bajo (0-100 min);0
L;302,2;311,4;1390;48,1;47,35553207319627;0,7444679268037291;40;Bajo (0-100 min);0
M;302,2;311,4;1642;32,1;35,15001417834672;-3,0500141783467214;42;Bajo (0-100 min);0
L;302,4;311,5;1785;24,8;28,233869458870032;-3,4338694588700314;45;Bajo (0-100 min);0
H;302,3;311,5;1526;38,2;40,76409892990801;-2,564098929908006;47;Bajo (0-100 min);0
M;302,3;311,6;1668;33,2;33,87231480787962;-0,6723148078796157;52;Bajo (0-100 min);0
L;302,3;311,5;1507;37,5;41,678230052646455;-4,178230052646455;55;Bajo (0-100 min);0
L;302,3;311,5;1530;37,8;40,56286835914967;-2,762868359149671;57;Bajo (0-100 min);0
M;302,3;311,4;1479;45,6;43,042385942086895;2,5576140579131064;59;Bajo (0-100 min);0
M;302,3;311,4;1418;41,3;45,99427753821373;-4,694277538213733;62;Bajo (0-100 min);0
L;302,3;311,4;1504;38,7;41,82716056840668;-3,12716056840668;65;Bajo (0-100 min);0
M;302,3;311,4;1345;47,6;49,52580948035184;-1,9258094803518375;67;Bajo (0-100 min);0
H;302,2;311,4;1625;35,4;35,95225593776986;-0,5522559377698641;70;Bajo (0-100 min);0
L;302,3;311,4;1511;34,7;41,48064410854765;-6,780644108547648;75;Bajo (0-100 min);0
L;302,3;311,4;1535;41,8;40,31685378535064;1,4831462146493593;77;Bajo (0-100 min);0
L;302,4;311,5;1505;37,9;41,76833119827933;-3,8683311982793285;79;Bajo (0-100 min);0
H;302,4;311,5;1540;43,7;40,07182594837978;3,6281740516202206;81;Bajo (0-100 min);0
H;302,3;311,4;1372;46,0;48,20395597972652;-2,2039559797265227;86;Bajo (0-100 min);0
M;302,2;311,3;1510;36,6;41,516925322802734;-4,916925322802733;91;Bajo (0-100 min);0
L;302,2;311,3;1382;46,4;47,71353510884501;-1,3135351088450093;94;Bajo (0-100 min);0
L;302,3;311,3;1439;41,8;44,96288241647062;-3,162882416470623;96;Bajo (0-100 min);0
M;302,2;311,3;1375;47,0;48,04952909596365;-1,0495290959636492;98;Bajo (0-100 min);0
M;302,2;311,3;1931;21,9;21,120956167048302;0,7790438329516967;101;Moderado (100-200 min);0
L;302,2;311,3;1475;48,6;43,20215649476616;5,397843505233844;104;Moderado (100-200 min);0
L;302,2;311,3;1389;46,9;47,365515438594485;-0,46551543859448685;106;Moderado (100-200 min);0
L;302,3;311,3;1652;32,8;34,63856502797263;-1,8385650279726349;108;Moderado (100-200 min);0
L;302,3;311,2;1386;50,3;47,530237996459405;2,769762003540592;110;Moderado (100-200 min);0
M;302,2;311,3;1577;29,8;38,25642342377672;-8,456423423776716;112;Moderado (100-200 min);0
M;302,3;311,3;1444;43,1;44,70645876925037;-1,6064587692503665;115;Moderado (100-200 min);0
L;302,2;311,3;1554;40,2;39,36577227570756;0,8342277242924396;118;Moderado (100-200 min);0
L;302,2;311,3;1602;32,8;37,03969483970502;-4,239694839705024;120;Moderado (100-200 min);0
H;302,2;311,2;1692;28,2;32,690775634909755;-4,490775634909756;122;Moderado (100-200 min);0
L;302,3;311,3;1682;34,4;33,17142563824662;1,228574361753381;127;Moderado (100-200 min);0
L;302,3;311,3;1614;34,1;36,463069247470806;-2,363069247470804;129;Moderado (100-200 min);0
L;302,3;311,3;1324;47,8;50,50586865014615;-2,705868650146151;131;Moderado (100-200 min);0
L;302,3;311,4;1434;40,3;45,16605549411236;-4,866055494112366;133;Moderado (100-200 min);0
L;302,3;311,3;1621;31,6;36,11955920839474;-4,519559208394739;135;Moderado (100-200 min);0
M;302,3;311,3;1625;33,1;35,92434147920233;-2,8243414792023316;137;Moderado (100-200 min);0
L;302,2;311,1;1394;53,7;47,120139070672025;6,579860929327978;140;Moderado (100-200 min);0
L;302,1;311,0;1586;35,1;37,82021722552303;-2,7202172255230295;142;Moderado (100-200 min);0
L;302,0;311,0;1420;45,9;45,846584134439574;0,053415865560424436;144;Moderado (100-200 min);0
L;302,1;311,2;1422;50,3;45,73718471834394;4,562815281656057;146;Moderado (100-200 min);0
H;302,1;311,2;1598;37,9;37,2122426807119;0,6877573192880959;148;Moderado (100-200 min);0
L;302,1;311,2;1454;59,2;44,182207331566374;15,017792668433628;153;Moderado (100-200 min);1
L;302,1;311,2;1519;39,3;41,03284319065991;-1,7328431906599135;155;Moderado (100-200 min);0
L;302,0;311,1;1373;55,7;48,101798184188794;7,598201815811208;157;Moderado (100-200 min);0
M;302,0;311,1;1406;48,8;46,50215019368971;2,297849806310289;159;Moderado (100-200 min);0
L;302,1;311,2;1492;45,0;42,335154956195936;2,664845043804064;162;Moderado (100-200 min);0
L;302,1;311,2;1369;50,8;48,2903731989328;2,509626801067199;164;Moderado (100-200 min);0
M;302,2;311,2;1471;41,9;43,360432170048036;-1,460432170048037;166;Moderado (100-200 min);0
L;302,2;311,2;1630;36,0;35,65802523212417;0,3419747678758327;169;Moderado (100-200 min);0
M;302,1;311,1;1605;37,6;36,86711603192518;0,7328839680748231;171;Moderado (100-200 min);0
L;302,2;311,1;1447;52,1;44,527867119904585;7,572132880095417;174;Moderado (100-200 min);0
M;302,2;311,2;1360;52,8;48,72849401481619;4,071505985183805;176;Moderado (100-200 min);0
M;302,2;311,1;1728;34,0;30,91566414816112;3,0843358518388797;179;Moderado (100-200 min);0
L;302,1;311,0;1740;30,8;30,332144043857866;0,4678559561421345;182;Moderado (100-200 min);0
L;302,1;310,9;1477;41,4;43,07853112324395;-1,6785311232439497;184;Moderado (100-200 min);0
L;302,1;310,9;1658;30,3;34,311445937110754;-4,011445937110754;186;Moderado (100-200 min);0
L;302,0;310,8;1902;23,4;22,49323534754977;0,906764652450228;188;Moderado (100-200 min);0
M;302,0;310,8;1783;23,1;28,25473907148571;-5,154739071485707;190;Moderado (100-200 min);0
M;302,0;310,9;1558;45,3;39,13776525983337;6,162234740166625;193;Moderado (100-200 min);0
L;302,1;311,0;1351;49,5;49,16035852450712;0,3396414754928827;196;Moderado (100-200 min);0
H;302,1;310,9;1452;42,5;44,27872439300932;-1,7787243930093197;198;Moderado (100-200 min);0
L;302,1;310,9;1666;30,7;33,911239611181294;-3,211239611181295;203;Alto (>200 min);0
L;302,1;311,0;1364;50,0;48,52402189164245;1,4759781083575518;205;Alto (>200 min);0
M;302,1;311,0;1351;60,3;49,152090867353955;11,147909132646042;207;Alto (>200 min);1
H;302,1;311,0;1729;26,1;30,843814025079624;-4,743814025079622;210;Alto (>200 min);0
M;302,1;311,0;1574;34,1;38,346493602636635;-4,246493602636633;215;Alto (>200 min);0
L;302,0;311,0;1566;37,8;38,72038541372102;-0,9203854137210215;218;Alto (>200 min);0
L;302,0;310,9;1455;43,2;44,105620778672076;-0,9056207786720734;220;Alto (>200 min);0
H;302,0;310,9;1679;29,0;33,25610451542897;-4,256104515428973;222;Alto (>200 min);0
L;302,0;310,8;2143;17,3;10,792622987160296;6,507377012839704;227;Alto (>200 min);0
L;302,0;310,8;1447;42,7;44,4974460481292;-1,7974460481291956;229;Alto (>200 min);0
L;302,0;310,8;1383;50,3;47,595375138552455;2,7046248614475417;231;Alto (>200 min);1
L;302,1;310,8;1772;27,1;28,766417385701565;-1,666417385701564;233;Alto (>200 min);0
L;302,0;310,8;1615;29,0;36,35692662731603;-7,356926627316028;235;Alto (>200 min);1
L;302,0;310,8;1454;36,6;44,330563230052505;-7,730563230052503;0;Bajo (0-100 min);0
L;302,0;310,8;1445;49,1;44,76491768696309;4,335082313036914;2;Bajo (0-100 min);0
M;302,0;310,8;1609;35,2;36,821119205733815;-1,6211192057338124;4;Bajo (0-100 min);0
L;302,0;310,9;1546;34,4;39,858707382644155;-5,458707382644157;7;Bajo (0-100 min);0
L;301,9;310,8;1567;39,3;38,84008121623455;0,4599187837654455;9;Bajo (0-100 min);0
L;302,0;310,8;1767;27,4;29,164134476727213;-1,7641344767272145;11;Bajo (0-100 min);0
L;302,0;310,9;1539;34,2;40,19319815937131;-5,99319815937131;13;Bajo (0-100 min);0
L;302,0;310,9;1564;39,0;38,98097920647407;0,019020793525932334;15;Bajo (0-100 min);0
M;302,0;310,8;1445;46,3;44,75364360902696;1,5463563909730382;17;Bajo (0-100 min);0
M;301,9;310,9;1419;47,7;45,988090076098544;1,7119099239014588;20;Bajo (0-100 min);1
M;301,8;310,9;1881;20,9;23,60052592807463;-2,700525928074633;23;Bajo (0-100 min);0
M;301,9;310,9;1421;46,2;45,88672318552363;0,31327681447637445;26;Bajo (0-100 min);0
L;301,9;311,0;1455;46,0;44,22673428151161;1,773265718488389;29;Bajo (0-100 min);0
L;301,9;311,0;2691;12,1;-15,632555238364702;27,732555238364704;31;Bajo (0-100 min);1
L;301,8;310,8;1505;41,2;41,81333532202081;-0,6133353220208093;33;Bajo (0-100 min);0
L;301,8;310,8;1456;46,6;44,18483496694061;2,415165033059388;35;Bajo (0-100 min);0
L;301,8;310,8;1383;46,4;47,71862172466596;-1,3186217246659595;37;Bajo (0-100 min);0
M;301,9;310,8;1563;39,2;39,01124757916322;0,188752420836785;39;Bajo (0-100 min);0
M;301,9;310,9;2305;16,1;3,0637888473880466;13,036211152611955;42;Bajo (0-100 min);0
M;301,9;310,9;1456;43,6;44,177440647296464;-0,5774406472964628;45;Bajo (0-100 min);0
L;302,0;311,0;1865;22,7;24,36799801662826;-1,6679980166282604;48;Bajo (0-100 min);0
L;301,9;310,9;1597;36,9;37,34524583358527;-0,44524583358526826;50;Bajo (0-100 min);0
L;302,0;310,9;1495;38,6;42,29474526354751;-3,69474526354751;52;Bajo (0-100 min);0
M;302,0;310,9;1456;47,2;44,18195861146502;3,018041388534982;54;Bajo (0-100 min);0
L;301,9;310,8;1465;44,3;43,743724396262444;0,5562756037375536;57;Bajo (0-100 min);0
M;302,0;310,9;1352;55,5;49,214778074310274;6,285221925689726;59;Bajo (0-100 min);0
L;301,9;310,8;1906;21,7;22,38294067248211;-0,6829406724821112;62;Bajo (0-100 min);0
L;302,0;310,9;1446;44,0;44,6587288565099;-0,658728856509903;64;Bajo (0-100 min);0
L;302,0;310,8;1948;19,7;20,357214215219695;-0,657214215219696;66;Bajo (0-100 min);0
L;301,9;310,7;1480;47,1;43,020187972222786;4,079812027777216;68;Bajo (0-100 min);0
M;301,9;310,7;1511;37,6;41,51739724112416;-3,9173972411241564;70;Bajo (0-100 min);0
M;301,9;310,7;1472;47,0;43,40385898384592;3,5961410161540783;73;Bajo (0-100 min);0
L;301,9;310,7;1429;51,0;45,4840352453686;5,515964754631398;76;Bajo (0-100 min);0
L;301,9;310,7;1405;48,8;46,64481914778265;2,155180852217349;78;Bajo (0-100 min);0
M;301,9;310,7;1405;47,9;46,643315937391165;1,2566840626088336;80;Bajo (0-100 min);0
L;302,0;310,7;1348;58,1;49,412775425647304;8,687224574352697;83;Bajo (0-100 min);0
L;301,9;310,6;1331;68,6;50,23443718784646;18,365562812153534;85;Bajo (0-100 min);1
L;301,9;310,6;1610;33,4;36,72134629109068;-3,321346291090684;87;Bajo (0-100 min);0
M;301,9;310,6;1412;46,5;46,308711761344824;0,19128823865517575;89;Bajo (0-100 min);0
L;302,0;310,7;1453;42,7;44,32100486036143;-1,621004860361424;92;Bajo (0-100 min);0
L;302,0;310,6;1583;38,9;38,03494046755694;0,8650595324430554;94;Bajo (0-100 min);0
M;302,0;310,6;1539;37,4;40,164296963975595;-2,764296963975596;96;Bajo (0-100 min);0
L;302,0;310,5;1635;39,8;35,52405437578321;4,275945624216789;99;Bajo (0-100 min);0
H;302,1;310,7;1294;62,4;52,025674946866616;10,374325053133383;101;Moderado (100-200 min);1
L;302,0;310,5;1978;22,0;18,907773152233975;3,0922268477660246;106;Moderado (100-200 min);0
L;302,0;310,4;1357;58,0;48,99160966430255;9,008390335697449;108;Moderado (100-200 min);1
L;302,0;310,4;1336;58,2;50,007107677615906;8,192892322384097;110;Moderado (100-200 min);1
L;302,0;310,4;1568;39,2;38,77016237677096;0,42983762322904084;112;Moderado (100-200 min);0
M;302,0;310,4;1567;36,4;38,81708779607971;-2,417087796079713;114;Moderado (100-200 min);0
L;302,0;310,4;1611;35,6;36,68397327368234;-1,0839732736823393;117;Moderado (100-200 min);0
H;302,0;310,5;1841;23,6;25,532724553620895;-1,9327245536208935;119;Moderado (100-200 min);0
L;302,0;310,5;1567;36,1;38,79841106550533;-2,6984110655053257;124;Moderado (100-200 min);0
L;301,9;310,4;1376;54,9;48,04665439554459;6,853345604455406;126;Moderado (100-200 min);1
L;301,9;310,5;1477;42,4;43,14269890681287;-0,7426989068128691;128;Moderado (100-200 min);0
M;301,9;310,5;1590;40,3;37,668760540295345;2,631239459704652;130;Moderado (100-200 min);0
L;302,0;310,5;2197;15,8;8,281609907598476;7,518390092401525;133;Moderado (100-200 min);0
M;302,0;310,4;1595;32,9;37,44530245536268;-4,54530245536268;135;Moderado (100-200 min);0
H;302,0;310,5;1812;24,4;26,922874316208485;-2,522874316208487;138;Moderado (100-200 min);0
M;302,0;310,5;1573;32,1;38,49355878858485;-6,393558788584848;143;Moderado (100-200 min);0
L;302,0;310,5;1651;30,9;34,71387085637965;-3,8138708563796513;146;Moderado (100-200 min);0
H;302,0;310,5;1459;43,2;44,01066454843241;-0,8106645484324062;148;Moderado (100-200 min);0
L;301,9;310,4;1370;51,7;48,31693283346094;3,383067166539064;153;Moderado (100-200 min);1
L;301,9;310,4;1518;34,1;41,14799242743535;-7,0479924274353465;155;Moderado (100-200 min);0
L;302,0;310,3;1648;29,6;34,87321044556109;-5,273210445561091;157;Moderado (100-200 min);0
L;302,0;310,4;1464;47,2;43,77141442139506;3,4285855786049453;159;Moderado (100-200 min);0
L;302,0;310,4;1895;23,2;22,89717181020425;0,30282818979575055;161;Moderado (100-200 min);0
L;301,9;310,4;1884;23,4;23,417101115585073;-0,01710111558507421;163;Moderado (100-200 min);0
L;302,0;310,4;1450;46,6;44,44490560602383;2,155094393976171;165;Moderado (100-200 min);0
L;302,0;310,4;1448;43,4;44,540259655032806;-1,140259655032807;167;Moderado (100-200 min);0
L;302,1;310,5;1389;49,6;47,39616732926819;2,2038326707318134;169;Moderado (100-200 min);0
L;302,0;310,6;1583;35,2;37,97706686748481;-2,7770668674848054;171;Moderado (100-200 min);0
L;301,9;310,5;1425;51,1;45,627165417416464;5,472834582583538;173;Moderado (100-200 min);0
L;302,0;310,5;1809;27,1;27,04035081306672;0,059649186933281584;175;Moderado (100-200 min);0
L;301,9;310,5;1892;21,8;23,00798892662588;-1,2079889266258803;177;Moderado (100-200 min);0
M;301,9;310,6;1475;47,8;43,19006362261353;4,609936377386468;179;Moderado (100-200 min);0
L;302,0;310,6;1361;46,7;48,7199550037828;-2,0199550037827976;182;Moderado (100-200 min);0
M;302,0;310,6;1563;41,0;38,93586859394477;2,064131406055232;184;Moderado (100-200 min);0
H;301,9;310,5;1472;39,7;43,34049734876525;-3,640497348765244;187;Moderado (100-200 min);0
L;302,0;310,6;1325;55,3;50,45586962103368;4,8441303789663195;192;Moderado (100-200 min);0
L;302,0;310,6;1358;53,1;48,85622163053459;4,24377836946541;194;Moderado (100-200 min);0
H;302,0;310,6;1346;54,7;49,43586197654587;5,26413802345413;196;Moderado (100-200 min);0
M;302,0;310,5;1381;58,4;47,74826258967606;10,651737410323939;201;Alto (>200 min);0
L;301,9;310,5;1340;55,7;49,72029918086805;5,979700819131956;204;Alto (>200 min);1
L;302,0;310,6;1366;47,7;48,45977333058384;-0,7597733305838403;206;Alto (>200 min);0
L;302,1;310,7;1325;45,1;50,44396567021508;-5,343965670215077;208;Alto (>200 min);1
M;302,1;310,7;1376;46,3;47,972602345111845;-1,672602345111848;210;Alto (>200 min);1
M;302,1;310,7;1364;47,8;48,55149108592738;-0,751491085927384;213;Alto (>200 min);1
L;302,2;310,6;1462;43,6;43,988020371545026;-0,388020371545025;0;Bajo (0-100 min);0
M;302,1;310,6;1517;38,9;41,31166011671064;-2,4116601167106424;2;Bajo (0-100 min);0
L;302,1;310,6;1385;53,6;47,70198442155383;5,89801557844617;5;Bajo (0-100 min);0
L;302,1;310,6;1439;40,0;45,08533520734991;-5,085335207349907;7;Bajo (0-100 min);0
M;302,0;310,6;1623;34,3;36,16168172118579;-1,8616817211857963;9;Bajo (0-100 min);0
H;302,0;310,6;1438;43,2;45,1187234001412;-1,9187234001411966;12;Bajo (0-100 min);0
L;301,9;310,4;1708;24,8;32,05027430140396;-7,250274301403959;17;Bajo (0-100 min);0
M;301,8;310,3;1666;32,7;34,082651806108885;-1,382651806108882;19;Bajo (0-100 min);0
L;301,9;310,4;1286;62,8;52,48339800892249;10,316601991077505;22;Bajo (0-100 min);1
L;301,9;310,3;1485;46,3;42,85575816680211;3,4442418331978857;24;Bajo (0-100 min);0
M;301,8;310,3;1409;52,5;46,52354840269792;5,976451597302081;26;Bajo (0-100 min);0
L;301,8;310,3;1765;27,3;29,280701413828652;-1,9807014138286512;29;Bajo (0-100 min);0
L;301,8;310,3;1688;28,8;33,00820269035491;-4,208202690354913;31;Bajo (0-100 min);0
M;301,7;310,3;1787;26,7;28,200982728710386;-1,5009827287103867;33;Bajo (0-100 min);0
L;301,7;310,1;1487;48,0;42,74963818042621;5,25036181957379;36;Bajo (0-100 min);0
L;301,7;310,1;1384;50,5;47,73628382915846;2,7637161708415405;38;Bajo (0-100 min);0
L;301,7;310,2;1311;57,4;51,258909908266844;6,141090091733155;40;Bajo (0-100 min);1
H;301,7;310,2;1620;30,8;36,292960120504155;-5,492960120504154;42;Bajo (0-100 min);0
L;301,7;310,2;1331;61,2;50,28507607789204;10,91492392210796;47;Bajo (0-100 min);1
H;301,7;310,1;1462;38,3;43,95058305538733;-5,6505830553873295;49;Bajo (0-100 min);0
L;301,7;310,1;1424;50,2;45,78711295801737;4,412887041982636;54;Bajo (0-100 min);0
L;301,7;310,1;1500;39,6;42,10503389040837;-2,50503389040837;56;Bajo (0-100 min);0
L;301,8;310,1;1738;28,0;30,588799222292273;-2,5887992222922733;58;Bajo (0-100 min);0
M;301,8;310,3;1465;46,5;43,78599056282978;2,714009437170219;60;Bajo (0-100 min);0
L;301,8;310,3;1482;41,4;42,96044904233864;-1,5604490423386395;63;Bajo (0-100 min);0
L;301,9;310,3;1398;44,0;47,038233137696736;-3,0382331376967358;65;Bajo (0-100 min);0
L;301,9;310,3;1972;21,3;19,23869647937298;2,061303520627021;67;Bajo (0-100 min);0
L;301,9;310,4;1603;37,6;37,096196949749576;0,5038030502504256;69;Bajo (0-100 min);0
L;301,9;310,4;1610;34,8;36,75569333145648;-1,9556933314564802;71;Bajo (0-100 min);0
M;301,9;310,4;1373;48,0;48,231775360019604;-0,2317753600196042;73;Bajo (0-100 min);1
M;302,0;310,5;1425;44,7;45,71135353233367;-1,0113535323336649;76;Bajo (0-100 min);0
M;302,0;310,4;1212;55,6;56,03555752151249;-0,43555752151248583;79;Bajo (0-100 min);1
M;302,0;310,4;1828;26,3;26,20126681058331;0,0987331894166914;82;Bajo (0-100 min);0
L;302,0;310,5;1370;44,4;48,36816371908466;-3,9681637190846644;85;Bajo (0-100 min);1
M;302,0;310,5;1823;25,1;26,42849125448879;-1,3284912544887888;87;Bajo (0-100 min);0
L;302,0;310,5;1263;60,6;53,54626907103061;7,053730928969394;90;Bajo (0-100 min);1
L;301,9;310,4;1889;21,5;23,228321935981604;-1,7283219359816044;92;Bajo (0-100 min);0
M;302,0;310,5;1639;32,9;35,334097882961;-2,434097882960998;94;Bajo (0-100 min);0
M;302,0;310,4;1608;33,1;36,84429126669787;-3,7442912666978714;97;Bajo (0-100 min);0
H;301,9;310,3;1653;32,4;34,662626382287;-2,262626382287003;100;Bajo (0-100 min);0
L;302,0;310,4;1591;29,8;37,661565130035854;-7,861565130035853;105;Moderado (100-200 min);0
L;302,1;310,5;1696;30,9;32,57517753343345;-1,6751775334334482;107;Moderado (100-200 min);0
L;302,2;310,6;1346;47,5;49,52381645043588;-2,0238164504358807;109;Moderado (100-200 min);1
M;302,2;310,5;1507;40,4;41,73646453692425;-1,3364645369242538;111;Moderado (100-200 min);0
H;302,3;310,6;1525;48,7;40,86261611904615;7,837383880953851;114;Moderado (100-200 min);0
M;302,3;310,7;1559;33,9;39,20112400464265;-5,301124004642652;119;Moderado (100-200 min);0
L;302,2;310,6;1632;30,5;35,663457488625326;-5,163457488625326;122;Moderado (100-200 min);0
L;302,1;310,5;1559;36,0;39,1971225140374;-3,197122514037403;124;Moderado (100-200 min);0
M;302,2;310,6;1355;51,5;49,07518149480619;2,4248185051938123;126;Moderado (100-200 min);1
M;302,2;310,5;1832;23,7;25,983630990826004;-2,283630990826005;129;Moderado (100-200 min);0
L;302,2;310,6;1386;50,0;47,56938434292459;2,430615657075407;132;Moderado (100-200 min);0
M;302,2;310,6;1346;49,2;49,50502632054233;-0,3050263205423249;134;Moderado (100-200 min);1
L;302,3;310,7;1499;37,8;42,09331289313312;-4,29331289313312;137;Moderado (100-200 min);0
L;302,3;310,7;1612;33,4;36,619374526615594;-3,2193745266155958;139;Moderado (100-200 min);0
M;302,3;310,7;1544;39,7;39,91101813583978;-0,21101813583977957;141;Moderado (100-200 min);0
L;302,5;310,9;1477;39,2;43,153724974794535;-3,9537249747945324;144;Moderado (100-200 min);0
L;302,5;310,9;1624;34,4;36,03321319846918;-1,6332131984691785;146;Moderado (100-200 min);0
L;302,4;310,9;1349;46,1;49,338300744710835;-3,238300744710834;148;Moderado (100-200 min);1
L;302,4;310,8;1686;28,8;33,027510003958646;-4,2275100039586455;150;Moderado (100-200 min);0
M;302,4;310,7;1521;40,4;41,027891372722145;-0,6278913727221465;152;Moderado (100-200 min);0
L;302,4;310,7;1362;54,8;48,725788679471556;6,074211320528441;155;Moderado (100-200 min);1
L;302,3;310,7;1402;50,9;46,775857870140634;4,124142129859365;157;Moderado (100-200 min);0
L;302,2;310,6;1334;53,2;50,06737974705155;3,132620252948456;159;Moderado (100-200 min);1
L;302,2;310,6;1348;48,4;49,38787572085683;-0,9878757208568345;161;Moderado (100-200 min);1
M;302,2;310,6;1570;34,6;38,63521671701419;-4,035216717014187;163;Moderado (100-200 min);0
M;302,2;310,7;1601;33,0;37,12051370210287;-4,120513702102869;166;Moderado (100-200 min);0
M;302,3;310,8;1611;31,8;36,63409432182661;-4,834094321826608;169;Moderado (100-200 min);0
L;302,4;310,9;1560;31,8;39,1018213532644;-7,301821353264398;172;Moderado (100-200 min);0
H;302,4;310,9;1444;40,7;44,718039188099645;-4,0180391880996424;174;Moderado (100-200 min);0
L;302,4;311,0;1317;59,4;50,85355645543324;8,546443544566756;179;Moderado (100-200 min);0
M;302,5;311,0;1463;43,1;43,792755719738345;-0,6927557197383436;181;Moderado (100-200 min);0
L;302,4;311,1;1634;34,2;35,486762135864524;-1,286762135864521;184;Moderado (100-200 min);0
L;302,4;311,0;1423;46,2;45,71486047083862;0,4851395291613798;186;Moderado (100-200 min);0
L;302,5;311,0;1548;38,4;39,671060958848564;-1,2710609588485653;188;Moderado (100-200 min);0
M;302,5;311,0;1563;35,6;38,943128302953625;-3,343128302953623;190;Moderado (100-200 min);0
L;302,4;311,0;1573;36,5;38,44530477943386;-1,9453047794338616;193;Moderado (100-200 min);0
M;302,4;311,1;1432;44,5;45,26107767815791;-0,7610776781579105;195;Moderado (100-200 min);0
M;302,5;311,1;1638;32,0;35,293807555253444;-3,2938075552534443;198;Moderado (100-200 min);0
L;302,5;311,1;1571;34,2;38,536270929581654;-4,3362709295816515;201;Alto (>200 min);0
L;302,4;311,0;2211;15,4;7,540322978729421;7,8596770212705795;203;Alto (>200 min);0
L;302,4;311,0;1555;40,6;39,30800085168911;1,291999148310893;205;Alto (>200 min);0
M;302,3;310,9;1558;31,9;39,161090019883666;-7,261090019883667;207;Alto (>200 min);0
M;302,3;310,9;1523;43,2;40,853837243804506;2,346162756195497;210;Alto (>200 min);0
L;302,3;310,8;1723;26,3;31,177017166788147;-4,877017166788146;213;Alto (>200 min);0
M;302,3;310,8;1721;28,4;31,272371215797126;-2,872371215797127;215;Alto (>200 min);0
M;302,3;310,9;1710;30,4;31,79167064829548;-1,3916706482954808;218;Alto (>200 min);1
M;302,3;310,9;1627;32,3;35,975096846086366;-3,675096846086369;0;Bajo (0-100 min);0
M;302,2;310,8;1422;47,0;45,9005893867331;1,0994106132668975;3;Bajo (0-100 min);0
L;302,1;310,8;1565;35,3;38,9617581130827;-3,661758113082705;6;Bajo (0-100 min);0
L;302,1;310,7;1314;52,8;51,12700163606601;1,672998363933985;8;Bajo (0-100 min);1
M;302,0;310,6;1392;60,5;47,34794357674328;13,152056423256717;10;Bajo (0-100 min);0
L;302,1;310,7;1465;40,7;43,81052052535251;-3,1105205253525057;13;Bajo (0-100 min);0
L;301,9;310,6;1573;36,6;38,56732116409263;-1,9673211640926311;15;Bajo (0-100 min);0
M;302,0;310,7;2157;17,8;10,283619941079849;7,516380058920152;17;Bajo (0-100 min);0
L;301,9;310,7;1370;50,3;48,38341428864375;1,9165857113562481;20;Bajo (0-100 min);0
L;301,9;310,6;1462;38,8;43,93763782444802;-5,137637824448021;22;Bajo (0-100 min);0
M;302,0;310,6;1479;40,5;43,12413032008285;-2,6241303200828483;24;Bajo (0-100 min);0
L;301,9;310,7;1717;26,8;31,573418546293595;-4,773418546293595;27;Bajo (0-100 min);0
M;301,9;310,6;1260;65,9;53,71495978752437;12,185040212475634;29;Bajo (0-100 min);0
L;301,9;310,6;1467;39,3;43,687978623989444;-4,387978623989447;32;Bajo (0-100 min);0
M;302,0;310,6;1535;38,6;40,404611004912525;-1,8046110049125232;34;Bajo (0-100 min);0
L;302,0;310,7;1657;31,9;34,48290268728023;-2,5829026872802316;37;Bajo (0-100 min);0
L;302,0;310,7;1698;28,1;32,495825659179296;-4,395825659179295;39;Bajo (0-100 min);0
L;302,1;310,7;1359;49,3;48,92291032809616;0,377089671903839;41;Bajo (0-100 min);1
L;302,1;310,8;1596;37,1;37,432661200133104;-0,33266120013310285;43;Bajo (0-100 min);0
L;302,2;310,8;1383;46,9;47,75773852682092;-0,8577385268209241;45;Bajo (0-100 min);0
L;302,2;310,8;2203;16,6;8,044758962240486;8,555241037759515;47;Bajo (0-100 min);0
M;302,2;310,8;1408;46,8;46,544016363532194;0,2559836364678034;49;Bajo (0-100 min);0
L;302,2;310,8;1673;32,9;33,7081746773839;-0,8081746773839029;52;Bajo (0-100 min);0
L;302,2;310,8;1340;47,8;49,83340515716915;-2,033405157169156;54;Bajo (0-100 min);0
L;302,2;310,9;1452;42,3;44,39673474173491;-2,096734741734913;56;Bajo (0-100 min);0
M;302,2;310,9;1302;53,4;51,659525986377986;1,7404740136220127;58;Bajo (0-100 min);0
H;302,2;310,9;1522;35,9;41,00297263674007;-5,10297263674007;61;Bajo (0-100 min);0
L;302,2;310,8;1438;41,4;45,07838018419767;-3,678380184197671;66;Bajo (0-100 min);0
L;302,2;310,9;1604;40,5;37,02656376495098;3,4734362350490215;68;Bajo (0-100 min);0
L;302,2;311,0;1832;23,2;25,97217230428999;-2,7721723042899917;70;Bajo (0-100 min);0
M;302,3;311,0;1521;34,8;41,04325534160041;-6,24325534160041;72;Bajo (0-100 min);0
L;302,3;311,0;1446;37,6;44,67314775353046;-7,073147753530456;75;Bajo (0-100 min);0
L;302,4;311,1;1905;20,9;22,443025243046467;-1,5430252430464684;77;Bajo (0-100 min);0
L;302,4;311,0;1475;47,9;43,27699348237103;4,623006517628966;79;Bajo (0-100 min);0
L;302,4;311,0;1462;48,5;43,90506245808255;4,594937541917453;81;Bajo (0-100 min);0
M;302,4;310,9;1435;42,3;45,222292928214245;-2,9222929282142474;83;Bajo (0-100 min);0
L;302,4;310,9;1469;39,6;43,57346470281918;-3,9734647028191787;86;Bajo (0-100 min);0
M;302,6;311,1;1520;43,0;41,10234484234248;1,8976551576575176;88;Bajo (0-100 min);0
L;302,6;311,0;1537;35,5;40,2879640004683;-4,7879640004683;91;Bajo (0-100 min);0
L;302,6;311,0;1369;60,0;48,42247057971553;11,57752942028447;93;Bajo (0-100 min);1
L;302,6;311,0;1506;37,2;41,78624510039248;-4,586245100392475;95;Bajo (0-100 min);0
L;302,5;310,9;1330;56,9;50,30805898492828;6,591941015071718;97;Bajo (0-100 min);1
L;302,6;311,0;1660;38,0;34,32522970577402;3,6747702942259792;99;Bajo (0-100 min);0
H;302,5;310,9;1356;55,5;49,04590819193932;6,4540918080606815;101;Moderado (100-200 min);1
H;302,6;311,0;1438;51,0;45,07112426285499;5,928875737145013;106;Moderado (100-200 min);0
M;302,6;311,0;1329;48,6;50,34608687420139;-1,7460868742013886;111;Moderado (100-200 min);1
L;302,6;311,0;1284;68,0;52,523120395124536;15,476879604875464;114;Moderado (100-200 min);1
M;302,5;311,0;1387;52,1;47,522185914679085;4,577814085320917;116;Moderado (100-200 min);0
M;302,6;311,0;1591;33,9;37,651773051175084;-3,7517730511750855;119;Moderado (100-200 min);0
M;302,6;311,0;1589;39,0;37,746375494988314;1,253624505011686;122;Moderado (100-200 min);0
M;302,7;311,1;1297;60,7;51,88540228418164;8,814597715818365;125;Moderado (100-200 min);1
L;302,7;311,2;1545;35,1;39,86168662432031;-4,761686624320312;128;Moderado (100-200 min);0
H;302,7;311,1;1418;43,4;46,021780064475045;-2,621780064475047;130;Moderado (100-200 min);0
L;302,7;311,1;1730;28,1;30,908289572024444;-2,8082895720244423;135;Moderado (100-200 min);0
L;302,6;311,0;2001;20,7;17,782505980557247;2,9174940194427528;137;Moderado (100-200 min);0
L;302,6;311,0;1620;36,2;36,23231068595356;-0,03231068595355424;139;Moderado (100-200 min);0
M;302,6;311,0;1542;39,7;40,00824059218005;-0,3082405921800486;141;Moderado (100-200 min);0
L;302,6;311,0;1424;38,0;45,72056408122002;-7,720564081220019;144;Moderado (100-200 min);0
L;302,7;311,1;1440;39,5;44,94432452793811;-5,444324527938107;146;Moderado (100-200 min);0
L;302,6;311,0;1520;42,8;41,06840920921493;1,73159079078507;148;Moderado (100-200 min);0
L;302,7;311,0;1694;29,8;32,65160684191357;-2,8516068419135685;150;Moderado (100-200 min);0
L;302,6;311,0;1610;39,2;36,70682611541122;2,493173884588785;152;Moderado (100-200 min);0
L;302,6;310,9;1331;52,0;50,22807127000099;1,7719287299990114;154;Moderado (100-200 min);1
L;302,6;310,8;1470;41,2;43,506149209894424;-2,3061492098944214;156;Moderado (100-200 min);0
L;302,5;310,8;1577;36,9;38,311500210648056;-1,4115002106480574;158;Moderado (100-200 min);0
L;302,6;310,8;1486;36,4;42,72828471390777;-6,32828471390777;160;Moderado (100-200 min);0
L;302,4;310,6;1445;40,3;44,71211185659919;-4,412111856599196;162;Moderado (100-200 min);0
M;302,4;310,5;1500;36,7;42,058194691311996;-5,3581946913119936;164;Moderado (100-200 min);0
M;302,2;310,4;1456;47,5;44,175395439291414;3,324604560708586;167;Moderado (100-200 min);0
L;302,2;310,4;1743;28,1;30,27412389973805;-2,174123899738049;170;Moderado (100-200 min);0
L;302,0;310,1;1409;50,4;46,45870022321395;3,941299776786046;172;Moderado (100-200 min);0
L;302,0;310,1;1361;45,4;48,78177123843353;-3,3817712384335294;174;Moderado (100-200 min);1
L;302,1;310,1;1753;28,9;29,807527596481943;-0,9075275964819447;176;Moderado (100-200 min);0
L;302,0;310,0;1832;22,9;25,980040907458985;-3,0800409074589865;178;Moderado (100-200 min);0
L;301,9;309,9;1374;48,5;48,15872836745977;0,3412716325402272;180;Moderado (100-200 min);1
M;301,8;309,9;1334;61,0;50,08308793414729;10,916912065852713;182;Moderado (100-200 min);1
L;301,8;310,0;1493;40,3;42,36952031760646;-2,069520317606461;185;Moderado (100-200 min);0
L;301,7;309,9;1317;49,0;50,89133420214226;-1,8913342021422608;187;Moderado (100-200 min);1
M;301,7;309,9;1434;47,9;45,223681316823814;2,6763186831761843;189;Moderado (100-200 min);0
M;301,7;309,9;1457;39,2;44,10756801813129;-4,907568018131286;192;Moderado (100-200 min);0
M;301,7;310,0;1391;50,6;47,29044208414231;3,309557915857688;195;Moderado (100-200 min);0
M;301,8;310,0;1781;23,9;28,412304096395445;-4,512304096395447;198;Moderado (100-200 min);0
L;301,8;310,0;1642;32,6;35,14162880914025;-2,5416288091402492;201;Alto (>200 min);0
L;301,8;310,0;2032;19,0;16,252960015658896;2,7470399843411037;203;Alto (>200 min);0
M;301,8;310,1;2372;13,9;-0,22543797142790112;14,125437971427901;205;Alto (>200 min);1
L;301,8;310,0;1393;44,9;47,19509636812744;-2,295096368127439;208;Alto (>200 min);0
M;301,7;310,1;1743;27,3;30,22112967310811;-2,9211296731081084;210;Alto (>200 min);0
L;301,8;310,2;1457;40,4;44,069584684100064;-3,669584684100066;213;Alto (>200 min);0
L;301,8;310,2;2825;5,8;-22,18228395620666;27,98228395620666;215;Alto (>200 min);1
M;301,8;310,2;1609;34,2;36,705426548882066;-2,5054265488820633;217;Alto (>200 min);0
M;301,8;310,2;1437;42,3;45,19824918479772;-2,89824918479772;0;Bajo (0-100 min);0
L;301,7;310,1;1402;50,1;46,89087467640528;3,2091253235947192;3;Bajo (0-100 min);0
M;301,7;310,1;1644;34,6;35,16964307855803;-0,5696430785580304;5;Bajo (0-100 min);0
L;301,7;310,2;1471;51,1;43,53438052249372;7,5656194775062815;8;Bajo (0-100 min);0
L;301,7;310,1;2695;12,6;-15,732604762362868;28,33260476236287;10;Bajo (0-100 min);0
L;301,7;310,2;1435;48,1;45,27480477091905;2,825195229080954;12;Bajo (0-100 min);0
L;301,6;310,1;1694;26,3;32,73016473585461;-6,430164735854607;14;Bajo (0-100 min);0
L;301,6;310,1;1687;26,6;33,06766193336474;-6,467661933364738;16;Bajo (0-100 min);0
L;301,6;310,0;1869;22,9;24,263308796148273;-1,3633087961482744;18;Bajo (0-100 min);0
L;301,4;309,9;1259;63,9;53,79186555965386;10,108134440346142;20;Bajo (0-100 min);1
H;301,4;309,9;1460;47,2;44,05620777951606;3,1437922204839452;22;Bajo (0-100 min);0
M;301,3;309,9;1501;39,5;42,055593524897674;-2,5555935248976738;27;Bajo (0-100 min);0
L;301,4;310,0;1776;25,6;28,735587274060343;-3,1355872740603417;30;Bajo (0-100 min);0
M;301,5;310,1;1468;40,8;43,6502237436531;-2,8502237436531033;32;Bajo (0-100 min);0
L;301,5;310,1;1430;46,5;45,48825685667463;1,0117431433253685;35;Bajo (0-100 min);0
L;301,4;310,1;1502;46,6;41,988609896936325;4,611390103063677;37;Bajo (0-100 min);0
H;301,4;310,1;1623;32,3;36,12724249281696;-3,827242492816964;39;Bajo (0-100 min);0
M;301,4;310,0;1651;29,8;34,778643513848756;-4,9786435138487555;44;Bajo (0-100 min);0
L;301,5;310,1;1639;33,4;35,35765398697757;-1,9576539869775686;47;Bajo (0-100 min);0
M;301,5;310,0;1417;44,6;46,1184672486542;-1,518467248654197;49;Bajo (0-100 min);0
L;301,5;310,1;1541;42,2;40,09990167162144;2,1000983283785644;52;Bajo (0-100 min);0
M;301,6;310,2;1411;45,1;46,39424205457319;-1,2942420545731892;54;Bajo (0-100 min);0
L;301,7;310,3;1397;44,6;47,07010978710245;-2,4701097871024515;57;Bajo (0-100 min);0
L;301,7;310,2;1686;28,9;33,08389327196133;-4,183893271961331;59;Bajo (0-100 min);0
M;301,7;310,1;1431;44,0;45,442851313745564;-1,4428513137455639;61;Bajo (0-100 min);0
L;301,8;310,3;1341;50,5;49,78813422487539;0,7118657751246076;64;Bajo (0-100 min);1
L;301,7;310,2;1486;43,0;42,764357975637225;0,23564202436277526;66;Bajo (0-100 min);0
L;301,6;310,2;1384;57,1;47,69129258373902;9,408707416260981;68;Bajo (0-100 min);0
L;301,6;310,1;1362;55,8;48,76637990536956;7,033620094630436;70;Bajo (0-100 min);1
H;301,7;310,1;1660;29,3;34,34442745523963;-5,0444274552396315;72;Bajo (0-100 min);0
L;301,6;310,1;1326;48,2;50,50454933820767;-2,3045493382076643;77;Bajo (0-100 min);1
L;301,6;310,0;1566;30,3;38,891335678377835;-8,591335678377835;79;Bajo (0-100 min);0
L;301,5;309,8;1549;38,5;39,72415811919395;-1,2241581191939517;81;Bajo (0-100 min);0
M;301,6;309,9;1746;31,1;30,18233659017035;0,9176634098296503;83;Bajo (0-100 min);0
M;301,7;309,9;1452;41,5;44,42938131738109;-2,929381317381093;86;Bajo (0-100 min);0
L;301,6;309,8;1588;33,9;37,84071113024926;-3,9407111302492623;89;Bajo (0-100 min);0
L;301,6;309,8;1472;42,5;43,45692896508451;-0,9569289650845079;91;Bajo (0-100 min);0
L;301,7;309,9;1607;37,7;36,91768247747518;0,7823175225248207;93;Bajo (0-100 min);0
H;301,6;309,9;1423;53,6;45,81576472099587;7,784235279004129;95;Bajo (0-100 min);0
L;301,6;309,9;1440;43,4;44,988719990113246;-1,5887199901132476;100;Bajo (0-100 min);0
L;301,6;309,9;1397;43,7;47,06964785683167;-3,3696478568316692;102;Moderado (100-200 min);0
L;301,7;309,9;1524;46,6;40,92899108544115;5,671008914558854;104;Moderado (100-200 min);0
M;301,7;309,9;1533;40,9;40,49163020774759;0,4083697922524081;106;Moderado (100-200 min);0
L;301,7;309,8;1398;46,0;47,038401080308425;-1,0384010803084252;109;Moderado (100-200 min);0
M;301,7;309,8;1284;68,2;52,557761655743214;15,64223834425679;111;Moderado (100-200 min);1
L;301,7;309,8;1491;39,3;42,53078049220829;-3,2307804922082894;114;Moderado (100-200 min);0
H;301,8;309,9;1418;51,3;46,0646889822469;5,235311017753098;116;Moderado (100-200 min);0
M;301,8;309,8;1546;39,8;39,873227033255645;-0,07322703325564817;121;Moderado (100-200 min);0
L;301,8;309,7;1598;30,4;37,3638441518734;-6,963844151873403;124;Moderado (100-200 min);0
H;301,9;309,8;1724;27,5;31,260455331566142;-3,760455331566142;126;Moderado (100-200 min);0
L;301,9;309,8;1507;44,7;41,765709950537435;2,934290049462568;131;Moderado (100-200 min);0
L;301,9;309,7;1595;31,4;37,513648005142635;-6,113648005142636;133;Moderado (100-200 min);0
M;301,9;309,7;1568;37,5;38,81971779665737;-1,3197177966573719;135;Moderado (100-200 min);0
L;301,8;309,6;1432;43,7;45,40363488798822;-1,7036348879882155;138;Moderado (100-200 min);0
L;301,9;309,7;1424;42,8;45,78968244751185;-2,9896824475118535;140;Moderado (100-200 min);0
M;302,0;309,7;1386;62,7;47,63974957665935;15,060250423340655;142;Moderado (100-200 min);1
L;302,0;309,8;1456;58,1;44,23633000343903;13,863669996560972;145;Moderado (100-200 min);0
H;302,0;309,8;1280;57,3;52,7582656202881;4,541734379711897;147;Moderado (100-200 min);1
L;302,0;309,8;1649;31,0;34,884343234924366;-3,8843432349243656;152;Moderado (100-200 min);0
L;302,0;309,9;1407;52,8;46,59140773337169;6,208592266628308;154;Moderado (100-200 min);0
H;302,0;309,9;1606;34,5;36,95260721263435;-2,452607212634348;156;Moderado (100-200 min);0
M;302,1;310,0;1531;38,0;40,58111814648619;-2,5811181464861903;161;Moderado (100-200 min);0
L;302,1;310,1;1543;35,8;39,98655909587924;-4,18655909587924;164;Moderado (100-200 min);0
M;302,1;310,1;1379;48,2;47,92735115632555;0,2726488436744532;166;Moderado (100-200 min);1
L;302,1;310,1;1447;46,6;44,63194952112265;1,9680504788773518;169;Moderado (100-200 min);0
H;302,1;310,1;1844;24,6;25,404280319739684;-0,8042803197396822;171;Moderado (100-200 min);0
H;302,1;310,1;1615;29,9;36,49067849511374;-6,5906784951137425;176;Moderado (100-200 min);0
L;302,0;310,0;1449;48,8;44,525951267060016;4,274048732939981;181;Moderado (100-200 min);0
L;302,0;309,9;1388;51,4;47,48975514699955;3,9102448530004494;183;Moderado (100-200 min);0
H;302,0;309,9;1447;42,8;44,63096278429447;-1,8309627842944707;185;Moderado (100-200 min);0
L;302,0;310,0;1664;28,6;34,10703143474879;-5,507031434748789;190;Moderado (100-200 min);0
H;302,0;309,9;1735;27,2;30,678256194257912;-3,478256194257913;192;Moderado (100-200 min);0
L;302,0;309,9;1308;57,6;51,3535230502776;6,2464769497224;197;Moderado (100-200 min);1
L;302,0;309,8;1480;40,0;43,033456210063434;-3,0334562100634344;199;Moderado (100-200 min);0
M;301,9;309,6;1439;41,7;45,02856576368508;-3,328565763685077;201;Alto (>200 min);0
M;301,9;309,7;1533;35,9;40,46285907765924;-4,56285907765924;204;Alto (>200 min);0
L;302,0;309,7;1551;34,8;39,6001713383981;-4,800171338398101;207;Alto (>200 min);0
L;302,0;309,7;1414;36,3;46,233390396938184;-9,933390396938186;209;Alto (>200 min);0
M;301,9;309,6;1551;34,6;39,59704318530185;-4,997043185301848;211;Alto (>200 min);0
M;301,8;309,6;1436;49,0;45,152798374310905;3,8472016256890953;214;Alto (>200 min);0
M;301,9;309,6;1385;45,8;47,631686084365654;-1,831686084365657;217;Alto (>200 min);0
M;301,8;309,5;1732;30,1;30,8245750304852;-0,7245750304851981;220;Alto (>200 min);0
L;301,9;309,6;1410;49,0;46,41646071068544;2,583539289314558;223;Alto (>200 min);0
L;301,9;309,6;1446;43,2;44,67152683108566;-1,4715268310856544;225;Alto (>200 min);0
L;301,8;309,5;1525;39,6;40,84404014206271;-1,2440401420627083;227;Alto (>200 min);0
L;301,7;309,5;1298;65,5;51,8245534626933;13,675446537306698;229;Alto (>200 min);1
L;301,8;309,6;1443;42,7;44,80102067808168;-2,1010206780816745;231;Alto (>200 min);0
L;301,8;309,7;1442;45,3;44,83678541877347;0,4632145812265307;233;Alto (>200 min);1
L;301,9;309,7;1719;31,9;31,608461413347747;0,2915385866522513;0;Bajo (0-100 min);0
L;302,0;309,8;1532;39,4;40,663233689212625;-1,2632336892126261;2;Bajo (0-100 min);0
L;302,0;309,8;1701;27,2;32,477292059482195;-5,277292059482196;4;Bajo (0-100 min);0
M;302,1;310,0;1355;45,1;49,22105577906676;-4,121055779066758;6;Bajo (0-100 min);1
M;302,2;310,1;1421;45,4;46,022633135577586;-0,6226331355775869;9;Bajo (0-100 min);0
M;302,2;310,1;1368;51,6;48,58709569410257;3,012904305897429;12;Bajo (0-100 min);1
L;302,2;310,1;1458;45,1;44,22626420549461;0,873735794505393;15;Bajo (0-100 min);0
M;302,2;310,1;1572;34,6;38,70389720927685;-4,103897209276852;17;Bajo (0-100 min);0
L;302,2;310,0;1483;48,7;43,022951115627095;5,677048884372908;20;Bajo (0-100 min);0
L;302,3;310,1;1513;40,4;41,56871074654197;-1,1687107465419686;22;Bajo (0-100 min);0
H;302,3;310,1;1383;42,9;47,862929397180444;-4,962929397180446;24;Bajo (0-100 min);0
L;302,4;310,2;1539;37,7;40,30442687027905;-2,604426870279049;29;Bajo (0-100 min);0
M;302,3;310,1;1563;37,8;39,14051481476877;-1,340514814768774;31;Bajo (0-100 min);0
L;302,3;310,1;1653;29,7;34,7796833261608;-5,079683326160801;34;Bajo (0-100 min);0
L;302,3;310,1;1353;50,9;49,30676902583845;1,5932309741615498;36;Bajo (0-100 min);1
H;302,2;310,0;1468;43,6;43,7358516676072;-0,13585166760719858;38;Bajo (0-100 min);0
H;302,3;310,2;1506;33,8;41,88076676671604;-8,080766766716046;43;Bajo (0-100 min);0
L;302,3;310,1;1388;49,9;47,60274772398148;2,2972522760185186;48;Bajo (0-100 min);0
M;302,4;310,2;1485;45,9;42,903789164980914;2,9962108350190846;50;Bajo (0-100 min);0
L;302,4;310,2;1331;45,5;50,359543323229175;-4,859543323229175;53;Bajo (0-100 min);1
L;302,5;310,3;1326;58,5;50,60030499365212;7,8996950063478835;55;Bajo (0-100 min);1
L;302,3;310,2;1394;55,4;47,294250820401466;8,105749179598533;57;Bajo (0-100 min);0
L;302,4;310,1;2009;18,9;17,53158343391544;1,3684165660845586;59;Bajo (0-100 min);0
M;302,4;310,1;1358;54,6;49,05711815837397;5,542881841626034;61;Bajo (0-100 min);1
L;302,5;310,2;1586;32,2;38,013257503447484;-5,813257503447481;64;Bajo (0-100 min);0
L;302,5;310,3;1688;31,6;33,06087338501553;-1,4608733850155318;66;Bajo (0-100 min);0
L;302,6;310,5;1450;43,2;44,57434509697521;-1,3743450969752047;68;Bajo (0-100 min);0
M;302,7;310,5;1398;47,3;47,10241304192593;0,19758695807406923;70;Bajo (0-100 min);0
L;302,7;310,5;1520;39,3;41,19186540291059;-1,8918654029105895;73;Bajo (0-100 min);0
L;302,6;310,4;1514;42,7;41,480812238407225;1,219187761592778;75;Bajo (0-100 min);0
M;302,6;310,4;1532;36,1;40,607593693411594;-4,507593693411593;77;Bajo (0-100 min);0
L;302,6;310,4;1365;66,8;48,692920037762846;18,10707996223715;80;Bajo (0-100 min);1
L;302,6;310,3;1642;33,2;35,28784707902449;-2,0878470790244847;82;Bajo (0-100 min);0
M;302,6;310,2;2676;10,8;-14,777698562788302;25,577698562788303;84;Bajo (0-100 min);1
H;302,6;310,2;1873;21,3;24,108236270909508;-2,8082362709095072;87;Bajo (0-100 min);0
L;302,6;310,2;1325;62,4;50,64336732065708;11,756632679342921;92;Bajo (0-100 min);1
M;302,6;310,2;2157;17,2;10,349244199673869;6,85075580032613;94;Bajo (0-100 min);0
M;302,6;310,2;1563;39,0;39,11359542602352;-0,11359542602352235;97;Bajo (0-100 min);0
M;302,6;310,2;1631;31,0;35,81819379082063;-4,818193790820629;100;Bajo (0-100 min);0
L;302,5;310,2;1547;36,9;39,87266145912253;-2,972661459122534;103;Moderado (100-200 min);0
L;302,6;310,3;1479;40,4;43,16442680065998;-2,764426800659983;105;Moderado (100-200 min);0
M;302,4;310,1;1379;48,9;48,005543095665004;0,8944569043349944;107;Moderado (100-200 min);1
L;302,4;310,1;1906;21,2;22,481400428056336;-1,2814004280563367;110;Moderado (100-200 min);0
M;302,3;310,1;1731;33,4;30,943625004274953;2,456374995725046;112;Moderado (100-200 min);0
H;302,3;310,1;1688;30,4;33,02380126579764;-2,6238012657976384;115;Moderado (100-200 min);0
H;302,3;310,2;1443;54,6;44,87389683775843;9,726103162241571;120;Moderado (100-200 min);0
L;302,4;310,2;1445;46,4;44,78456396330948;1,615436036690518;125;Moderado (100-200 min);0
H;302,4;310,2;1435;44,9;45,2673470499203;-0,36734704992030487;127;Moderado (100-200 min);0
L;302,4;310,1;1556;32,9;39,414885508830665;-6,514885508830666;132;Moderado (100-200 min);0
L;302,3;310,1;1321;52,7;50,782827867063105;1,9171721329368978;134;Moderado (100-200 min);1
M;302,4;310,1;1577;35,8;38,39487786434285;-2,5948778643428554;136;Moderado (100-200 min);0
L;302,4;310,2;1578;31,2;38,333033740438445;-7,133033740438446;139;Moderado (100-200 min);0
L;302,4;310,1;1418;52,3;46,09127196070079;6,20872803929921;141;Moderado (100-200 min);0
M;302,4;310,2;1392;55,8;47,33775244389834;8,462247556101659;143;Moderado (100-200 min);0
L;302,5;310,3;1446;44,0;44,72047335681194;-0,7204733568119366;146;Moderado (100-200 min);0
L;302,5;310,2;1329;50,6;50,39628049996438;0,2037195000356249;148;Moderado (100-200 min);1
L;302,5;310,2;1563;34,8;39,06247793971897;-4,26247793971897;150;Moderado (100-200 min);0
L;302,5;310,3;1405;57,4;46,70153754334693;10,698462456653068;152;Moderado (100-200 min);0
L;302,4;310,2;2224;16,0;7,036864876153452;8,963135123846548;154;Moderado (100-200 min);0
L;302,5;310,2;1716;29,9;31,64838796440926;-1,748387964409261;156;Moderado (100-200 min);0
L;302,5;310,3;1584;35,5;38,028303195831235;-2,528303195831235;158;Moderado (100-200 min);0
M;302,5;310,3;1488;41,8;42,67594843666187;-0,8759484366618722;160;Moderado (100-200 min);0
L;302,4;310,3;1374;51,2;48,183274995970685;3,0167250040293183;163;Moderado (100-200 min);1
M;302,4;310,3;1378;54,3;47,98805726677828;6,31194273322172;165;Moderado (100-200 min);1
L;302,5;310,3;1551;37,3;39,61893192398142;-2,318931923981424;168;Moderado (100-200 min);0
L;302,5;310,3;1549;40,9;39,714285972990396;1,1857140270096025;170;Moderado (100-200 min);0
M;302,5;310,3;1447;39,2;44,65250299202241;-5,45250299202241;172;Moderado (100-200 min);0
L;302,4;310,2;1400;53,7;46,92627204003275;6,773727959967253;175;Moderado (100-200 min);0
L;302,4;310,1;1401;48,8;46,887500878557994;1,9124991214420035;177;Moderado (100-200 min);0
H;302,4;310,1;1597;28,9;37,393986246921344;-8,493986246921345;179;Moderado (100-200 min);0
L;302,3;310,1;1487;46,0;42,70609507703776;3,2939049229622412;184;Moderado (100-200 min);0
M;302,5;310,3;1710;27,3;31,905250908121424;-4,605250908121423;186;Moderado (100-200 min);0
L;302,6;310,4;1478;47,7;43,13855991530093;4,561440084699072;189;Moderado (100-200 min);0
L;302,6;310,4;1743;26,3;30,303469834348384;-4,003469834348383;191;Moderado (100-200 min);0
L;302,6;310,5;1596;32,8;37,409814511273815;-4,609814511273818;193;Moderado (100-200 min);0
L;302,7;310,5;1642;30,8;35,19187674560195;-4,391876745601952;195;Moderado (100-200 min);0
L;302,7;310,5;1263;67,8;53,5448241915978;14,2551758084022;197;Moderado (100-200 min);1
L;302,8;310,6;2016;19,9;17,07668454924607;2,8233154507539275;199;Moderado (100-200 min);0
L;302,8;310,6;1671;30,5;33,783058585434084;-3,283058585434084;201;Alto (>200 min);0
L;302,8;310,6;1404;43,2;46,71199950500413;-3,511999505004127;203;Alto (>200 min);0
L;302,8;310,6;1470;41,1;43,51420673439743;-2,414206734397432;205;Alto (>200 min);0
L;302,8;310,6;1617;37,9;36,393694958072075;1,5063050419279236;207;Alto (>200 min);0
L;302,7;310,5;1725;29,0;31,161778007742434;-2,1617780077424342;209;Alto (>200 min);0
L;302,7;310,5;1446;40,9;44,671862483715245;-3,771862483715246;211;Alto (>200 min);1
L;302,7;310,6;1564;34,3;39,10471219677265;-4,804712196772655;0;Bajo (0-100 min);0
L;302,8;310,6;1670;29,1;33,98105664908697;-4,881056649086972;2;Bajo (0-100 min);0
L;302,7;310,6;1501;48,7;42,15270944710421;6,547290552895795;4;Bajo (0-100 min);0
L;302,7;310,5;1551;35,9;39,74093543031816;-3,8409354303181615;6;Bajo (0-100 min);0
L;302,7;310,5;1563;35,0;39,15828866352391;-4,158288663523912;8;Bajo (0-100 min);0
L;302,7;310,5;1351;41,8;49,42365494958128;-7,6236549495812795;10;Bajo (0-100 min);1
L;302,6;310,4;1415;52,1;46,322597706061785;5,777402293938216;12;Bajo (0-100 min);0
L;302,6;310,3;1647;34,2;35,096813083833794;-0,8968130838337913;14;Bajo (0-100 min);0
L;302,5;310,2;1477;41,6;43,328055190168214;-1,728055190168213;16;Bajo (0-100 min);0
L;302,6;310,2;1923;21,5;21,738665544404185;-0,23866554440418497;18;Bajo (0-100 min);0
H;302,7;310,4;1305;55,2;51,65501654245142;3,5449834575485824;20;Bajo (0-100 min);1
M;302,6;310,4;1544;35,1;40,06553360718741;-4,96553360718741;25;Bajo (0-100 min);0
H;302,7;310,5;1568;36,9;38,901113411107914;-2,001113411107916;28;Bajo (0-100 min);0
L;302,7;310,4;1489;42,7;42,73437781006437;-0,03437781006437035;33;Bajo (0-100 min);0
M;302,6;310,4;1451;43,1;44,56188011735142;-1,46188011735142;35;Bajo (0-100 min);0
L;302,7;310,4;1542;35,7;40,16390240997345;-4,46390240997345;38;Bajo (0-100 min);0
M;302,6;310,5;1965;20,2;19,654645746837307;0,5453542531626923;40;Bajo (0-100 min);0
L;302,5;310,5;1436;36,5;45,259853631741755;-8,759853631741755;43;Bajo (0-100 min);0
M;302,5;310,4;1509;37,6;41,73422113185041;-4,13422113185041;45;Bajo (0-100 min);0
L;302,5;310,4;1487;40,2;42,797396169668254;-2,597396169668251;48;Bajo (0-100 min);0
L;302,5;310,4;1967;20,3;19,550150703166157;0,7498492968338439;50;Bajo (0-100 min);0
H;302,6;310,4;1409;53,3;46,583105276433486;6,7168947235665115;52;Bajo (0-100 min);0
M;302,6;310,5;1420;56,4;46,03547164513528;10,364528354864717;57;Bajo (0-100 min);0
L;302,7;310,5;1511;37,7;41,637493937757306;-3,937493937757303;60;Bajo (0-100 min);0
H;302,6;310,4;1649;30,1;34,95271809642076;-4,852718096420759;62;Bajo (0-100 min);0
L;302,6;310,4;1359;57,2;48,993262683508874;8,206737316491129;67;Bajo (0-100 min);1
M;302,5;310,4;1605;36,0;37,06703415593048;-1,0670341559304788;69;Bajo (0-100 min);0
L;302,5;310,3;1523;36,0;41,047087654379105;-5,047087654379105;72;Bajo (0-100 min);0
H;302,6;310,4;1614;36,0;36,63870087357992;-0,6387008735799213;74;Bajo (0-100 min);0
H;302,6;310,3;1721;27,4;31,464240148293513;-4,064240148293514;79;Bajo (0-100 min);0
L;302,6;310,4;1638;36,2;35,468897708816975;0,7311022911830278;84;Bajo (0-100 min);0
L;302,5;310,2;1307;54,0;51,50830987550545;2,4916901244945535;86;Bajo (0-100 min);1
L;302,4;310,2;1642;28,3;35,27193330460654;-6,971933304606541;88;Bajo (0-100 min);0
M;302,5;310,2;1751;30,5;30,002991867820164;0,4970081321798361;90;Bajo (0-100 min);0
L;302,4;310,1;1645;31,6;35,13405006814409;-3,53405006814409;93;Bajo (0-100 min);0
L;302,4;310,1;1426;46,8;45,73841676210307;1,0615832378969259;95;Bajo (0-100 min);0
M;302,4;310,1;1520;36,6;41,18462235988993;-4,584622359889927;97;Bajo (0-100 min);0
L;302,4;310,1;1709;31,8;32,02935653095915;-0,22935653095914788;100;Bajo (0-100 min);0
L;302,4;310,0;1426;46,6;45,74431620434984;0,8556837956501582;102;Moderado (100-200 min);0
L;302,4;310,1;1429;43,7;45,5863664262407;-1,8863664262406985;104;Moderado (100-200 min);0
L;302,4;310,2;1346;62,4;49,59327880235139;12,806721197648606;106;Moderado (100-200 min);1
L;302,5;310,2;1454;43,0;44,372765995265254;-1,3727659952652544;108;Moderado (100-200 min);0
M;302,5;310,3;1411;49,5;46,44253318336671;3,057466816633287;110;Moderado (100-200 min);0
L;302,4;310,3;1900;24,4;22,747396033436576;1,6526039665634222;113;Moderado (100-200 min);0
L;302,4;310,3;1479;36,2;43,13434592684211;-6,934345926842106;115;Moderado (100-200 min);0
L;302,5;310,4;1415;48,2;46,23239674957865;1,9676032504213552;117;Moderado (100-200 min);0
L;302,5;310,3;1539;39,0;40,23690413497554;-1,2369041349755392;119;Moderado (100-200 min);0
L;302,4;310,3;1520;31,6;41,14426247795821;-9,544262477958206;121;Moderado (100-200 min);0
L;302,4;310,3;1480;45,8;43,07990445557594;2,720095544424055;123;Moderado (100-200 min);0
L;302,4;310,4;1666;29,7;34,05951544232464;-4,359515442324639;125;Moderado (100-200 min);0
L;302,4;310,4;1456;47,6;44,228024468981545;3,3719755310184567;127;Moderado (100-200 min);0
L;302,4;310,4;1865;23,9;24,419211711195814;-0,5192117111958154;129;Moderado (100-200 min);0
M;302,5;310,5;1918;21,6;21,851112859005386;-0,25111285900538505;131;Moderado (100-200 min);0
L;302,5;310,4;1488;48,4;42,68432949313421;5,715670506865791;134;Moderado (100-200 min);0
M;302,5;310,5;1527;38,8;40,78294904581678;-1,982949045816781;136;Moderado (100-200 min);0
M;302,4;310,4;1463;42,2;43,88000479873103;-1,6800047987310265;139;Moderado (100-200 min);0
L;302,4;310,4;1521;38,5;41,068889460530436;-2,5688894605304355;142;Moderado (100-200 min);0
M;302,4;310,5;1372;45,7;48,272091396856325;-2,5720913968563224;144;Moderado (100-200 min);1
L;302,5;310,5;1507;39,5;41,74325398266822;-2,2432539826682216;147;Moderado (100-200 min);0
M;302,4;310,4;1586;34,3;37,91576729364527;-3,61576729364527;149;Moderado (100-200 min);0
L;302,5;310,4;1487;42,0;42,71922922931108;-0,7192292293110825;152;Moderado (100-200 min);0
L;302,5;310,5;1520;41,2;41,108420560195036;0,09157943980496697;154;Moderado (100-200 min);0
H;302,5;310,4;1422;41,9;45,864083739043096;-3,9640837390430974;156;Moderado (100-200 min);0
M;302,4;310,3;1375;52,5;48,13634957666194;4,363650423338058;161;Moderado (100-200 min);1
L;302,4;310,2;1633;28,0;35,65066897703222;-7,650668977032218;164;Moderado (100-200 min);0
L;302,4;310,2;1503;36,2;41,944887627670695;-5,744887627670693;166;Moderado (100-200 min);0
L;302,4;310,2;1351;45,1;49,30453613171424;-4,204536131714235;168;Moderado (100-200 min);1
L;302,3;310,2;1548;35,3;39,75131045944713;-4,451310459447136;170;Moderado (100-200 min);0
L;302,4;310,3;1923;23,3;21,589192843782495;1,7108071562175056;172;Moderado (100-200 min);0
L;302,5;310,3;1592;32,6;37,62884847509752;-5,028848475097519;174;Moderado (100-200 min);0
M;302,5;310,4;1580;35,6;38,19732814249184;-2,5973281424918397;176;Moderado (100-200 min);0
L;302,5;310,4;1427;46,8;45,60465367103988;1,1953463289601203;179;Moderado (100-200 min);0
M;302,5;310,4;1581;32,7;38,1451414868129;-5,445141486812901;181;Moderado (100-200 min);0
M;302,6;310,5;1542;39,9;40,031724961847935;-0,13172496184793658;184;Moderado (100-200 min);0
L;302,5;310,4;1349;55,1;49,376073946091914;5,723926053908087;187;Moderado (100-200 min);1
L;302,5;310,5;1463;43,0;43,8425462712572;-0,8425462712571985;189;Moderado (100-200 min);0
M;302,5;310,4;1429;43,2;45,49877714929051;-2,2987771492905082;191;Moderado (100-200 min);0
M;302,5;310,4;1451;53,6;44,43109248029822;9,168907519701783;194;Moderado (100-200 min);0
L;302,6;310,5;1511;37,2;41,523241615010434;-4,323241615010431;197;Moderado (100-200 min);0
L;302,6;310,6;1549;37,5;39,67028979739323;-2,170289797393231;199;Moderado (100-200 min);0
M;302,5;310,5;1507;40,2;41,702667302098156;-1,5026673020981534;201;Alto (>200 min);0
M;302,6;310,5;1524;33,7;40,88840819253724;-7,1884081925372385;204;Alto (>200 min);0
M;302,7;310,5;1880;22,7;23,656843614598206;-0,9568436145982062;207;Alto (>200 min);0
L;302,6;310,5;1461;45,4;44,09273932358313;1,3072606764168668;0;Bajo (0-100 min);0
L;302,6;310,5;1748;28,2;30,192219389225507;-1,9922193892255073;2;Bajo (0-100 min);0
L;302,7;310,6;1690;26,7;32,999698433760656;-6,299698433760657;4;Bajo (0-100 min);0
M;302,7;310,6;1349;51,2;49,51235795114775;1,687642048852254;6;Bajo (0-100 min);1
L;302,7;310,6;1686;26,3;33,18965492658286;-6,88965492658286;9;Bajo (0-100 min);0
L;302,7;310,7;1369;47,5;48,52886665254747;-1,028866652547471;11;Bajo (0-100 min);1
L;302,7;310,7;1433;43,7;45,42793114134124;-1,7279311413412373;13;Bajo (0-100 min);0
L;302,7;310,7;1597;41,9;37,48413266011197;4,415867339888031;15;Bajo (0-100 min);0
L;302,9;310,8;1610;32,2;36,864461406860976;-4,664461406860973;17;Bajo (0-100 min);0
L;302,7;310,7;1398;57,7;47,11842354967486;10,581576450325144;19;Bajo (0-100 min);0
L;302,7;310,7;1977;20,0;19,076743742849946;0,9232562571500544;21;Bajo (0-100 min);0
L;302,8;310,8;1516;39,5;41,400960556577964;-1,9009605565779637;23;Bajo (0-100 min);0
H;302,7;310,8;1275;55,0;53,059474693011786;1,9405253069882136;25;Bajo (0-100 min);1
L;302,8;310,8;1402;50,5;46,91656310603404;3,5834368939659598;30;Bajo (0-100 min);0
M;302,8;310,8;1451;44,7;44,542057040331265;0,15794295966873761;32;Bajo (0-100 min);0
M;302,7;310,8;1555;36,1;39,49194232498984;-3,3919423249898415;35;Bajo (0-100 min);0
L;302,8;310,9;1636;35,0;35,56709023599723;-0,5670902359972274;38;Bajo (0-100 min);0
L;302,8;310,9;1312;52,2;51,256463048480406;0,9435369515195973;40;Bajo (0-100 min);1
L;302,8;310,9;1708;29,8;32,077222476797665;-2,2772224767976645;42;Bajo (0-100 min);0
M;302,9;311,0;1556;36,5;39,436992713154474;-2,936992713154474;44;Bajo (0-100 min);0
H;302,8;311,0;1436;43,5;45,23489105066468;-1,7348910506646789;47;Bajo (0-100 min);0
M;302,9;311,0;1402;40,7;46,888988845424024;-6,188988845424021;52;Bajo (0-100 min);0
M;302,9;311,0;1437;49,9;45,191731990328734;4,708268009671265;55;Bajo (0-100 min);0
M;302,9;311,1;1926;21,8;21,49671657271186;0,3032834272881395;58;Bajo (0-100 min);0
L;303,0;311,2;1800;23,7;27,596590831666944;-3,896590831666945;61;Bajo (0-100 min);0
L;303,0;311,2;1641;32,6;35,2952397436121;-2,695239743612099;63;Bajo (0-100 min);0
L;303,0;311,2;1374;48,2;48,224180663182146;-0,02418066318214329;65;Bajo (0-100 min);1
L;303,0;311,2;1494;37,0;42,41124188876301;-5,4112418887630085;67;Bajo (0-100 min);0
L;303,0;311,2;1601;32,9;37,22787530044687;-4,32787530044687;69;Bajo (0-100 min);0
L;302,9;311,2;1634;36,9;35,61694489901755;1,2830551009824518;71;Bajo (0-100 min);0
M;302,9;311,2;1467;37,7;43,70302284856455;-6,003022848564548;73;Bajo (0-100 min);0
L;302,8;311,1;1550;32,3;39,68107003554493;-7,38107003554493;76;Bajo (0-100 min);0
L;302,8;311,1;1563;32,2;39,049994639050446;-6,849994639050443;78;Bajo (0-100 min);0
L;302,7;310,9;1395;48,3;47,19554016460137;1,1044598353986288;80;Bajo (0-100 min);0
M;302,8;311,0;1507;33,4;41,770152160097346;-8,370152160097348;82;Bajo (0-100 min);0
L;302,8;311,0;1564;38,5;39,007465451596985;-0,5074654515969854;85;Bajo (0-100 min);0
L;302,8;311,1;1721;30,0;31,39150669965236;-1,3915066996523606;87;Bajo (0-100 min);0
L;302,8;311,1;1456;36,1;44,22359035982194;-8,12359035982194;89;Bajo (0-100 min);0
H;302,9;311,2;2102;17,8;12,937314095394864;4,8626859046051365;91;Bajo (0-100 min);0
L;302,9;311,1;1555;33,9;39,43517719405916;-5,535177194059159;96;Bajo (0-100 min);0
L;303,0;311,2;1409;41,9;46,50437565221459;-4,604375652214593;98;Bajo (0-100 min);0
M;303,0;311,2;1387;41,4;47,56830229522818;-6,16830229522818;100;Bajo (0-100 min);0
M;303,0;311,2;1460;43,9;44,03075751152413;-0,13075751152413062;103;Moderado (100-200 min);0
L;303,0;311,2;1361;47,6;48,82293703625972;-1,2229370362597152;106;Moderado (100-200 min);1
M;303,0;311,1;1490;43,0;42,585301273155466;0,41469872684453435;108;Moderado (100-200 min);0
L;303,1;311,2;1399;49,2;46,99017349260248;2,2098265073975227;111;Moderado (100-200 min);0
L;303,1;311,1;1420;55,8;45,98282973712311;9,817170262876886;113;Moderado (100-200 min);0
L;303,0;311,0;1359;44,2;48,93535120613242;-4,735351206132414;115;Moderado (100-200 min);1
M;303,0;311,1;1372;54,3;48,293115131020976;6,0068848689790215;117;Moderado (100-200 min);1
M;303,0;311,0;1409;41,7;46,51016169514219;-4,810161695142185;120;Moderado (100-200 min);0
H;302,9;311,0;1452;58,3;44,41419339151482;13,885806608485176;123;Moderado (100-200 min);0
L;302,9;311,0;1820;24,6;26,588699635851306;-1,9886996358513045;128;Moderado (100-200 min);0
H;302,9;311,0;1469;48,7;43,58564545024071;5,114354549759291;130;Moderado (100-200 min);0
L;302,9;311,1;1556;45,3;39,35743596172499;5,942564038275009;135;Moderado (100-200 min);0
L;303,0;311,1;1980;20,2;18,833476169366026;1,366523830633973;137;Moderado (100-200 min);0
M;303,0;311,2;1519;38,0;41,14641057216382;-3,1464105721638234;139;Moderado (100-200 min);0
L;303,0;311,2;1456;44,0;44,19515942769112;-0,1951594276911166;142;Moderado (100-200 min);0
L;303,1;311,2;1394;45,3;47,20751366964414;-1,9075136696441461;144;Moderado (100-200 min);0
L;303,0;311,3;1365;56,2;48,58799763101216;7,612002368987845;146;Moderado (100-200 min);1
L;303,0;311,3;2194;16,5;8,439160399129637;8,060839600870363;148;Moderado (100-200 min);0
L;303,1;311,3;1403;55,6;46,75598569255066;8,844014307449342;150;Moderado (100-200 min);0
H;303,0;311,2;1503;37,0;41,91149777982287;-4,9114977798228665;152;Moderado (100-200 min);0
L;303,0;311,3;1793;29,3;27,85227646216037;1,4477235378396323;157;Moderado (100-200 min);0
L;303,1;311,4;1829;24,5;26,10746431487386;-1,6074643148738588;159;Moderado (100-200 min);0
M;303,1;311,4;1831;23,3;26,009103845081917;-2,7091038450819163;161;Moderado (100-200 min);0
M;303,0;311,3;1335;53,6;50,02732762849571;3,5726723715042894;164;Moderado (100-200 min);1
H;303,1;311,3;2056;19,7;15,119313209972571;4,580686790027428;167;Moderado (100-200 min);0
L;303,1;311,3;1336;52,6;49,984168568159774;2,6158314318402276;172;Moderado (100-200 min);1
L;303,0;311,2;1341;51,0;49,74040047695387;1,259599523046127;174;Moderado (100-200 min);1
M;303,0;311,1;1526;37,3;40,79076145063671;-3,490761450636711;176;Moderado (100-200 min);0
L;303,0;311,1;1525;40,7;40,83693526474971;-0,13693526474970952;179;Moderado (100-200 min);0
M;303,0;311,1;1428;39,8;45,53300913528058;-5,733009135280582;181;Moderado (100-200 min);0
L;303,0;311,2;1511;45,7;41,50001737595728;4,199982624042725;184;Moderado (100-200 min);0
L;303,0;311,2;1664;29,8;34,08893382143054;-4,288933821430536;186;Moderado (100-200 min);0
M;303,0;311,2;1592;38,9;37,57429194945564;1,3257080505443568;188;Moderado (100-200 min);0
M;303,0;311,1;1597;36,7;37,34105466398422;-0,6410546639842138;191;Moderado (100-200 min);0
L;303,0;311,2;1735;26,1;30,644488271148237;-4,544488271148236;194;Moderado (100-200 min);0
L;302,9;311,2;1751;23,8;29,856844574622837;-6,056844574622836;196;Moderado (100-200 min);0
L;303,0;311,2;1383;44,6;47,68835950484638;-3,0883595048463803;198;Moderado (100-200 min);0
M;302,9;311,2;1330;53,7;50,242291257636886;3,457708742363117;200;Moderado (100-200 min);1
L;303,0;311,2;1382;50,5;47,7330301085679;2,7669698914320975;203;Alto (>200 min);0
L;303,0;311,2;1755;30,4;29,667648019990466;0,7323519800095326;205;Alto (>200 min);0
M;303,0;311,2;1614;35,7;36,494581597331475;-0,7945815973314723;207;Alto (>200 min);0
L;303,0;311,3;1466;43,0;43,648603298761394;-0,6486032987613939;210;Alto (>200 min);0
M;303,1;311,3;1847;24,7;25,20707458351234;-0,5070745835123418;212;Alto (>200 min);0
L;303,1;311,3;1474;34,8;43,26869864611107;-8,468698646111072;215;Alto (>200 min);0
L;303,1;311,3;1657;31,8;34,40475620057742;-2,604756200577416;217;Alto (>200 min);0
L;303,1;311,2;1435;40,1;45,16556946225405;-5,065569462254047;219;Alto (>200 min);0
H;303,1;311,3;1494;42,7;42,29561642093201;0,4043835790679964;221;Alto (>200 min);0
L;303,2;311,4;1238;54,6;54,68970933052556;-0,08970933052555807;226;Alto (>200 min);1
L;303,2;311,4;1324;54,2;50,52334396591426;3,6766560340857453;228;Alto (>200 min);1
L;303,2;311,4;1514;41,2;41,32040111247899;-0,12040111247898722;230;Alto (>200 min);0
L;303,3;311,4;1732;25,6;30,7727390383675;-5,172739038367499;232;Alto (>200 min);0
L;303,3;311,4;1497;46,0;42,15196380753017;3,848036192469827;234;Alto (>200 min);1
L;303,3;311,4;1958;21,5;20,00224113152757;1,497758868472431;0;Bajo (0-100 min);0
L;303,3;311,4;1630;32,5;35,885328462811664;-3,385328462811664;2;Bajo (0-100 min);0
M;303,3;311,4;1395;59,1;47,26455323197433;11,835446768025669;4;Bajo (0-100 min);0
L;303,3;311,4;1658;30,5;34,525568805226506;-4,025568805226506;7;Bajo (0-100 min);0
L;303,2;311,4;1349;51,1;49,47722976127599;1,6227702387240086;9;Bajo (0-100 min);1
L;303,1;311,2;1452;52,9;44,49861663806447;8,40138336193553;11;Bajo (0-100 min);0
M;303,1;311,1;1594;35,5;37,63140868885722;-2,1314086888572206;13;Bajo (0-100 min);0
M;303,1;311,0;1510;47,6;41,708319446706305;5,891680553293696;16;Bajo (0-100 min);0
L;303,1;311,1;1854;22,6;25,03545533562285;-2,435455335622848;19;Bajo (0-100 min);0
L;303,1;311,2;1626;32,3;36,06451901826695;-3,7645190182669523;21;Bajo (0-100 min);0
L;303,1;311,2;1628;35,2;35,96615854847501;-0,7661585484750049;23;Bajo (0-100 min);0
L;303,1;311,2;1679;34,8;33,49479522337177;1,30520477662823;25;Bajo (0-100 min);0
M;303,1;311,2;1489;44,5;42,69473165602407;1,805268343975932;27;Bajo (0-100 min);0
L;303,2;311,2;1439;43,9;45,12519073637859;-1,2251907363785932;30;Bajo (0-100 min);0
L;303,3;311,3;1350;48,1;49,433957301620886;-1,3339573016208846;32;Bajo (0-100 min);1
H;303,3;311,2;1607;31,7;36,99745693688714;-5,297456936887141;34;Bajo (0-100 min);0
L;303,3;311,3;1389;53,9;47,539979506941705;6,360020493058293;39;Bajo (0-100 min);0
M;303,3;311,3;1566;46,1;38,96660883960943;7,133391160390573;41;Bajo (0-100 min);0
M;303,4;311,4;1307;54,0;51,507490848695156;2,4925091513048443;44;Bajo (0-100 min);1
M;303,3;311,5;1569;36,6;38,79449196210037;-2,194491962100372;47;Bajo (0-100 min);0
H;303,3;311,4;1651;30,6;34,83225018971121;-4,232250189711209;50;Bajo (0-100 min);0
H;303,3;311,4;1692;27,9;32,842918346023055;-4,942918346023056;55;Bajo (0-100 min);0
M;303,3;311,5;1373;47,3;48,27673251580089;-0,9767325158008902;60;Bajo (0-100 min);1
L;303,2;311,4;1610;35,5;36,79677072894578;-1,2967707289457806;63;Bajo (0-100 min);0
L;303,3;311,4;1511;43,4;41,60098426980734;1,7990157301926573;65;Bajo (0-100 min);0
L;303,3;311,5;1412;55,6;46,382754721121714;9,217245278878288;67;Bajo (0-100 min);0
L;303,4;311,5;1501;36,2;42,08238587833994;-5,882385878339939;69;Bajo (0-100 min);0
L;303,4;311,5;1414;44,8;46,2941734518685;-1,4941734518685053;71;Bajo (0-100 min);0
H;303,5;311,5;1629;33,5;35,89179726685771;-2,391797266857708;73;Bajo (0-100 min);0
L;303,4;311,5;1879;21,3;23,769599404891157;-2,469599404891156;78;Bajo (0-100 min);0
H;303,5;311,6;1466;47,0;43,769241993008116;3,230758006991884;80;Bajo (0-100 min);0
H;303,6;311,7;1476;40,1;43,28131940234037;-3,181319402340371;85;Bajo (0-100 min);0
L;303,6;311,8;1695;30,7;32,66053079339424;-1,9605307933942377;90;Bajo (0-100 min);0
L;303,6;311,7;1491;39,8;42,54962872046672;-2,749628720466724;92;Bajo (0-100 min);0
M;303,6;311,8;1659;34,7;34,400955041819564;0,2990449581804384;94;Bajo (0-100 min);0
L;303,6;311,8;1567;31,7;38,85413415865354;-7,154134158653537;97;Bajo (0-100 min);0
L;303,6;311,8;1736;32,9;30,668192528923115;2,231807471076884;99;Bajo (0-100 min);0
M;303,6;311,8;1421;44,8;45,92170767410421;-1,121707674104215;101;Moderado (100-200 min);1
M;303,6;311,8;1627;30,8;35,94315514026952;-5,143155140269517;104;Moderado (100-200 min);0
M;303,5;311,6;1562;34,2;39,099800201500955;-4,899800201500952;107;Moderado (100-200 min);0
L;303,5;311,6;2183;17,0;9,023366342070627;7,976633657929373;110;Moderado (100-200 min);0
L;303,5;311,6;1577;38,1;38,36961273001879;-0,2696127300187854;112;Moderado (100-200 min);0
M;303,4;311,5;1560;36,4;39,19127449221796;-2,7912744922179584;114;Moderado (100-200 min);0
M;303,4;311,5;1483;43,0;42,91802416354847;0,08197583645152662;117;Moderado (100-200 min);0
L;303,5;311,5;1535;33,3;40,40876301447949;-7,108763014479493;120;Moderado (100-200 min);0
M;303,4;311,4;1606;29,6;36,968705363058376;-7,368705363058375;122;Moderado (100-200 min);0
M;303,4;311,5;1817;24,7;26,736849002105572;-2,0368490021055727;125;Moderado (100-200 min);0
L;303,4;311,5;1424;50,8;45,76704565870891;5,032954341291088;128;Moderado (100-200 min);0
L;303,3;311,6;1514;34,7;41,3845226857495;-6,684522685749499;130;Moderado (100-200 min);0
L;303,4;311,6;1449;41,7;44,54216281680322;-2,842162816803217;132;Moderado (100-200 min);0
M;303,5;311,6;1573;34,0;38,54679193451339;-4,5467919345133865;134;Moderado (100-200 min);0
L;303,4;311,6;1564;41,9;38,969112375298;2,9308876247019953;137;Moderado (100-200 min);0
L;303,5;311,6;1428;46,2;45,56518521506809;0,6348147849319119;139;Moderado (100-200 min);0
L;303,5;311,7;1620;31,0;36,25422442361541;-5,254224423615412;141;Moderado (100-200 min);0
H;303,5;311,7;1584;32,7;37,99615188243222;-5,29615188243222;143;Moderado (100-200 min);0
L;303,6;311,8;1222;66,8;55,5236795402502;11,276320459749797;148;Moderado (100-200 min);1
M;303,6;311,8;1432;42,5;45,35216409281033;-2,8521640928103267;150;Moderado (100-200 min);0
L;303,7;311,9;1561;33,3;39,10273777820664;-5,802737778206641;153;Moderado (100-200 min);0
L;303,6;311,8;1614;33,2;36,53439546138967;-3,3343954613896685;155;Moderado (100-200 min);0
L;303,5;311,7;1959;22,3;19,824893272105417;2,475106727894584;157;Moderado (100-200 min);0
L;303,5;311,8;1944;23,5;20,538658828600433;2,9613411713995674;159;Moderado (100-200 min);0
L;303,4;311,7;1793;25,8;27,849756970630473;-2,0497569706304724;161;Moderado (100-200 min);0
M;303,4;311,6;1446;50,0;44,66414894483591;5,335851055164092;163;Moderado (100-200 min);0
L;303,4;311,7;1673;32,2;33,657434508679415;-1,4574345086794125;166;Moderado (100-200 min);0
M;303,4;311,7;1515;44,2;41,30765479092434;2,892345209075664;168;Moderado (100-200 min);0
L;303,4;311,8;1564;35,9;38,921236441408865;-3,021236441408867;171;Moderado (100-200 min);0
L;303,5;311,8;1451;45,2;44,40345079807365;0,7965492019263536;173;Moderado (100-200 min);0
H;303,4;311,8;1693;28,3;32,67093678929617;-4,37093678929617;175;Moderado (100-200 min);0
L;303,4;311,7;1476;42,3;43,187352086884424;-0,8873520868844267;180;Moderado (100-200 min);0
L;303,4;311,6;1712;30,1;31,767852945855513;-1,6678529458555111;182;Moderado (100-200 min);0
M;303,4;311,6;1425;45,4;45,66536645943016;-0,2653664594301617;184;Moderado (100-200 min);0
L;303,3;311,6;1337;56,8;49,913548646532995;6,886451353467002;187;Moderado (100-200 min);1
M;303,4;311,7;1690;34,9;32,81686088427343;2,083139115726567;189;Moderado (100-200 min);0
M;303,4;311,7;1353;44,1;49,13505427766387;-5,035054277663868;192;Moderado (100-200 min);1
L;303,5;311,8;1927;21,9;21,334887746457632;0,5651122535423667;195;Moderado (100-200 min);0
M;303,4;311,8;1391;42,7;47,27984764445944;-4,579847644459434;197;Moderado (100-200 min);0
L;303,4;311,8;1366;50,9;48,48830857137797;2,411691428622028;200;Moderado (100-200 min);1
L;303,4;311,9;1771;31,6;28,862049653776204;2,7379503462237977;202;Alto (>200 min);0
M;303,4;311,8;1515;42,6;41,26943632526067;1,3305636747393308;204;Alto (>200 min);0
M;303,4;311,8;2133;18,3;11,338288354931034;6,9617116450689664;207;Alto (>200 min);0
M;303,4;311,8;1341;47,0;49,691508261926316;-2,691508261926316;210;Alto (>200 min);1
L;303,4;311,7;1406;47,1;46,55255319444107;0,5474468055589341;213;Alto (>200 min);0
L;303,4;311,8;1306;61,0;51,38275227545567;9,617247724544328;215;Alto (>200 min);1
L;303,3;311,7;1508;35,5;41,59854413330437;-6,098544133304372;217;Alto (>200 min);0
L;303,3;311,6;1301;45,1;51,63292794947755;-6,532927949477546;219;Alto (>200 min);1
L;303,3;311,7;1539;38,5;40,09425019181426;-1,594250191814261;221;Alto (>200 min);0
L;303,3;311,6;1484;44,6;42,767482293552405;1,8325177064475966;223;Alto (>200 min);0
L;303,2;311,5;1507;39,2;41,65199886774235;-2,451998867742347;225;Alto (>200 min);0
L;303,2;311,5;1544;42,5;39,85863635844234;2,6413636415576605;227;Alto (>200 min);0
L;303,2;311,5;1513;37,9;41,53053825858292;-3,6305382585829236;0;Bajo (0-100 min);0
M;303,2;311,5;1336;58,2;50,100902505132225;8,099097494867777;2;Bajo (0-100 min);1
M;303,2;311,4;2102;19,0;13,013478017785445;5,986521982214555;5;Bajo (0-100 min);0
L;303,2;311,4;1351;53,8;49,38112410707127;4,418875892928725;8;Bajo (0-100 min);1
L;303,3;311,5;1601;35,2;37,27258520393545;-2,0725852039354464;10;Bajo (0-100 min);0
L;303,2;311,3;1393;52,9;47,35527591749558;5,544724082504416;12;Bajo (0-100 min);0
L;303,3;311,3;1592;33,7;37,72775780768848;-4,027757807688474;14;Bajo (0-100 min);0
L;303,3;311,3;1409;51,8;46,58869383243916;5,211306167560835;16;Bajo (0-100 min);0
L;303,3;311,3;1393;47,4;47,36204869725136;0,03795130274863823;18;Bajo (0-100 min);0
H;303,2;311,2;1475;43,1;43,389276119127715;-0,2892761191277131;20;Bajo (0-100 min);0
L;303,2;311,2;1427;45,6;45,71009231876006;-0,11009231876005998;25;Bajo (0-100 min);0
L;303,3;311,2;1763;27,3;29,447851940021383;-2,1478519400213827;27;Bajo (0-100 min);0
L;303,2;311,2;1363;46,7;48,80651819879184;-2,1065181987918393;29;Bajo (0-100 min);1
L;303,2;311,2;1404;50,9;46,819441170690915;4,0805588293090835;31;Bajo (0-100 min);0
M;303,2;311,2;1688;31,9;33,06420712543398;-1,1642071254339825;33;Bajo (0-100 min);0
L;303,3;311,4;1510;37,3;41,671209450184094;-4,371209450184097;36;Bajo (0-100 min);0
H;303,3;311,3;1502;39,5;42,068295956011404;-2,5682959560114043;38;Bajo (0-100 min);0
H;303,2;311,4;1607;36,6;36,95708872196131;-0,35708872196131125;43;Bajo (0-100 min);0
M;303,3;311,5;1384;54,8;47,75303685144726;7,046963148552734;48;Bajo (0-100 min);0
L;303,4;311,7;1295;51,3;52,04989113287685;-0,7498911328768543;51;Bajo (0-100 min);1
H;303,4;311,7;1991;19,0;18,342061651124983;0,6579383488750175;53;Bajo (0-100 min);0
L;303,4;311,6;1497;42,8;42,27320737567706;0,5267926243229368;58;Bajo (0-100 min);0
L;303,5;311,6;1465;48,7;43,83270272662318;4,8672972733768205;60;Bajo (0-100 min);0
L;303,5;311,6;1361;46,5;48,867777005055665;-2,3677770050556646;62;Bajo (0-100 min);1
L;303,6;311,7;1546;38,5;39,90709903243483;-1,4070990324348287;64;Bajo (0-100 min);0
H;303,7;311,9;1332;52,7;50,25828363158897;2,4417163684110363;66;Bajo (0-100 min);1
M;303,7;312,0;2663;11,4;-14,21514120401342;25,61514120401342;71;Bajo (0-100 min);1
L;303,7;312,1;1443;45,9;44,854371536063525;1,045628463936474;74;Bajo (0-100 min);0
M;303,7;312,0;1402;48,6;46,84960282199845;1,750397178001549;76;Bajo (0-100 min);0
L;303,7;312,0;1892;22,5;23,11731945329831;-0,6173194532983111;79;Bajo (0-100 min);0
M;303,6;312,0;1645;35,7;35,06640536793352;0,6335946320664831;81;Bajo (0-100 min);0
L;303,6;311,9;1473;50,1;43,405035539402895;6,694964460597106;84;Bajo (0-100 min);0
L;303,6;312,0;1309;52,9;51,33466692123224;1,5653330787677575;86;Bajo (0-100 min);1
H;303,6;311,9;1544;37,1;39,963596409903566;-2,8635964099035647;88;Bajo (0-100 min);0
L;303,5;311,9;1344;49,3;49,63428191304071;-0,3342819130407122;93;Bajo (0-100 min);1
M;303,6;311,9;1617;36,0;36,42304520541655;-0,42304520541654966;95;Bajo (0-100 min);0
M;303,6;312,0;1435;37,9;45,2236403166543;-7,3236403166542985;98;Bajo (0-100 min);0
L;303,6;312,0;1391;50,3;47,35224520787721;2,9477547921227867;101;Moderado (100-200 min);0
L;303,6;312,0;1827;23,3;26,23585944818526;-2,9358594481852585;103;Moderado (100-200 min);0
L;303,5;312,0;1761;25,8;29,419363387078754;-3,619363387078753;105;Moderado (100-200 min);0
L;303,5;312,1;1522;36,4;40,981141996425386;-4,581141996425387;107;Moderado (100-200 min);0
M;303,5;312,2;1818;23,6;26,633603716148734;-3,0336037161487326;109;Moderado (100-200 min);0
H;303,6;312,2;1371;54,6;48,29022878749474;6,309771212505261;112;Moderado (100-200 min);1
L;303,7;312,3;1511;38,9;41,50658433579704;-2,606584335797038;117;Moderado (100-200 min);0
L;303,7;312,4;1404;46,6;46,67578382471326;-0,0757838247132554;119;Moderado (100-200 min);0
L;303,7;312,3;1384;45,9;47,65401388694333;-1,7540138869433335;121;Moderado (100-200 min);0
L;303,8;312,5;1368;52,6;48,41632980545185;4,183670194548149;123;Moderado (100-200 min);0
L;303,7;312,5;1641;36,0;35,18252827596723;0,8174717240327709;125;Moderado (100-200 min);0
L;303,9;312,6;1642;32,3;35,14400057911901;-2,8440005791190117;127;Moderado (100-200 min);0
H;303,9;312,7;1401;50,0;46,80263644786611;3,1973635521338934;129;Moderado (100-200 min);0
L;303,8;312,6;1577;41,3;38,275317862333566;3,0246821376664315;134;Moderado (100-200 min);0
L;303,7;312,6;1396;44,1;47,028114216753565;-2,9281142167535634;136;Moderado (100-200 min);0
H;303,7;312,6;1514;35,5;41,312032701734886;-5,812032701734886;138;Moderado (100-200 min);0
L;303,8;312,8;1646;35,8;34,90465660902207;0,8953433909779278;143;Moderado (100-200 min);0
L;303,8;312,8;1443;40,7;44,73416522777737;-4,034165227777365;145;Moderado (100-200 min);0
M;303,7;312,7;1469;48,5;43,47339591286662;5,026604087133379;147;Moderado (100-200 min);0
H;303,7;312,7;1564;40,2;38,87042127575751;1,329578724242495;150;Moderado (100-200 min);0
H;303,6;312,6;1498;40,2;42,062831077680734;-1,862831077680731;155;Moderado (100-200 min);0
L;303,6;312,6;1699;27,9;32,324918481955706;-4,424918481955707;160;Moderado (100-200 min);0
L;303,6;312,5;1431;49,0;45,313448709842945;3,6865512901570554;162;Moderado (100-200 min);0
L;303,5;312,4;1390;47,3;47,29739758484764;0,002602415152360038;164;Moderado (100-200 min);0
L;303,5;312,5;1380;46,1;47,7690199928415;-1,6690199928414984;166;Moderado (100-200 min);0
L;303,5;312,5;1457;46,4;44,03851229553227;2,361487704467727;168;Moderado (100-200 min);0
L;303,5;312,5;1418;42,2;45,92572564344977;-3,7257256434497705;170;Moderado (100-200 min);0
M;303,5;312,5;1353;51,0;49,07208336357327;1,9279166364267297;172;Moderado (100-200 min);0
L;303,5;312,4;1574;32,7;38,37826206285207;-5,67826206285207;175;Moderado (100-200 min);0
M;303,5;312,4;1318;54,2;50,77448805571958;3,425511944280423;177;Moderado (100-200 min);0
L;303,6;312,5;1710;31,4;31,788332129955293;-0,38833212995529465;180;Moderado (100-200 min);0
L;303,7;312,6;1621;38,8;36,09709869519758;2,702901304802417;182;Moderado (100-200 min);0
L;303,6;312,6;1606;33,6;36,81074251937933;-3,2107425193793304;184;Moderado (100-200 min);0
H;303,6;312,5;1375;54,0;48,00741344835804;5,992586551641963;186;Moderado (100-200 min);0
L;303,5;312,4;1503;36,5;41,80466908843656;-5,304669088436562;191;Moderado (100-200 min);0
L;303,5;312,3;1404;48,6;46,60876089698485;1,991239103015154;193;Moderado (100-200 min);0
L;303,4;312,2;1656;32,7;34,40312126982202;-1,7031212698220202;195;Moderado (100-200 min);0
M;303,4;312,1;1499;39,4;42,016073600983674;-2,6160736009836754;197;Moderado (100-200 min);0
M;303,4;312,0;1748;28,4;29,96625066865603;-1,566250668656032;200;Moderado (100-200 min);0
L;303,4;311,9;1531;37,9;40,48416917663577;-2,5841691766357684;203;Alto (>200 min);0
M;303,3;311,8;1536;40,6;40,240401085429866;0,35959891457013526;205;Alto (>200 min);0
L;303,4;311,8;1401;53,0;46,78729369030397;6,212706309696031;208;Alto (>200 min);1
H;303,4;311,9;1534;33,2;40,33362205116489;-7,133622051164885;210;Alto (>200 min);0
L;303,4;312,0;1521;35,9;40,948275532672206;-5,048275532672207;215;Alto (>200 min);1
L;303,5;312,1;1674;30,8;33,700412037934754;-2,9004120379347533;0;Bajo (0-100 min);0
M;303,6;312,1;1967;20,9;19,520602736305975;1,379397263694024;2;Bajo (0-100 min);0
L;303,6;312,2;1696;30,7;32,631345890864246;-1,9313458908642467;5;Bajo (0-100 min);0
M;303,6;312,1;1627;32,5;35,98257880840562;-3,48257880840562;7;Bajo (0-100 min);0
L;303,5;311,9;1405;45,6;46,74251873257324;-1,1425187325732367;10;Bajo (0-100 min);0
L;303,5;311,9;1565;38,9;38,99243477014489;-0,09243477014489088;12;Bajo (0-100 min);0
L;303,5;311,9;1493;38,7;42,477792898169994;-3,7777928981699915;14;Bajo (0-100 min);0
L;303,4;311,8;1499;45,0;42,185596177263854;2,8144038227361463;16;Bajo (0-100 min);0
L;303,3;311,8;1692;30,6;32,826085023797674;-2,2260850237976726;18;Bajo (0-100 min);0
L;303,4;311,8;2268;15,8;4,940973517003677;10,859026482996324;20;Bajo (0-100 min);0
L;303,4;311,8;1438;58,9;45,13523295780346;13,764767042196539;22;Bajo (0-100 min);0
L;303,5;311,9;1515;39,2;41,40484699280751;-2,2048469928075036;24;Bajo (0-100 min);0
L;303,4;311,9;1491;38,2;42,554348484291324;-4,354348484291322;26;Bajo (0-100 min);0
L;303,5;312,0;1756;29,7;29,71938013565204;-0,01938013565204244;28;Bajo (0-100 min);0
L;303,5;312,0;1366;54,5;48,60504250835042;5,894957491649578;30;Bajo (0-100 min);1
L;303,5;312,0;1436;45,1;45,21353521894281;-0,1135352189428076;32;Bajo (0-100 min);0
L;303,4;311,9;1377;41,6;48,069199428551656;-6,469199428551654;34;Bajo (0-100 min);1
M;303,4;311,9;1510;42,2;41,62668846802952;0,5733115319704822;36;Bajo (0-100 min);0
M;303,4;311,9;1419;50,9;46,03143895516327;4,868561044836731;39;Bajo (0-100 min);0
L;303,3;311,8;1315;62,0;51,065639896086736;10,934360103913264;42;Bajo (0-100 min);1
H;303,3;311,8;1806;27,7;27,28567950288211;0,4143204971178882;44;Bajo (0-100 min);0
H;303,3;311,8;1649;29,4;34,88521633983958;-5,485216339839582;49;Bajo (0-100 min);0
H;303,4;311,9;1402;50,0;46,84345158213105;3,1565484178689474;54;Bajo (0-100 min);0
L;303,4;311,9;1298;63,9;51,876271044976306;12,023728955023692;59;Bajo (0-100 min);1
M;303,3;311,8;1441;44,9;44,949352055138604;-0,04935205513860552;61;Bajo (0-100 min);0
M;303,3;311,8;1489;49,4;42,62252301394032;6,777476986059682;64;Bajo (0-100 min);0
L;303,3;311,8;1842;24,5;25,524961914171747;-1,0249619141717474;67;Bajo (0-100 min);0
M;303,4;311,8;1316;50,9;51,008200337031695;-0,10820033703169685;69;Bajo (0-100 min);1
M;303,3;311,8;1583;33,3;38,064218980552724;-4,764218980552727;72;Bajo (0-100 min);0
M;303,3;311,8;1548;33,5;39,75696620447356;-6,256966204473557;75;Bajo (0-100 min);0
L;303,4;311,9;1434;44,6;45,275696907025875;-0,6756969070258734;78;Bajo (0-100 min);0
H;303,5;312,0;1397;52,9;47,066174727856186;5,833825272143812;80;Bajo (0-100 min);0
M;303,5;312,0;1475;42,9;43,284983585259496;-0,38498358525949783;85;Bajo (0-100 min);0
L;303,5;312,0;1441;56,8;44,92930217948011;11,870697820519887;88;Bajo (0-100 min);0
L;303,7;312,1;1363;51,8;48,716636228950094;3,0833637710499033;90;Bajo (0-100 min);1
L;303,7;312,2;1619;34,9;36,30624313668266;-1,4062431366826615;92;Bajo (0-100 min);0
L;303,7;312,2;1487;34,0;42,697319046721596;-8,697319046721596;94;Bajo (0-100 min);0
L;303,7;312,2;1568;33,8;38,77309683061144;-4,973096830611446;96;Bajo (0-100 min);0
L;303,7;312,3;1375;46,2;48,107158473747475;-1,9071584737474723;98;Bajo (0-100 min);0
M;303,6;312,3;1698;31,3;32,451925459251335;-1,1519254592513342;100;Bajo (0-100 min);0
L;303,7;312,3;1606;37,4;36,916386987015535;0,48361301298446335;103;Moderado (100-200 min);0
L;303,7;312,3;1349;51,0;49,361041609583275;1,6389583904167253;105;Moderado (100-200 min);0
L;303,7;312,4;1535;38,6;40,34065259633197;-1,7406525963319694;107;Moderado (100-200 min);0
M;303,6;312,4;1504;49,5;41,82915449571741;7,670845504282589;109;Moderado (100-200 min);0
L;303,5;312,3;1946;21,1;20,421323620315054;0,6786763796849478;112;Moderado (100-200 min);0
L;303,5;312,1;1326;55,7;50,46789218130036;5,232107818699646;114;Moderado (100-200 min);0
M;303,6;312,3;1915;22,3;21,930887131169456;0,3691128688305447;116;Moderado (100-200 min);0
L;303,6;312,3;1451;43,4;44,399516496489156;-0,9995164964891572;119;Moderado (100-200 min);0
M;303,5;312,3;1624;34,8;36,008577937027574;-1,2085779370275773;121;Moderado (100-200 min);0
L;303,6;312,4;1781;28,7;28,403149990817447;0,29685000918255255;124;Moderado (100-200 min);0
L;303,6;312,5;1345;54,1;49,50536865110947;4,59463134889053;126;Moderado (100-200 min);0
L;303,6;312,4;1418;46,0;45,97973615121813;0,02026384878187315;128;Moderado (100-200 min);0
L;303,7;312,4;1718;26,5;31,460926441687732;-4,960926441687732;130;Moderado (100-200 min);0
M;303,7;312,4;1631;28,5;35,6727140152163;-7,1727140152163;132;Moderado (100-200 min);0
L;303,7;312,4;1513;40,1;41,38503750425627;-1,285037504256266;135;Moderado (100-200 min);0
L;303,7;312,4;1316;59,3;50,923974344810176;8,376025655189821;137;Moderado (100-200 min);0
M;303,7;312,4;1474;38,8;43,270747641782286;-4,470747641782289;139;Moderado (100-200 min);0
L;303,8;312,5;1619;30,9;36,246463251974916;-5,346463251974917;142;Moderado (100-200 min);0
L;303,7;312,4;1702;31,2;32,22526204415104;-1,025262044151038;144;Moderado (100-200 min);0
M;303,7;312,4;1540;37,4;40,06919684519688;-2,669196845196879;146;Moderado (100-200 min);0
M;303,7;312,4;1546;33,7;39,776370251408274;-6,076370251408271;149;Moderado (100-200 min);0
L;303,7;312,4;1348;51,0;49,36298411646668;1,6370158835333228;152;Moderado (100-200 min);0
H;303,7;312,5;1520;35,6;41,0205959190186;-5,420595919018595;154;Moderado (100-200 min);0
M;303,8;312,6;1527;41,9;40,67795921745154;1,2220407825484614;159;Moderado (100-200 min);0
M;303,8;312,6;1406;47,1;46,535568595592196;0,5644314044078058;162;Moderado (100-200 min);0
L;303,7;312,5;1462;46,2;43,8211887844788;2,3788112155212033;165;Moderado (100-200 min);0
M;303,8;312,6;1684;29,3;33,06865151294942;-3,768651512949422;167;Moderado (100-200 min);0
H;303,8;312,5;1655;28,0;34,48198763728584;-6,48198763728584;170;Moderado (100-200 min);0
H;303,8;312,5;1748;25,1;29,9743670491857;-4,8743670491857;175;Moderado (100-200 min);0
L;303,8;312,5;1372;45,7;48,179773790493634;-2,4797737904936312;180;Moderado (100-200 min);0
L;303,7;312,5;1481;33,3;42,88826753184681;-9,58826753184681;182;Moderado (100-200 min);0
L;303,7;312,4;1512;39,2;41,39663747936514;-2,196637479365137;184;Moderado (100-200 min);0
L;303,7;312,5;1632;36,6;35,57253802632904;1,0274619736709596;186;Moderado (100-200 min);0
L;303,7;312,4;1525;43,9;40,764058872479175;3,135941127520823;188;Moderado (100-200 min);0
M;303,7;312,3;1756;26,4;29,586702879951414;-3,186702879951415;190;Moderado (100-200 min);0
L;303,7;312,3;1922;23,1;21,545295534125938;1,5547044658740639;193;Moderado (100-200 min);0
M;303,8;312,5;1448;44,3;44,48792385533999;-0,18792385533999578;195;Moderado (100-200 min);0
H;303,8;312,5;1447;46,6;44,534097669453;2,0659023305470043;198;Moderado (100-200 min);0
M;303,8;312,4;1597;33,4;37,27720586705668;-3,8772058670566807;203;Alto (>200 min);0
M;303,7;312,4;1642;32,3;35,084380304028855;-2,7843803040288577;206;Alto (>200 min);0
H;303,8;312,5;1525;38,0;40,74839689568186;-2,748396895681857;209;Alto (>200 min);0
H;303,6;312,4;1460;53,7;43,88109565697464;9,818904343025366;214;Alto (>200 min);0
L;303,6;312,3;2168;17,7;9,601028481849731;8,098971518150268;219;Alto (>200 min);0
L;303,6;312,4;1388;41,9;47,36269575902104;-5,462695759021038;221;Alto (>200 min);0
M;303,6;312,3;1630;32,4;35,65262483979074;-3,252624839790741;223;Alto (>200 min);0
L;303,6;312,3;1616;29,3;36,32837084000674;-7,02837084000674;226;Alto (>200 min);0
L;303,6;312,4;2232;16,8;6,655037040285528;10,144962959714473;0;Bajo (0-100 min);0
H;303,6;312,4;1480;50,7;43,07186336446733;7,62813663553267;2;Bajo (0-100 min);0
L;303,6;312,4;1363;53,1;48,734255013415584;4,365744986584417;7;Bajo (0-100 min);0
H;303,6;312,4;1436;45,6;45,19746183490728;0,40253816509272156;9;Bajo (0-100 min);0
M;303,6;312,5;1607;33,7;36,9012474515722;-3,2012474515722005;14;Bajo (0-100 min);0
M;303,6;312,5;1459;48,2;44,06642983161908;4,1335701683809205;17;Bajo (0-100 min);0
L;303,5;312,4;1481;43,7;42,998623430313515;0,701376569686488;20;Bajo (0-100 min);0
M;303,5;312,4;1606;31,7;36,94354150739323;-5,243541507393228;22;Bajo (0-100 min);0
L;303,5;312,3;1681;29,8;33,32030014290567;-3,520300142905672;25;Bajo (0-100 min);0
L;303,5;312,2;1511;37,1;41,56282466017032;-4,46282466017032;27;Bajo (0-100 min);0
M;303,5;312,3;1593;35,2;37,57901313574298;-2,37901313574298;29;Bajo (0-100 min);0
M;303,5;312,3;1532;41,7;40,53090473186982;1,1690952681301852;32;Bajo (0-100 min);0
H;303,5;312,3;1386;49,0;47,59922985251623;1,4007701474837688;35;Bajo (0-100 min);0
H;303,4;312,3;1769;27,9;29,03602424041904;-1,1360242404190402;40;Bajo (0-100 min);0
M;303,4;312,2;1561;38,2;39,11658187070522;-0,9165818707052154;45;Bajo (0-100 min);0
L;303,3;312,2;1457;40,7;44,139622133011734;-3,4396221330117314;48;Bajo (0-100 min);0
L;303,3;312,2;1506;40,0;41,76511606730896;-1,7651160673089592;50;Bajo (0-100 min);0
L;303,4;312,2;1337;69,4;49,95933368718664;19,440666312813363;52;Bajo (0-100 min);1
L;303,4;312,3;1287;54,8;52,368101283189716;2,431898716810281;54;Bajo (0-100 min);0
M;303,4;312,2;1615;35,7;36,49316820973961;-0,7931682097396049;56;Bajo (0-100 min);0
M;303,4;312,2;1972;23,5;19,201892591170118;4,298107408829882;59;Bajo (0-100 min);0
H;303,4;312,3;1522;42,1;40,98136046206963;1,1186395379303704;62;Bajo (0-100 min);0
L;303,4;312,3;1680;30,6;33,32587894345451;-2,7258789434545108;67;Bajo (0-100 min);0
L;303,4;312,3;1502;36,0;41,94467181970404;-5,944671819704041;69;Bajo (0-100 min);0
M;303,5;312,3;1543;33,3;39,96887720253334;-6,668877202533345;71;Bajo (0-100 min);0
L;303,5;312,3;1584;35,2;37,98104856923667;-2,781048569236667;74;Bajo (0-100 min);0
L;303,5;312,4;1340;44,5;49,78497032708446;-5,284970327084459;76;Bajo (0-100 min);0
L;303,4;312,3;1663;33,9;34,140897991205264;-0,24089799120526578;78;Bajo (0-100 min);0
M;303,3;312,1;1693;30,0;32,69757483611056;-2,6975748361105616;80;Bajo (0-100 min);0
L;303,3;312,1;1418;44,7;46,0131931880867;-1,3131931880867;83;Bajo (0-100 min);0
H;303,4;312,2;1554;36,8;39,42551807077715;-2,6255180707771544;85;Bajo (0-100 min);0
L;303,4;312,2;1580;35,8;38,16261567259245;-2,3626156725924545;90;Bajo (0-100 min);0
L;303,4;312,3;1479;42,8;43,041243383307275;-0,24124338330727824;92;Bajo (0-100 min);0
L;303,5;312,4;1284;70,6;52,483444696774;18,116555303225994;94;Bajo (0-100 min);1
L;303,4;312,3;1540;38,7;40,08409055081025;-1,3840905508102495;96;Bajo (0-100 min);0
M;303,5;312,4;1606;30,1;36,88641951251684;-6,7864195125168365;98;Bajo (0-100 min);0
L;303,6;312,5;1286;62,4;52,381447933316615;10,018552066683384;101;Moderado (100-200 min);0
L;303,6;312,6;1502;39,5;41,9082000290584;-2,408200029058399;103;Moderado (100-200 min);0
M;303,6;312,7;1699;31,5;32,35509608910456;-0,8550960891045634;105;Moderado (100-200 min);0
L;303,5;312,6;1602;34,2;37,05029662212642;-2,8502966221264145;108;Moderado (100-200 min);0
H;303,6;312,6;1436;42,0;45,09922835290342;-3,099228352903417;110;Moderado (100-200 min);0
M;303,6;312,7;1765;27,5;29,151290476931933;-1,6512904769319334;115;Moderado (100-200 min);0
L;303,6;312,7;1418;44,1;45,95377016732467;-1,8537701673246687;118;Moderado (100-200 min);0
M;303,7;312,7;1669;31,7;33,80796331310557;-2,107963313105568;120;Moderado (100-200 min);0
L;303,7;312,7;1395;53,9;47,07515303538148;6,824846964618516;123;Moderado (100-200 min);0
M;303,8;312,7;1500;41,7;41,999926117396036;-0,2999261173960335;125;Moderado (100-200 min);0
M;303,8;312,7;1555;33,4;39,334096668296134;-5,934096668296135;128;Moderado (100-200 min);0
M;303,8;312,7;1919;20,2;21,70382064182503;-1,5038206418250297;131;Moderado (100-200 min);0
L;303,8;312,7;1596;36,6;37,34401321941223;-0,7440132194122313;134;Moderado (100-200 min);0
M;303,8;312,7;1374;53,6;48,093665802471904;5,506334197528098;136;Moderado (100-200 min);0
L;303,7;312,5;1670;26,1;33,76757554192016;-7,667575541920158;139;Moderado (100-200 min);0
L;303,7;312,6;1702;29,1;32,20519550250434;-3,105195502504337;141;Moderado (100-200 min);0
M;303,8;312,5;1366;45,1;48,49815496093747;-3,398154960937468;143;Moderado (100-200 min);0
M;303,8;312,5;2344;15,2;1,132700298524874;14,067299701475125;146;Moderado (100-200 min);0
M;303,8;312,6;1768;23,9;29,014175511653423;-5,114175511653425;149;Moderado (100-200 min);0
L;303,8;312,5;1523;47,0;40,88809565123962;6,111904348760383;152;Moderado (100-200 min);0
L;303,8;312,6;1735;25,9;30,608562265782318;-4,708562265782319;154;Moderado (100-200 min);0
L;303,9;312,7;1339;62,3;49,78491814899536;12,515081851004638;156;Moderado (100-200 min);0
L;303,9;312,7;1800;24,3;27,45781664679764;-3,157816646797638;158;Moderado (100-200 min);0
M;304,0;312,7;1456;51,2;44,12704446421566;7,072955535784345;160;Moderado (100-200 min);0
L;303,9;312,7;1789;24,4;27,986773547521466;-3,5867735475214673;163;Moderado (100-200 min);0
L;303,9;312,7;1602;33,9;37,041424091073075;-3,141424091073077;165;Moderado (100-200 min);0
M;303,8;312,7;1364;49,3;48,554652338406214;0,7453476615937831;167;Moderado (100-200 min);0
L;303,8;312,6;1793;28,1;27,78767606003708;0,31232393996292274;170;Moderado (100-200 min);0
L;303,9;312,6;1426;53,4;45,57076236056039;7,8292376394396115;172;Moderado (100-200 min);0
M;303,9;312,7;1485;43,3;42,70080931923835;0,5991906807616445;174;Moderado (100-200 min);0
L;303,9;312,7;1528;38,4;40,61612342654122;-2,2161234265412233;177;Moderado (100-200 min);0
L;303,8;312,6;1565;36,0;38,822639184927944;-2,8226391849279437;179;Moderado (100-200 min);0
L;303,8;312,7;1838;27,8;25,588959387756596;2,211040612243405;181;Moderado (100-200 min);0
H;303,8;312,6;1811;24,9;26,906189857888286;-2,0061898578882875;183;Moderado (100-200 min);0
L;303,8;312,7;1461;38,2;43,84129154837328;-5,641291548373275;188;Moderado (100-200 min);0
L;303,8;312,7;1414;41,7;46,11593393389262;-4,415933933892617;190;Moderado (100-200 min);0
L;303,7;312,7;1426;45,5;45,522004756168144;-0,022004756168144013;192;Moderado (100-200 min);0
L;303,7;312,7;1359;56,8;48,7652197356921;8,034780264307898;194;Moderado (100-200 min);1
L;303,7;312,7;1540;44,8;39,998134549558905;4,801865450441092;196;Moderado (100-200 min);0
L;303,6;312,7;1429;47,7;45,360926824962775;2,3390731750372282;198;Moderado (100-200 min);0
M;303,7;312,7;1612;36,3;36,50826679035934;-0,20826679035934603;200;Moderado (100-200 min);0
M;303,7;312,8;1685;31,8;32,95956132803833;-1,1595613280383326;203;Alto (>200 min);0
M;303,7;312,8;1558;37,7;39,107742484380374;-1,4077424843803712;206;Alto (>200 min);0
L;303,7;313,0;1811;24,3;26,830722997400933;-2,5307229974009324;209;Alto (>200 min);0
L;303,8;313,1;1869;25,8;24,020480996709352;1,7795190032906483;211;Alto (>200 min);0
L;303,8;313,1;1256;58,7;53,70572779255913;4,994272207440872;213;Alto (>200 min);1
M;303,8;313,0;1789;23,5;27,902925630561782;-4,402925630561782;215;Alto (>200 min);0
L;303,7;312,9;1502;40,5;41,96341573929918;-1,4634157392991796;0;Bajo (0-100 min);0
M;303,7;313,0;1303;54,4;51,588049160636594;2,811950839363405;2;Bajo (0-100 min);0
L;303,8;313,1;2497;13,0;-6,237867784712506;19,237867784712506;5;Bajo (0-100 min);1
L;303,9;313,2;1499;37,4;42,09252317803925;-4,692523178039252;7;Bajo (0-100 min);0
L;303,9;313,2;1393;46,5;47,2244547158722;-0,7244547158721986;9;Bajo (0-100 min);0
M;303,9;313,0;1475;41,0;43,274125227295734;-2,274125227295734;11;Bajo (0-100 min);0
L;303,8;312,9;1573;34,6;38,52574296877266;-3,92574296877266;14;Bajo (0-100 min);0
L;303,8;312,9;1819;23,7;26,610796852124487;-2,910796852124488;16;Bajo (0-100 min);0
M;303,5;312,6;1642;29,4;35,18079590173398;-5,780795901733981;18;Bajo (0-100 min);0
L;303,6;312,6;1540;39,8;40,129543726500486;-0,32954372650048924;21;Bajo (0-100 min);0
M;303,6;312,8;1400;43,2;46,88572731690735;-3,6857273169073466;23;Bajo (0-100 min);0
M;303,6;312,8;2659;11,4;-14,088172291269998;25,488172291269997;26;Bajo (0-100 min);1
M;303,6;312,8;1825;25,2;26,299050063134963;-1,099050063134964;29;Bajo (0-100 min);0
M;303,7;312,9;1532;41,3;40,48650548202852;0,8134945179714776;32;Bajo (0-100 min);0
L;303,7;312,8;1832;23,6;25,96682243498912;-2,3668224349891176;35;Bajo (0-100 min);0
M;303,6;312,7;2174;17,6;9,402606134805563;8,197393865194439;37;Bajo (0-100 min);0
L;303,7;312,8;1627;31,7;35,89093349755765;-4,190933497557648;40;Bajo (0-100 min);0
L;303,7;312,8;1437;51,3;45,09086993020995;6,209130069790049;42;Bajo (0-100 min);0
L;303,7;312,8;1364;46,3;48,624656687935286;-2,3246566879352883;44;Bajo (0-100 min);0
M;303,7;312,9;1444;52,7;44,73770242290841;7,96229757709159;46;Bajo (0-100 min);0
M;303,7;312,8;1366;47,3;48,524041402556115;-1,224041402556118;49;Bajo (0-100 min);0
L;303,8;312,9;1442;48,3;44,84133246206465;3,458667537935348;52;Bajo (0-100 min);0
H;303,7;312,8;1488;42,8;42,61199055314929;0,18800944685070675;54;Bajo (0-100 min);0
L;303,7;312,8;1523;40,7;40,91323048766252;-0,21323048766251418;59;Bajo (0-100 min);0
L;303,7;312,8;1543;38,3;39,94315468326642;-1,6431546832664239;61;Bajo (0-100 min);0
M;303,7;312,8;1634;33,8;35,53464617015397;-1,7346461701539724;63;Bajo (0-100 min);0
M;303,8;312,9;1815;27,8;26,766931111138312;1,0330688888616884;66;Bajo (0-100 min);0
M;303,8;312,9;1594;35,2;37,46740345930201;-2,2674034593020096;69;Bajo (0-100 min);0
L;303,8;313,0;1452;38,6;44,33085338253055;-5,730853382530547;72;Bajo (0-100 min);0
L;303,9;313,0;1759;28,4;29,47304326509854;-1,0730432650985406;74;Bajo (0-100 min);0
L;303,9;313,0;1408;47,5;46,46998907948794;1,030010920512062;76;Bajo (0-100 min);0
L;303,9;313,0;1483;45,0;42,836338641579175;2,163661358420825;78;Bajo (0-100 min);0
M;303,9;313,0;1620;36,6;36,200113162256116;0,39988683774388534;80;Bajo (0-100 min);0
M;304,0;313,1;1466;39,5;43,65598905281765;-4,155989052817652;83;Bajo (0-100 min);0
L;304,1;313,1;1556;36,3;39,30643997513992;-3,0064399751399193;86;Bajo (0-100 min);0
L;304,0;313,0;1350;61,1;49,28111275068263;11,81888724931737;88;Bajo (0-100 min);0
L;304,0;313,1;1404;47,1;46,653302857861746;0,4466971421382553;90;Bajo (0-100 min);0
M;304,0;313,0;1575;34,5;38,38166464734781;-3,8816646473478116;92;Bajo (0-100 min);0
L;303,9;313,1;1639;29,0;35,25753444139865;-6,257534441398647;95;Bajo (0-100 min);0
M;303,9;313,1;1473;42,8;43,29518376124542;-0,4951837612454213;97;Bajo (0-100 min);0
L;303,9;313,2;1481;40,0;42,894339229439396;-2,894339229439396;100;Bajo (0-100 min);0
L;304,0;313,3;1294;54,6;51,94911150530427;2,650888494695728;102;Moderado (100-200 min);0
M;303,9;313,2;1630;29,3;35,67546698332209;-6,375466983322088;104;Moderado (100-200 min);0
M;303,9;313,2;1624;39,8;35,96378394593625;3,8362160540637475;107;Moderado (100-200 min);0
M;303,9;313,1;1437;48,3;45,02884356290907;3,27115643709093;110;Moderado (100-200 min);0
M;303,8;313,0;1514;45,0;41,29746252809084;3,70253747190916;113;Moderado (100-200 min);0
M;304,0;313,1;1694;31,4;32,58945850970562;-1,1894585097056236;116;Moderado (100-200 min);0
L;304,0;313,1;1564;50,9;38,882925555148354;12,017074444851644;119;Moderado (100-200 min);0
M;303,9;313,1;1514;41,1;41,29157141883816;-0,19157141883815854;121;Moderado (100-200 min);0
M;304,0;313,2;1500;40,6;41,96743915136744;-1,367439151367435;124;Moderado (100-200 min);0
L;304,0;313,2;1615;37,8;36,39589192025371;1,4041080797462868;127;Moderado (100-200 min);0
M;304,1;313,2;1586;41,1;37,81010138209914;3,2898986179008602;129;Moderado (100-200 min);0
L;304,1;313,3;1732;28,5;30,72610595166131;-2,22610595166131;132;Moderado (100-200 min);0
H;304,1;313,3;1689;32,5;32,807033818379736;-0,3070338183797361;134;Moderado (100-200 min);0
H;304,1;313,2;1586;34,6;37,80258533014172;-3,2025853301417158;139;Moderado (100-200 min);0
L;304,0;313,2;1314;47,1;50,96013217169546;-3,8601321716954615;144;Moderado (100-200 min);0
L;304,1;313,2;1569;35,8;38,62061079867544;-2,820610798675446;146;Moderado (100-200 min);0
L;304,1;313,2;1468;39,4;43,510399188007234;-4,110399188007236;148;Moderado (100-200 min);0
L;304,1;313,2;1412;47,5;46,22089924082866;1,2791007591713424;150;Moderado (100-200 min);0
M;304,1;313,2;1510;46,9;41,473390319814584;5,426609680185415;152;Moderado (100-200 min);0
M;304,1;313,2;1410;42,4;46,313998474250404;-3,9139984742504055;155;Moderado (100-200 min);0
M;304,1;313,3;1680;29,3;33,224852960984;-3,9248529609840013;158;Moderado (100-200 min);0
H;304,0;313,2;1271;68,6;53,02978596047775;15,570214039522241;161;Moderado (100-200 min);1
H;304,0;313,1;1472;45,5;43,30303404336968;2,196965956630322;166;Moderado (100-200 min);0
H;304,0;313,0;1701;30,4;32,220280494655164;-1,8202804946551652;171;Moderado (100-200 min);0
L;303,9;313,0;1480;39,9;42,907967221497145;-3,0079672214971467;176;Moderado (100-200 min);0
L;303,9;313,0;1433;48,4;45,182609607016495;3,2173903929835035;178;Moderado (100-200 min);0
L;303,8;312,9;1514;34,3;41,25826565859308;-6,958265658593085;180;Moderado (100-200 min);0
L;303,8;312,9;1619;35,7;36,1717563296774;-0,47175632967739745;182;Moderado (100-200 min);0
H;303,8;312,9;1378;45,6;47,84155287704145;-2,2415528770414497;184;Moderado (100-200 min);0
M;303,9;312,9;1430;53,5;45,330788517580984;8,169211482419016;189;Moderado (100-200 min);0
L;303,8;312,9;1367;49,9;48,36825496217806;1,531745037821942;192;Moderado (100-200 min);0
L;303,9;312,9;1526;42,5;40,677882040380155;1,8221179596198454;194;Moderado (100-200 min);0
L;303,9;312,8;1419;47,9;45,86940288653028;2,0305971134697174;196;Moderado (100-200 min);0
L;304,0;312,8;1542;42,7;39,92246063394068;2,7775393660593224;198;Moderado (100-200 min);0
L;304,0;312,9;1363;62,5;48,57852146127349;13,921478538726511;200;Moderado (100-200 min);1
L;304,0;312,9;1313;53,9;50,99844973589353;2,9015502641064685;202;Alto (>200 min);0
H;304,0;312,9;1495;46,6;42,33626337999147;4,26373662000853;0;Bajo (0-100 min);0
L;304,0;313,0;1407;42,1;46,583064089016084;-4,483064089016082;5;Bajo (0-100 min);0
L;304,1;313,0;1566;37,2;38,89269116721819;-1,692691167218186;7;Bajo (0-100 min);0
L;304,1;313,1;1550;30,9;39,654885353413434;-8,754885353413435;9;Bajo (0-100 min);0
M;304,2;313,2;1396;50,5;47,1115128491707;3,388487150829299;11;Bajo (0-100 min);0
M;304,3;313,3;1540;39,0;40,135657089063564;-1,1356570890635638;14;Bajo (0-100 min);0
M;304,2;313,2;1380;48,7;47,88186129319994;0,8181387068000632;17;Bajo (0-100 min);0
M;304,2;313,1;1608;31,1;36,84903958457713;-5,749039584577126;20;Bajo (0-100 min);0
H;304,2;313,0;1442;40,9;44,897097977845114;-3,9970979778451152;23;Bajo (0-100 min);0
L;304,1;313,0;1408;45,3;46,52863095074402;-1,2286309507440194;28;Bajo (0-100 min);0
M;304,0;313,0;1454;46,8;44,2881283632117;2,5118716367882996;30;Bajo (0-100 min);0
L;304,1;313,1;1666;34,6;34,01912578348889;0,5808742165111127;33;Bajo (0-100 min);0
L;304,1;313,2;1366;46,6;48,535050804549584;-1,935050804549583;35;Bajo (0-100 min);0
L;304,2;313,2;1464;44,9;43,79882429446574;1,10117570553426;37;Bajo (0-100 min);0
L;304,3;313,3;1775;24,9;28,73613897961586;-3,8361389796158605;39;Bajo (0-100 min);0
M;304,3;313,4;1482;43,8;42,91306359277494;0,8869364072250576;41;Bajo (0-100 min);0
M;304,2;313,4;1411;54,8;46,337959074973845;8,462040925026152;44;Bajo (0-100 min);0
L;304,2;313,3;1410;51,6;46,3952935677038;5,204706432296199;47;Bajo (0-100 min);0
M;304,1;313,3;1494;39,0;42,31450305156274;-3,3145030515627383;49;Bajo (0-100 min);0
H;304,1;313,2;1590;43,4;37,67426046337035;5,725739536629646;52;Bajo (0-100 min);0
L;304,1;313,1;1327;54,1;50,418392727169206;3,681607272830796;57;Bajo (0-100 min);0
L;304,1;313,1;1969;20,8;19,325709249229774;1,4742907507702263;59;Bajo (0-100 min);0
M;304,0;313,0;1377;56,0;47,99383308906144;8,00616691093856;61;Bajo (0-100 min);0
L;304,0;313,0;1541;45,9;40,04928300263643;5,85071699736357;64;Bajo (0-100 min);0
M;304,0;313,0;1685;28,2;33,07405711541176;-4,8740571154117625;66;Bajo (0-100 min);0
L;304,0;313,1;1465;41,0;43,71494015525827;-2,714940155258269;69;Bajo (0-100 min);0
M;303,9;313,1;1483;47,2;42,8304391993324;4,3695608006676;71;Bajo (0-100 min);0
M;303,9;313,2;1570;40,7;38,60373292120818;2,0962670787918256;74;Bajo (0-100 min);0
L;303,9;313,2;1345;48,2;49,4979197881728;-1,2979197881727984;77;Bajo (0-100 min);0
M;303,9;313,2;1608;40,6;36,75968696662071;3,8403130333792888;79;Bajo (0-100 min);0
M;304,0;313,3;1415;52,8;46,10427941549123;6,69572058450877;82;Bajo (0-100 min);0
M;304,1;313,5;1470;45,8;43,427411020087646;2,3725889799123507;85;Bajo (0-100 min);0
M;304,1;313,5;1428;39,9;45,459158651910094;-5,559158651910096;88;Bajo (0-100 min);0
H;304,2;313,5;1627;32,2;35,830888936907236;-3,6308889369072332;91;Bajo (0-100 min);0
L;304,2;313,4;1457;49,4;44,07115863858466;5,328841361415336;96;Bajo (0-100 min);0
L;304,2;313,4;1475;40,2;43,197940093589025;-2,9979400935890226;98;Bajo (0-100 min);0
L;304,2;313,5;1438;50,1;44,97713550348911;5,122864496510893;100;Bajo (0-100 min);0
M;304,2;313,5;1437;47,2;45,02406092279786;2,1759390772021447;102;Moderado (100-200 min);0
M;304,1;313,4;1518;42,4;41,0989653691787;1,3010346308212988;105;Moderado (100-200 min);0
M;304,1;313,5;1587;33,6;37,743974425658614;-4,143974425658612;108;Moderado (100-200 min);0
L;304,1;313,4;1399;43,7;46,85746267233167;-3,1574626723316683;111;Moderado (100-200 min);0
L;304,1;313,5;1469;44,6;43,4547947043071;1,1452052956929037;113;Moderado (100-200 min);0
L;304,1;313,4;1374;56,6;48,06517199405447;8,534828005945535;115;Moderado (100-200 min);0
L;304,0;313,3;1519;36,7;41,04139574481629;-4,341395744816289;117;Moderado (100-200 min);0
L;303,9;313,2;1540;44,4;40,0227695784067;4,377230421593296;119;Moderado (100-200 min);0
L;303,9;313,3;1394;51,6;47,0806856256319;4,519314374368101;121;Moderado (100-200 min);0
M;304,0;313,4;1389;45,8;47,32144729605484;-1,5214472960548449;123;Moderado (100-200 min);0
M;304,0;313,5;1732;26,2;30,69701181467162;-4,49701181467162;126;Moderado (100-200 min);0
L;304,1;313,6;1556;37,4;39,21831755863822;-1,8183175586382205;129;Moderado (100-200 min);0
M;304,1;313,6;1441;43,7;44,78610676377323;-1,0861067637732305;131;Moderado (100-200 min);0
L;304,1;313,6;1382;46,7;47,6411411004996;-0,9411411004995998;134;Moderado (100-200 min);0
M;304,2;313,8;1481;44,9;42,83416460348161;2,0658353965183878;136;Moderado (100-200 min);0
M;304,2;313,7;2113;18,4;12,236176495965715;6,1638235040342835;139;Moderado (100-200 min);0
L;304,2;313,8;1401;53,9;46,7039453483256;7,196054651674402;142;Moderado (100-200 min);0
L;304,1;313,6;1611;31,4;36,543468847189416;-5,143468847189418;144;Moderado (100-200 min);0
M;304,2;313,6;1512;33,4;41,34768238805096;-7,947682388050964;146;Moderado (100-200 min);0
L;304,2;313,6;1411;46,0;46,236719172187016;-0,23671917218701566;149;Moderado (100-200 min);0
M;304,2;313,6;1424;43,7;45,605643775692535;-1,905643775692532;151;Moderado (100-200 min);0
L;304,2;313,6;1469;40,0;43,42410062359494;-3,4241006235949385;154;Moderado (100-200 min);0
H;304,2;313,5;1684;29,8;33,02160270627087;-3,2216027062708683;156;Moderado (100-200 min);0
M;304,2;313,5;1532;41,3;40,37899639472719;0,9210036052728086;161;Moderado (100-200 min);0
M;304,2;313,5;1557;37,3;39,1660258366342;-1,8660258366342006;164;Moderado (100-200 min);0
M;304,3;313,5;1416;48,1;46,0034902197097;2,0965097802903045;167;Moderado (100-200 min);0
L;304,3;313,5;1802;25,4;27,30778433983352;-1,9077843398335226;170;Moderado (100-200 min);0
M;304,3;313,5;2245;15,1;5,852398172239951;9,247601827760048;172;Moderado (100-200 min);0
L;304,2;313,4;1434;42,5;45,12564031122634;-2,6256403112263413;175;Moderado (100-200 min);0
M;304,1;313,3;1725;28,3;31,03128412575453;-2,731284125754531;177;Moderado (100-200 min);0
L;304,2;313,3;1668;35,7;33,80074361401066;1,8992563859893394;180;Moderado (100-200 min);0
L;304,1;313,3;1452;43,9;44,24854200793873;-0,34854200793873247;182;Moderado (100-200 min);0
L;304,1;313,3;1415;50,0;46,038898096455775;3,9611019035442254;184;Moderado (100-200 min);0
L;304,1;313,2;1824;25,8;26,241246017287;-0,44124601728699986;186;Moderado (100-200 min);0
L;304,1;313,3;1438;45,5;44,922033192567504;0,577966807432496;188;Moderado (100-200 min);0
L;304,1;313,3;1883;24,5;23,36978976557348;1,1302102344265208;190;Moderado (100-200 min);0
L;304,2;313,4;1735;28,9;30,535845483129364;-1,6358454831293656;192;Moderado (100-200 min);0
L;304,3;313,5;1464;36,7;43,6586226538136;-6,958622653813599;194;Moderado (100-200 min);0
M;304,3;313,6;1489;40,3;42,435243022299396;-2,1352430222993988;196;Moderado (100-200 min);0
M;304,4;313,6;1510;38,9;41,42726939393755;-2,5272693939375515;199;Moderado (100-200 min);0
M;304,3;313,6;1585;32,1;37,78158493990282;-5,6815849399028195;202;Alto (>200 min);0
L;304,4;313,7;1509;35,0;41,46002771384638;-6,4600277138463795;205;Alto (>200 min);1
L;304,4;313,6;1568;39,1;38,76797830527685;0,3320216947231529;0;Bajo (0-100 min);0
M;304,3;313,5;1525;42,0;40,84878443968201;1,1512155603179934;2;Bajo (0-100 min);0
L;304,4;313,7;1607;33,5;36,86434304237219;-3,364343042372191;5;Bajo (0-100 min);0
L;304,5;313,7;1670;32,9;33,82311857179642;-0,9231185717964223;7;Bajo (0-100 min);0
L;304,4;313,6;1585;38,9;37,93792715361125;0,9620728463887502;9;Bajo (0-100 min);0
L;304,4;313,6;1569;38,4;38,711282018423454;-0,31128201842345504;11;Bajo (0-100 min);0
L;304,4;313,6;1507;43,1;41,71235384944626;1,387646150553742;13;Bajo (0-100 min);0
L;304,3;313,5;1452;41,5;44,37430354025418;-2,874303540254182;15;Bajo (0-100 min);0
L;304,3;313,5;1590;29,8;37,6896494312309;-7,889649431230897;17;Bajo (0-100 min);0
L;304,3;313,6;1409;56,0;46,442567517964164;9,557432482035836;19;Bajo (0-100 min);0
L;304,3;313,5;2643;12,7;-13,308704063894716;26,008704063894715;21;Bajo (0-100 min);0
L;304,2;313,4;1644;31,7;35,06987206393073;-3,369872063930732;23;Bajo (0-100 min);0
L;304,2;313,4;1568;37,6;38,74894471075677;-1,1489447107567656;25;Bajo (0-100 min);0
H;304,2;313,3;1625;37,3;35,9981702860691;1,3018297139308999;27;Bajo (0-100 min);0
L;304,2;313,4;1482;41,4;42,90854562860639;-1,5085456286063916;32;Bajo (0-100 min);0
H;304,1;313,3;1397;49,6;47,023354210421225;2,5766457895787767;34;Bajo (0-100 min);0
L;304,1;313,3;1459;50,3;44,017021143028224;6,2829788569717735;39;Bajo (0-100 min);0
L;304,2;313,4;1490;44,0;42,514352144242864;1,4856478557571364;41;Bajo (0-100 min);0
L;304,1;313,2;1434;50,1;45,23589114336798;4,864108856632022;43;Bajo (0-100 min);0
M;304,1;313,2;2028;18,9;16,467781891039618;2,432218108960381;45;Bajo (0-100 min);0
L;304,2;313,3;1464;45,9;43,779395958695616;2,1206040413043823;48;Bajo (0-100 min);0
M;304,2;313,4;1713;23,5;31,7080032743298;-8,208003274329801;50;Bajo (0-100 min);0
M;304,3;313,4;1624;32,1;36,027178912993314;-3,9271789129933126;53;Bajo (0-100 min);0
L;304,2;313,4;1421;43,4;45,84465351562264;-2,4446535156226403;56;Bajo (0-100 min);0
H;304,2;313,5;1546;41,4;39,778410914085384;1,6215890859146143;58;Bajo (0-100 min);0
L;304,2;313,4;1639;32,7;35,281951004602206;-2,581951004602203;63;Bajo (0-100 min);0
H;304,1;313,4;1696;29,6;32,50873349036736;-2,9087334903673607;65;Bajo (0-100 min);0
L;304,1;313,3;1470;39,9;43,46100645525769;-3,56100645525769;70;Bajo (0-100 min);0
M;304,1;313,3;1480;38,4;42,9752169478639;-4,5752169478639;72;Bajo (0-100 min);0
M;304,2;313,4;1329;54,5;50,28580694932474;4,214193050675263;75;Bajo (0-100 min);0
L;304,2;313,4;1740;28,2;30,379385326942803;-2,1793853269428034;78;Bajo (0-100 min);0
M;304,2;313,5;1739;28,1;30,41515006763459;-2,315150067634587;80;Bajo (0-100 min);0
M;304,2;313,5;1390;47,8;47,31448701742779;0,4855129825722102;83;Bajo (0-100 min);0
L;304,2;313,4;1740;23,7;30,37337248537687;-6,67337248537687;86;Bajo (0-100 min);0
M;304,0;313,3;1844;27,1;25,323887642917917;1,7761123570820843;88;Bajo (0-100 min);0
H;304,0;313,1;1388;53,2;47,42740932786969;5,772590672130313;91;Bajo (0-100 min);0
H;304,0;313,2;1517;43,1;41,1651973919443;1,9348026080557048;96;Bajo (0-100 min);0
M;304,0;313,1;1450;42,8;44,417318234497984;-1,6173182344979864;101;Moderado (100-200 min);0
L;304,0;313,2;1584;38,7;37,914466360462924;0,7855336395370784;104;Moderado (100-200 min);0
L;304,0;313,1;1720;28,7;31,33783018945705;-2,637830189457052;106;Moderado (100-200 min);0
L;303,9;313,1;1586;31,9;37,81448094796622;-5,914480947966219;108;Moderado (100-200 min);0
M;303,9;313,0;1901;22,5;22,569120060619102;-0,06912006061910247;110;Moderado (100-200 min);0
L;304,0;313,0;1397;42,4;46,98617702487825;-4,586177024878253;113;Moderado (100-200 min);0
L;304,0;313,0;2012;21,1;17,201066548845045;3,8989334511549565;115;Moderado (100-200 min);0
L;304,0;313,0;2354;15,0;0,6369719809747494;14,36302801902525;117;Moderado (100-200 min);0
L;304,0;313,1;1648;35,7;34,814920660328994;0,8850793396710088;119;Moderado (100-200 min);0
L;304,0;313,2;1632;30,6;35,577114846524246;-4,977114846524245;121;Moderado (100-200 min);0
M;304,1;313,2;1427;46,9;45,51476313561023;1,3852368643897677;123;Moderado (100-200 min);0
L;304,1;313,2;1452;48,0;44,30179257751725;3,698207422482753;126;Moderado (100-200 min);0
L;304,0;313,2;1416;46,0;46,03243762540383;-0,032437625403829884;128;Moderado (100-200 min);0
L;303,9;313,1;1310;62,9;51,164247430923496;11,735752569076503;130;Moderado (100-200 min);0
H;304,0;313,1;1408;39,8;46,42802092083966;-6,62802092083966;132;Moderado (100-200 min);0
M;303,9;313,1;1668;34,4;33,8215367618708;0,5784632381291956;137;Moderado (100-200 min);0
L;303,9;313,0;1551;36,8;39,4965922998275;-2,6965922998275005;140;Moderado (100-200 min);0
H;303,9;313,0;1517;36,0;41,14166249924385;-5,14166249924385;142;Moderado (100-200 min);0
H;303,8;312,9;1570;35,8;38,57106536683966;-2,7710653668396645;147;Moderado (100-200 min);0
L;303,8;312,8;1428;53,3;45,45533343691063;7,844666563089369;152;Moderado (100-200 min);0
L;303,8;312,8;1503;40,0;41,821682999001865;-1,8216829990018653;154;Moderado (100-200 min);0
L;303,8;312,8;1416;58,7;46,033470572530426;12,666529427469577;156;Moderado (100-200 min);0
M;303,7;312,7;1396;47,3;47,00041822383029;0,2995817761697097;158;Moderado (100-200 min);0
L;303,7;312,7;1335;51,1;49,952309819957115;1,1476901800428863;161;Moderado (100-200 min);0
M;303,7;312,6;1671;30,5;33,68994770890516;-3,1899477089051587;163;Moderado (100-200 min);0
L;303,7;312,7;1989;22,4;18,276227970027698;4,123772029972301;166;Moderado (100-200 min);0
L;303,7;312,7;1468;43,3;43,506040833456275;-0,206040833456278;168;Moderado (100-200 min);0
H;303,7;312,6;1711;27,6;31,747541284525745;-4,147541284525744;170;Moderado (100-200 min);0
M;303,8;312,7;1488;41,3;42,5434894140117;-1,2434894140117052;175;Moderado (100-200 min);0
L;303,8;312,7;1664;29,3;34,01779577118391;-4,717795771183912;178;Moderado (100-200 min);0
M;303,8;312,7;1507;38,5;41,61958742372861;-3,1195874237286105;180;Moderado (100-200 min);0
L;303,7;312,6;1466;42,5;43,60278469353756;-1,1027846935375578;183;Moderado (100-200 min);0
L;303,7;312,5;1433;53,6;45,21058694187064;8,389413058129364;185;Moderado (100-200 min);0
L;303,7;312,5;1397;45,7;46,95251440068745;-1,2525144006874456;187;Moderado (100-200 min);0
M;303,7;312,6;1429;43,3;45,390134361271635;-2,0901343612716374;189;Moderado (100-200 min);0
L;303,7;312,7;1572;37,2;38,4514248199345;-1,251424819934499;192;Moderado (100-200 min);0
M;303,7;312,7;1532;42,7;40,38706679755223;2,3129332024477733;194;Moderado (100-200 min);0
M;303,7;312,7;1316;51,8;50,84539599721478;0,9546040027852172;197;Moderado (100-200 min);0
M;303,8;312,8;1420;47,9;45,80668542511686;2,093314574883138;200;Moderado (100-200 min);0
L;303,8;312,9;1589;37,2;37,60883151157373;-0,4088315115737302;203;Alto (>200 min);0
L;303,8;313,0;1365;59,9;48,44418067541691;11,45581932458309;205;Alto (>200 min);1
L;303,8;313,0;1633;32,9;35,463804705363664;-2,5638047053636654;207;Alto (>200 min);0
L;303,9;313,0;1626;31,4;35,81258431380402;-4,412584313804018;209;Alto (>200 min);0
L;303,9;313,1;1665;29,6;34,06979256278815;-4,46979256278815;0;Bajo (0-100 min);0
M;303,9;313,2;1350;47,2;49,3121470293523;-2,1121470293523004;2;Bajo (0-100 min);0
L;303,9;313,2;1590;31,9;37,687021085709766;-5,7870210857097675;5;Bajo (0-100 min);0
M;304,0;313,2;1437;53,9;45,10638063038377;8,79361936961623;7;Bajo (0-100 min);0
L;303,9;313,0;1403;48,3;46,76173817090807;1,5382618290919297;10;Bajo (0-100 min);0
L;303,9;313,1;1440;41,1;44,95721498299109;-3,8572149829910884;12;Bajo (0-100 min);0
M;303,9;313,1;1343;61,4;49,653288853521964;11,746711146478034;14;Bajo (0-100 min);0
H;303,9;313,1;1790;26,7;28,00343656193173;-1,3034365619317292;17;Bajo (0-100 min);0
M;303,8;313,1;2117;18,6;12,152234213047443;6,447765786952559;22;Bajo (0-100 min);0
L;303,8;313,1;1458;42,2;44,064446369912076;-1,8644463699120735;25;Bajo (0-100 min);0
L;303,6;312,9;1381;57,8;47,7917041818118;10,008295818188195;27;Bajo (0-100 min);0
L;303,6;312,9;1450;45,3;44,44862552210442;0,8513744778955754;29;Bajo (0-100 min);0
L;303,7;312,9;1461;50,1;43,92568979594063;6,174310204059374;31;Bajo (0-100 min);0
M;303,7;312,9;1511;41,0;41,50275510053762;-0,5027551005376196;33;Bajo (0-100 min);0
L;303,8;313,1;1394;45,4;47,15561101357366;-1,7556110135736631;36;Bajo (0-100 min);0
L;303,8;313,0;1499;42,3;42,08026236327494;0,21973763672505697;38;Bajo (0-100 min);0
L;303,7;313,0;1457;44,1;44,101479189362905;-0,00147918936290381;40;Bajo (0-100 min);0
L;303,7;313,0;1753;29,0;29,765101587703214;-0,7651015877032137;42;Bajo (0-100 min);0
L;303,7;313,0;1694;28,0;32,62088752962533;-4,620887529625328;44;Bajo (0-100 min);0
L;303,7;313,1;1683;28,4;33,14093856731942;-4,740938567319418;46;Bajo (0-100 min);0
L;303,7;313,1;1496;47,4;42,195589110871026;5,204410889128972;48;Bajo (0-100 min);0
L;303,7;313,1;1721;34,8;31,297644217927694;3,5023557820723035;50;Bajo (0-100 min);0
L;303,6;313,0;1593;31,6;37,49488387685244;-5,89488387685244;52;Bajo (0-100 min);0
L;303,6;313,0;1575;38,3;38,365096001065105;-0,0650960010651076;54;Bajo (0-100 min);0
L;303,5;313,0;1465;41,0;43,67945964676874;-2,6794596467687413;56;Bajo (0-100 min);0
L;303,6;313,1;1405;38,3;46,58379595070435;-8,283795950704352;58;Bajo (0-100 min);0
M;303,5;313,0;1902;21,6;22,51314204698507;-0,9131420469850688;60;Bajo (0-100 min);0
M;303,4;312,9;1422;39,9;45,75650775519519;-5,856507755195189;63;Bajo (0-100 min);0
L;303,5;312,9;1332;52,9;50,12411202355893;2,7758879764410693;66;Bajo (0-100 min);0
M;303,4;312,9;1307;54,3;51,32204214474298;2,977957855257017;68;Bajo (0-100 min);0
L;303,5;313,0;1322;59,5;50,59347961596556;8,906520384034437;71;Bajo (0-100 min);0
L;303,5;313,0;1547;40,3;39,69553472302223;0,6044652769777699;73;Bajo (0-100 min);0
L;303,5;313,1;1897;23,6;22,73285043893313;0,8671495610668707;75;Bajo (0-100 min);0
M;303,5;313,0;1403;51,9;46,666250979072444;5,233749020927554;77;Bajo (0-100 min);0
L;303,5;313,0;1393;51,6;47,14828246048752;4,4517175395124795;80;Bajo (0-100 min);0
L;303,5;313,0;1482;38,5;42,83663120677553;-4,336631206775529;82;Bajo (0-100 min);0
M;303,5;312,9;1572;44,7;38,48771200198027;6,2122879980197325;84;Bajo (0-100 min);0
L;303,5;312,9;1544;36,9;39,841458817999495;-2,9414588179994965;87;Bajo (0-100 min);0
M;303,5;313,0;1492;46,1;42,347083673403034;3,752916326596967;89;Bajo (0-100 min);0
L;303,4;312,8;1513;35,8;41,33886658041465;-5,5388665804146555;92;Bajo (0-100 min);0
L;303,4;312,8;1449;43,9;44,43679567083792;-0,5367956708379182;94;Bajo (0-100 min);0
L;303,5;312,8;1877;22,3;23,719121359678034;-1,4191213596780337;96;Bajo (0-100 min);0
L;303,4;312,8;1376;53,4;47,96907921817177;5,4309207818282275;98;Bajo (0-100 min);0
M;303,5;312,9;1883;23,3;23,414382482076732;-0,1143824820767314;100;Bajo (0-100 min);0
M;303,4;312,8;1518;38,7;41,08845577476034;-2,388455774760338;103;Moderado (100-200 min);0
M;303,5;312,9;1438;42,8;44,96061306750482;-2,1606130675048263;106;Moderado (100-200 min);0
L;303,4;312,9;1389;54,1;47,32007869629866;6,779921303701343;109;Moderado (100-200 min);0
L;303,5;312,9;1504;44,8;41,760565481310906;3,0394345186890916;111;Moderado (100-200 min);0
L;303,5;312,9;1275;64,4;52,849218472272184;11,550781527727821;113;Moderado (100-200 min);0
L;303,6;313,0;1534;39,7;40,30482190183429;-0,6048219018342849;115;Moderado (100-200 min);0
M;303,6;313,0;1396;38,2;46,986469590074606;-8,786469590074603;117;Moderado (100-200 min);0
L;303,6;313,1;1395;44,1;47,02148272557065;-2,921482725570648;120;Moderado (100-200 min);0
L;303,6;313,0;1617;30,9;36,27998440034497;-5,3799844003449735;122;Moderado (100-200 min);0
L;303,7;313,1;1423;41,2;45,67375708411146;-4,473757084111455;124;Moderado (100-200 min);0
L;303,5;313,0;1606;34,0;36,79841049533431;-2,798410495334309;126;Moderado (100-200 min);0
L;303,5;312,9;1501;44,0;41,893074082083984;2,1069259179160156;128;Moderado (100-200 min);0
M;303,5;312,9;1618;30,4;36,22542119676554;-5,825421196765539;130;Moderado (100-200 min);0
L;303,6;313,0;1522;35,8;40,8724365647137;-5,072436564713705;133;Moderado (100-200 min);0
L;303,6;312,9;1480;41,4;42,916096480348855;-1,5160964803488568;135;Moderado (100-200 min);0
M;303,7;313,0;1469;39,9;43,44742992897317;-3,547429928973173;137;Moderado (100-200 min);0
H;303,8;313,2;1381;52,4;47,695855580702535;4,704144419297464;140;Moderado (100-200 min);0
L;303,8;313,2;1525;41,9;40,71837487789064;1,1816251221093594;145;Moderado (100-200 min);0
M;303,8;313,2;1732;29,6;30,692145319551457;-1,0921453195514559;147;Moderado (100-200 min);0
L;303,8;313,1;1523;39,8;40,822634789929346;-1,0226347899293486;150;Moderado (100-200 min);0
L;303,8;313,1;1422;42,4;45,71242317926114;-3,3124231792611383;152;Moderado (100-200 min);0
H;303,8;313,2;1506;46,9;41,63175439543334;5,268245604566658;154;Moderado (100-200 min);0
L;303,8;313,2;1531;39,4;40,41728062694887;-1,0172806269488746;159;Moderado (100-200 min);0
M;303,9;313,3;1507;34,3;41,57818626167618;-7,278186261676183;161;Moderado (100-200 min);0
L;303,9;313,3;1526;40,7;40,65578748178458;0,04421251821542427;164;Moderado (100-200 min);0
L;303,8;313,3;1406;52,1;46,45443742449052;5,64556257550948;166;Moderado (100-200 min);0
M;303,9;313,3;1567;35,0;38,66720724329216;-3,667207243292161;168;Moderado (100-200 min);0
M;303,9;313,4;1464;49,1;43,64194060821171;5,458059391788289;171;Moderado (100-200 min);0
L;303,9;313,4;1442;48,5;44,70511564602956;3,7948843539704384;174;Moderado (100-200 min);0
L;303,8;313,2;1336;47,8;49,848086130166195;-2,0480861301661974;176;Moderado (100-200 min);0
H;303,8;313,2;1379;50,2;47,7641518426648;2,435848157335201;178;Moderado (100-200 min);0
L;303,7;313,1;1406;48,6;46,452699082466594;2,147300917533407;183;Moderado (100-200 min);0
M;303,7;313,1;2130;18,1;11,388867969108269;6,711132030891733;185;Moderado (100-200 min);0
L;303,7;313,1;1355;49,1;48,91880117119964;0,18119882880036187;188;Moderado (100-200 min);0
M;303,8;313,2;1710;26,5;31,725256149539625;-5,225256149539625;190;Moderado (100-200 min);0
L;303,8;313,1;1309;55,8;51,154042522361756;4,645957477638241;193;Moderado (100-200 min);0
L;303,9;313,1;1491;37,2;42,34981111745856;-5,149811117458555;195;Moderado (100-200 min);0
L;303,9;313,2;1481;44,1;42,82143352545242;1,2785664745475813;197;Moderado (100-200 min);0
L;303,9;313,1;1425;49,3;45,5430942568908;3,7569057431092006;199;Moderado (100-200 min);0
H;303,9;313,2;1680;29,1;33,181129794323596;-4,081129794323594;201;Alto (>200 min);0
H;304,0;313,2;1612;31,7;36,48180099889078;-4,781800998890784;206;Alto (>200 min);0
L;304,0;313,3;1530;34,8;40,43802992971401;-5,6380299297140155;211;Alto (>200 min);0
L;304,0;313,2;1481;42,6;42,82069025325078;-0,22069025325077973;213;Alto (>200 min);0
M;303,9;313,2;1422;48,0;45,66519378424266;2,3348062157573395;215;Alto (>200 min);1
L;303,8;313,0;1427;43,0;45,595684699129734;-2,595684699129734;0;Bajo (0-100 min);0
H;303,7;312,9;1460;49,8;43,99591497631737;5,8040850236826245;2;Bajo (0-100 min);0
L;303,6;312,9;1873;23,5;23,97985047321327;-0,47985047321326846;7;Bajo (0-100 min);0
M;303,7;312,9;1566;32,6;38,85721899172275;-6,257218991722752;9;Bajo (0-100 min);0
L;303,6;312,8;1701;30,8;32,31697743429115;-1,516977434291146;12;Bajo (0-100 min);0
L;303,6;312,8;1710;27,2;31,879616556597593;-4,679616556597594;14;Bajo (0-100 min);0
M;303,6;312,8;1689;33,1;32,895114569910945;0,2048854300890568;16;Bajo (0-100 min);0
L;303,6;312,7;1637;32,9;35,422309177352666;-2,5223091773526676;19;Bajo (0-100 min);0
L;303,5;312,6;1496;39,0;42,24912102238039;-3,2491210223803932;21;Bajo (0-100 min);0
M;303,5;312,7;1402;47,0;46,78874832519362;0,21125167480637685;23;Bajo (0-100 min);0
L;303,4;312,7;1363;45,5;48,66392765698515;-3,1639276569851518;26;Bajo (0-100 min);0
M;303,4;312,7;1576;49,9;38,34712632044459;11,552873679555411;28;Bajo (0-100 min);0
M;303,4;312,7;1357;55,3;48,95074140920782;6,349258590792175;31;Bajo (0-100 min);0
M;303,4;312,7;1399;48,4;46,91448414621092;1,4855158537890816;34;Bajo (0-100 min);0
M;303,4;312,8;1526;30,8;40,750632680077466;-9,950632680077465;37;Bajo (0-100 min);0
L;303,5;312,7;1694;27,3;32,63481116439872;-5,334811164398719;40;Bajo (0-100 min);0
M;303,5;312,7;1420;49,1;45,90275249187037;3,197247508129628;42;Bajo (0-100 min);0
M;303,5;312,7;2116;16,7;12,194171404922763;4,5058285950772365;45;Bajo (0-100 min);0
M;303,7;312,9;1406;41,9;46,57648714112568;-4,676487141125683;48;Bajo (0-100 min);0
L;303,7;313,0;1456;45,5;44,141640161909976;1,3583598380900241;51;Bajo (0-100 min);0
L;303,6;312,9;1588;31,9;37,74743609877481;-5,847436098774814;53;Bajo (0-100 min);0
L;303,7;312,8;1448;44,5;44,54838413596276;-0,04838413596276325;55;Bajo (0-100 min);0
H;303,6;312,7;1403;46,2;46,726047529768394;-0,5260475297683911;57;Bajo (0-100 min);0
M;303,5;312,6;1405;51,6;46,62531051207594;4,97468948792406;62;Bajo (0-100 min);0
M;303,4;312,6;2706;9,8;-16,39387395444131;26,19387395444131;65;Bajo (0-100 min);1
M;303,3;312,4;1505;38,9;41,777694446251914;-2,8776944462519154;68;Bajo (0-100 min);0
L;303,2;312,4;1663;33,7;34,11243372709805;-0,4124337270980476;71;Bajo (0-100 min);0
M;303,3;312,6;1482;44,4;42,865473546144585;1,5345264538554133;73;Bajo (0-100 min);0
M;303,3;312,5;1674;32,7;33,576082506730074;-0,8760825067300715;76;Bajo (0-100 min);0
M;303,4;312,7;1594;32,8;37,4370791208576;-4,637079120857599;79;Bajo (0-100 min);0
L;303,5;312,7;1393;49,3;47,18026128594691;2,119738714053085;82;Bajo (0-100 min);0
H;303,5;312,8;1404;55,8;46,63488247023594;9,16511752976406;84;Bajo (0-100 min);0
M;303,5;312,8;1375;45,7;48,03555470556391;-2,335554705563908;89;Bajo (0-100 min);0
L;303,5;312,8;1607;38,4;36,79785779952322;1,6021422004767771;92;Bajo (0-100 min);0
L;303,4;312,8;1360;50,8;48,74694371415843;2,0530562858415706;94;Bajo (0-100 min);0
L;303,5;312,8;1524;39,4;40,81442764385938;-1,4144276438593835;96;Bajo (0-100 min);0
L;303,4;312,7;1534;35,5;40,328516404152325;-4,8285164041523245;98;Bajo (0-100 min);0
L;303,3;312,7;1262;63,8;53,48831806129329;10,311681938706705;100;Bajo (0-100 min);0
L;303,3;312,6;1623;34,6;36,01524020773557;-1,4152402077355717;102;Moderado (100-200 min);0
M;303,3;312,7;1642;33,6;35,08243235442276;-1,4824323544227553;104;Moderado (100-200 min);0
M;303,4;312,8;1622;35,1;36,0488718651534;-0,9488718651534;107;Moderado (100-200 min);0
M;303,5;312,9;1530;34,5;40,502172714300656;-6,002172714300656;110;Moderado (100-200 min);0
M;303,4;312,8;1590;36,3;37,59407838438633;-1,2940783843863315;113;Moderado (100-200 min);0
L;303,4;312,7;1589;34,0;37,65141287711629;-3,651412877116293;116;Moderado (100-200 min);0
L;303,4;312,6;1462;37,5;43,811506317271025;-6,311506317271025;118;Moderado (100-200 min);0
H;303,3;312,5;1328;49,8;50,29931775439716;-0,4993177543971612;120;Moderado (100-200 min);0
H;303,3;312,6;1692;29,0;32,65637783891761;-3,6563778389176065;125;Moderado (100-200 min);0
L;303,3;312,5;1968;20,6;19,29747869429226;1,3025213057077423;130;Moderado (100-200 min);0
H;303,3;312,6;1827;24,2;26,113251593016308;-1,9132515930163088;132;Moderado (100-200 min);0
M;303,3;312,6;1397;47,1;46,93380433813669;0,1661956618633127;137;Moderado (100-200 min);0
L;303,3;312,6;1463;44,0;43,73525996233425;0,26474003766575294;140;Moderado (100-200 min);0
L;303,3;312,7;1643;30,7;35,00544272728433;-4,305442727284333;142;Moderado (100-200 min);0
L;303,2;312,6;1281;57,0;52,53498173606299;4,4650182639370115;144;Moderado (100-200 min);0
L;303,2;312,5;1518;39,9;41,067053965333855;-1,1670539653338565;146;Moderado (100-200 min);0
L;303,2;312,6;1601;35,3;37,034813811206284;-1,734813811206287;148;Moderado (100-200 min);0
L;303,1;312,6;1548;36,4;39,58874556399679;-3,1887455639967897;150;Moderado (100-200 min);0
H;303,1;312,6;1404;40,6;46,56096503043849;-5,960965030438487;152;Moderado (100-200 min);0
M;303,1;312,5;1766;26,7;29,037203731593323;-2,3372037315933234;157;Moderado (100-200 min);0
M;303,1;312,5;1667;30,0;33,82938325632891;-3,82938325632891;160;Moderado (100-200 min);0
H;303,0;312,5;1507;37,9;41,564426781848326;-3,664426781848327;163;Moderado (100-200 min);0
H;303,0;312,4;1627;37,1;35,76039387045892;1,3396061295410817;168;Moderado (100-200 min);0
L;302,9;312,3;1435;47,7;45,05481101461118;2,6451889853888204;173;Moderado (100-200 min);0
H;302,9;312,3;1509;46,8;41,469589206402645;5,330410793597352;175;Moderado (100-200 min);0
M;302,9;312,3;1809;25,0;26,9372422703548;-1,9372422703548011;180;Moderado (100-200 min);0
L;302,9;312,3;1515;40,8;41,17300458663532;-0,3730045866353251;183;Moderado (100-200 min);0
L;302,9;312,3;1530;34,9;40,44507193074038;-5,545071930740384;185;Moderado (100-200 min);0
H;302,8;312,3;1336;57,5;49,82744047126339;7,672559528736613;187;Moderado (100-200 min);0
L;302,9;312,4;2030;19,1;16,21433516563802;2,8856648343619824;192;Moderado (100-200 min);0
L;302,9;312,4;1550;36,9;39,458574211357146;-2,558574211357147;194;Moderado (100-200 min);0
L;302,9;312,4;1446;41,7;44,49364848978963;-2,793648489789625;196;Moderado (100-200 min);0
L;302,8;312,3;1494;37,5;42,16744932147381;-4,667449321473811;198;Moderado (100-200 min);0
L;302,8;312,4;1651;27,0;34,55149056952919;-7,551490569529193;200;Moderado (100-200 min);0
L;302,9;312,4;1698;33,8;32,285124174157104;1,5148758258428927;202;Alto (>200 min);0
L;302,8;312,3;1504;40,3;41,678653393297054;-1,378653393297057;204;Alto (>200 min);0
M;302,9;312,4;1421;46,0;45,696848180337966;0,30315181966203397;206;Alto (>200 min);0
H;302,9;312,3;1754;26,9;29,57902035319096;-2,6790203531909604;209;Alto (>200 min);0
L;302,9;312,2;1469;42,0;43,38858247039489;-1,388582470394887;214;Alto (>200 min);0
L;302,8;312,2;1433;50,0;45,11922751828147;4,88077248171853;216;Alto (>200 min);0
M;302,8;312,3;1432;49,0;45,15499225897326;3,845007741026741;218;Alto (>200 min);0
L;302,8;312,3;1366;49,1;48,34902700360124;0,7509729963987581;221;Alto (>200 min);0
H;302,8;312,3;1483;47,2;42,6813741182828;4,518625881717206;223;Alto (>200 min);0
L;302,7;312,2;1572;34,4;38,36734631667031;-3,9673463166703087;228;Alto (>200 min);0
L;302,8;312,2;1481;40,2;42,78413081993003;-2,5841308199300244;230;Alto (>200 min);0
L;302,8;312,3;1473;42,6;43,158895968523424;-0,5588959685234229;232;Alto (>200 min);0
M;302,8;312,3;1262;70,5;53,375833624880556;17,124166375119444;234;Alto (>200 min);1
L;302,8;312,4;1529;36,8;40,43197400071485;-3,6319740007148553;237;Alto (>200 min);0
L;302,8;312,4;1523;39,7;40,72104256852475;-1,0210425685247486;239;Alto (>200 min);0
M;302,8;312,3;1416;42,7;45,91256341467488;-3,212563414674875;241;Alto (>200 min);0
L;302,9;312,4;1923;23,9;21,35711507338409;2,5428849266159084;244;Alto (>200 min);0
H;302,8;312,4;1411;53,8;46,13978785858037;7,660212141419628;246;Alto (>200 min);1
L;302,7;312,4;1477;46,3;42,92845786145622;3,3715421385437807;251;Alto (>200 min);1
M;302,6;312,3;1454;54,8;44,04069140185677;10,759308598143228;253;Alto (>200 min);1
L;302,7;312,3;1421;48,5;45,84027470741732;2,659725292582678;0;Bajo (0-100 min);0
L;302,7;312,3;1858;25,4;24,675460318025138;0,7245396819748606;2;Bajo (0-100 min);0
H;302,8;312,5;1422;46,1;45,77780071063044;0,3221992893695642;4;Bajo (0-100 min);0
L;302,7;312,4;1444;48,7;44,708491098933386;3,9915089010666165;9;Bajo (0-100 min);0
L;302,7;312,4;1360;47,8;48,774992783361256;-0,9749927833612588;11;Bajo (0-100 min);0
L;302,7;312,4;1954;24,8;20,006883531032898;4,793116468967103;13;Bajo (0-100 min);0
L;302,6;312,4;1628;33,0;35,78183119198631;-2,7818311919863135;15;Bajo (0-100 min);0
L;302,7;312,4;1433;44,2;45,235193184069985;-1,035193184069982;17;Bajo (0-100 min);0
M;302,7;312,5;1417;51,5;45,99738737026523;5,50261262973477;19;Bajo (0-100 min);0
L;302,8;312,6;1462;39,4;43,8159659504809;-4,415965950480903;22;Bajo (0-100 min);0
L;302,9;312,6;1328;59,9;50,31518153085052;9,584818469149475;24;Bajo (0-100 min);0
H;302,7;312,5;1527;36,4;40,66497686686969;-4,264976866869688;26;Bajo (0-100 min);0
L;302,6;312,3;1534;34,3;40,33325737929306;-6,033257379293062;31;Bajo (0-100 min);0
M;302,6;312,4;1410;50,3;46,32574357311319;3,9742564268868037;33;Bajo (0-100 min);0
L;302,6;312,3;1660;30,3;34,22749201108531;-3,9274920110853095;36;Bajo (0-100 min);0
L;302,6;312,4;1386;45,8;47,48427265994001;-1,6842726599400137;38;Bajo (0-100 min);0
L;302,6;312,4;1398;41,6;46,90162589314576;-5,301625893145761;40;Bajo (0-100 min);0
L;302,6;312,3;1321;53,4;50,64028784828898;2,759712151711021;42;Bajo (0-100 min);0
L;302,6;312,3;1512;34,2;41,38891636515348;-7,188916365153474;44;Bajo (0-100 min);0
M;302,6;312,3;1566;36,6;38,77226715094955;-2,1722671509495513;46;Bajo (0-100 min);0
M;302,7;312,4;1422;44,5;45,743856744508776;-1,2438567445087756;49;Bajo (0-100 min);0
L;302,6;312,3;1647;31,8;34,845038514056434;-3,045038514056433;52;Bajo (0-100 min);0
L;302,6;312,2;1377;45,5;47,93042600134413;-2,430426001344131;54;Bajo (0-100 min);0
L;302,5;312,2;1775;27,9;28,6430457593307;-0,7430457593307018;56;Bajo (0-100 min);0
L;302,6;312,3;1554;42,0;39,34439144500341;2,65560855499659;58;Bajo (0-100 min);0
L;302,7;312,4;1423;51,9;45,68716045765539;6,212839542344611;60;Bajo (0-100 min);0
L;302,7;312,4;1453;47,3;44,23279835625699;3,0672016437430045;62;Bajo (0-100 min);0
L;302,8;312,4;1590;34,4;37,60785528786416;-3,207855287864163;64;Bajo (0-100 min);0
L;302,8;312,5;1694;28,4;32,55861391003175;-4,158613910031754;66;Bajo (0-100 min);0
L;302,8;312,5;1462;43,4;43,79255279009373;-0,3925527900937311;68;Bajo (0-100 min);0
L;302,8;312,4;1392;46,2;47,192214337335336;-0,9922143373353336;70;Bajo (0-100 min);0
L;302,9;312,5;1550;45,5;39,53910936662071;5,960890633379293;72;Bajo (0-100 min);0
L;302,9;312,5;1629;30,4;35,71174440991102;-5,311744409911022;74;Bajo (0-100 min);0
M;303,0;312,5;1524;42,1;40,80652972897396;1,2934702710260382;76;Bajo (0-100 min);0
M;302,9;312,5;1679;30,9;33,286554898920784;-2,386554898920785;79;Bajo (0-100 min);0
M;302,9;312,6;1394;46,4;47,07529886928228;-0,6752988692822797;82;Bajo (0-100 min);0
L;302,9;312,5;1683;32,1;33,08833074894541;-0,9883307489454083;85;Bajo (0-100 min);0
L;303,0;312,5;1626;30,5;35,858541842397294;-5,358541842397294;87;Bajo (0-100 min);0
H;303,0;312,5;1698;30,0;32,37017729358922;-2,3701772935892222;89;Bajo (0-100 min);0
M;303,0;312,6;1392;42,9;47,17441927726406;-4,274419277264059;94;Bajo (0-100 min);0
L;303,1;312,7;1353;51,8;49,061002752299096;2,738997247700901;97;Bajo (0-100 min);0
M;303,0;312,7;1426;46,8;45,512927162860564;1,2870728371394335;99;Bajo (0-100 min);0
L;303,0;312,7;2024;19,9;16,550351786535533;3,349648213464466;102;Moderado (100-200 min);0
M;303,0;312,8;1648;32,1;34,74685266481373;-2,6468526648137285;104;Moderado (100-200 min);0
L;303,1;312,9;1511;40,1;41,37944185047135;-1,2794418504713505;107;Moderado (100-200 min);0
L;303,1;312,8;1465;44,1;43,61681628490742;0,4831837150925793;109;Moderado (100-200 min);0
L;303,0;312,7;1551;41,8;39,45032918798285;2,349670812017145;111;Moderado (100-200 min);0
L;303,1;312,8;2329;15,1;1,7714738031253532;13,328526196874646;113;Moderado (100-200 min);0
H;303,1;312,8;1435;41,9;45,065165544739884;-3,165165544739885;115;Moderado (100-200 min);0
L;303,0;312,7;1361;48,8;48,64500438426496;0,1549956157350394;120;Moderado (100-200 min);0
M;303,0;312,7;1553;35,8;39,34520427142923;-3,5452042714292347;122;Moderado (100-200 min);0
L;303,0;312,6;1451;42,1;44,29383036388246;-2,193830363882462;125;Moderado (100-200 min);0
L;303,0;312,5;1461;40,2;43,819201535105634;-3,6192015351056313;127;Moderado (100-200 min);0
M;303,1;312,6;1895;23,5;22,799794767127405;0,7002052328725945;129;Moderado (100-200 min);0
M;303,1;312,6;1567;32,9;38,682130493215766;-5,782130493215767;132;Moderado (100-200 min);0
M;303,0;312,5;1602;33,7;36,98475190580721;-3,284751905807205;135;Moderado (100-200 min);0
L;303,1;312,6;1514;42,1;41,24433823615353;0,8556617638464701;138;Moderado (100-200 min);0
L;303,1;312,5;1453;49,1;44,208142116093065;4,891857883906937;140;Moderado (100-200 min);0
M;303,0;312,4;1526;36,1;40,671227205271485;-4,571227205271484;142;Moderado (100-200 min);0
M;302,9;312,3;1339;52,1;49,72500441131408;2,3749955886859198;145;Moderado (100-200 min);0
L;302,9;312,3;1889;22,8;23,087003260600113;-0,2870032606001125;148;Moderado (100-200 min);0
L;302,9;312,4;1561;34,8;38,958929913267255;-4,158929913267258;150;Moderado (100-200 min);0
M;302,9;312,4;1659;33,1;34,21142099225319;-1,111420992253187;152;Moderado (100-200 min);0
L;302,9;312,4;1424;49,5;45,58989415622012;3,9101058437798812;155;Moderado (100-200 min);0
M;302,9;312,3;1426;44,7;45,50269436504513;-0,8026943650451273;157;Moderado (100-200 min);0
L;302,9;312,4;1383;51,4;47,57170994795085;3,828290052049148;160;Moderado (100-200 min);0
L;302,8;312,3;1764;29,9;29,118777089458305;0,7812229105416932;162;Moderado (100-200 min);0
M;302,7;312,2;1439;42,5;44,85645679932844;-2,3564567993284413;164;Moderado (100-200 min);0
M;302,7;312,2;1585;35,5;37,78362204750758;-2,2836220475075777;167;Moderado (100-200 min);0
L;302,7;312,3;1346;61,2;49,344649051658465;11,855350948341538;170;Moderado (100-200 min);0
L;302,8;312,3;1386;57,8;47,41728306418799;10,382716935812006;172;Moderado (100-200 min);0
L;302,7;312,2;1369;51,8;48,238944826387154;3,561055173612843;174;Moderado (100-200 min);0
M;302,7;312,1;1378;46,9;47,81274462731055;-0,912744627310552;176;Moderado (100-200 min);0
L;302,7;312,2;1336;46,8;49,83333158051605;-3,0333315805160552;179;Moderado (100-200 min);0
M;302,6;312,1;1445;42,0;44,55298600048618;-2,552986000486179;181;Moderado (100-200 min);0
L;302,7;312,1;1763;26,5;29,1617093511559;-2,661709351155899;184;Moderado (100-200 min);0
L;302,7;312,2;1611;34,1;36,51019717658249;-2,4101971765824857;186;Moderado (100-200 min);0
M;302,7;312,1;1564;32,1;38,79600024071878;-6,6960002407187815;188;Moderado (100-200 min);0
H;302,7;312,1;1478;36,0;42,95860757935138;-6,95860757935138;191;Moderado (100-200 min);0
L;302,6;312,0;1781;28,5;28,280853021889584;0,21914697811041606;196;Moderado (100-200 min);0
L;302,6;312,1;1782;26,8;28,219760503180908;-1,4197605031809069;198;Moderado (100-200 min);0
M;302,6;312,1;2000;21,9;17,660816018139187;4,239183981860812;200;Moderado (100-200 min);0
M;302,5;312,0;1826;25,3;26,08502103807879;-0,7850210380787885;203;Alto (>200 min);0
L;302,6;312,1;1344;51,0;49,4254874703159;1,5745125296840996;206;Alto (>200 min);0
L;302,6;312,2;1520;43,0;40,88938475406691;2,11061524593309;208;Alto (>200 min);0
M;302,6;312,1;1611;39,9;36,49203691957141;3,407963080428587;210;Alto (>200 min);0
L;302,7;312,2;1450;52,1;44,286913218034556;7,8130867819654455;213;Alto (>200 min);1
L;302,6;312,1;1499;35,0;41,912285420018506;-6,912285420018506;215;Alto (>200 min);0
L;302,6;312,1;1288;68,5;52,29232140385166;16,20767859614834;0;Bajo (0-100 min);1
M;302,7;312,2;1350;58,6;49,28836488435916;9,31163511564084;2;Bajo (0-100 min);0
M;302,9;312,4;1334;50,9;50,06121160860216;0,8387883913978413;5;Bajo (0-100 min);0
L;302,8;312,4;1376;57,1;48,01367193467503;9,08632806532497;8;Bajo (0-100 min);0
L;302,8;312,4;1368;49,5;48,39959776188539;1,1004022381146115;10;Bajo (0-100 min);0
H;302,9;312,5;1357;55,0;48,930931210509705;6,069068789490295;12;Bajo (0-100 min);0
M;302,9;312,5;1924;24,0;21,46814014450033;2,5318598554996683;17;Bajo (0-100 min);0
M;302,9;312,5;1551;40,0;39,52976420709906;0,47023579290093664;20;Bajo (0-100 min);0
M;302,9;312,5;1903;21,2;22,48063173703072;-1,2806317370307205;23;Bajo (0-100 min);0
H;302,9;312,3;1417;48,7;46,037012312989404;2,662987687010599;26;Bajo (0-100 min);0
L;302,7;312,1;1601;35,2;37,122142957541755;-1,9221429575417517;31;Bajo (0-100 min);0
L;302,7;312,1;1543;37,5;39,929500269763636;-2,4295002697636363;33;Bajo (0-100 min);0
L;302,6;312,1;1439;52,3;44,9532921372659;7,3467078627341;35;Bajo (0-100 min);0
H;302,6;312,0;1657;29,3;34,40550833084114;-5,105508330841136;37;Bajo (0-100 min);0
L;302,8;312,2;1458;51,0;44,03929107983482;6,960708920165182;42;Bajo (0-100 min);0
L;302,8;312,2;1746;27,4;30,09034251577697;-2,6903425157769725;44;Bajo (0-100 min);0
L;302,9;312,2;1677;30,5;33,44169716563161;-2,9416971656316093;46;Bajo (0-100 min);0
L;302,8;312,1;1520;39,9;41,04336708586304;-1,1433670858630407;48;Bajo (0-100 min);0
L;302,9;312,2;1367;55,1;48,451565951920074;6,6484340480799275;50;Bajo (0-100 min);0
L;302,8;312,2;1509;36,5;41,56191491316565;-5,061914913165651;52;Bajo (0-100 min);0
L;302,8;312,1;1418;51,4;45,97857768411209;5,421422315887909;54;Bajo (0-100 min);0
L;302,8;312,1;1958;20,3;19,825614435596165;0,4743855644038355;56;Bajo (0-100 min);0
L;302,8;312,2;1682;30,9;33,17925234385133;-2,279252343851333;58;Bajo (0-100 min);0
M;302,8;312,2;1452;50,3;44,31633396451285;5,983666035487147;60;Bajo (0-100 min);0
L;302,7;312,0;1828;24,0;26,115953327942663;-2,1159533279426626;63;Bajo (0-100 min);0
H;302,7;312,0;1484;41,5;42,773898734430446;-1,2738987344304462;65;Bajo (0-100 min);0
L;302,6;312,0;1674;32,2;33,55741865447773;-1,3574186544777262;70;Bajo (0-100 min);0
L;302,6;311,9;1448;49,5;44,51194643495529;4,988053565044709;72;Bajo (0-100 min);0
M;302,5;311,8;2023;19,1;16,663859414618024;2,4361405853819775;74;Bajo (0-100 min);0
L;302,5;311,9;1452;47,4;44,30319147924543;3,0968085207545712;77;Bajo (0-100 min);0
M;302,6;312,0;1496;45,0;42,17095029435707;2,8290497056429302;79;Bajo (0-100 min);0
L;302,6;311,9;1397;46,9;46,97429049770962;-0,07429049770961882;82;Bajo (0-100 min);0
L;302,6;311,9;1453;39,1;44,260784024105234;-5,160784024105233;84;Bajo (0-100 min);0
M;302,5;311,9;1524;34,8;40,80956569406716;-6,009565694067163;86;Bajo (0-100 min);0
L;302,6;311,9;1633;30,9;35,539872652085045;-4,639872652085046;89;Bajo (0-100 min);0
M;302,6;312,0;1363;45,7;48,602938782138814;-2,9029387821388113;91;Bajo (0-100 min);0
L;302,5;311,9;1520;44,9;40,997267371302144;3,902732628697855;94;Bajo (0-100 min);0
M;302,5;311,9;1532;38,8;40,414620604507896;-1,6146206045078983;96;Bajo (0-100 min);0
L;302,4;311,8;1384;50,9;47,5796812522415;3,320318747758499;99;Bajo (0-100 min);0
M;302,4;311,8;1539;39,9;40,07174043831429;-0,17174043831429486;101;Moderado (100-200 min);0
M;302,3;311,8;1355;50,1;48,96907107663925;1,1309289233607487;104;Moderado (100-200 min);0
M;302,3;311,7;1504;37,3;41,762111114334644;-4,462111114334647;107;Moderado (100-200 min);0
L;302,4;311,8;1476;46,6;43,11597966266714;3,484020337332865;110;Moderado (100-200 min);0
L;302,4;311,7;1721;26,9;31,260622854336155;-4,360622854336157;112;Moderado (100-200 min);0
M;302,3;311,7;1494;37,1;42,241136174966755;-5,1411361749667535;114;Moderado (100-200 min);0
L;302,3;311,7;1465;43,5;43,64331162068621;-0,1433116206862124;117;Moderado (100-200 min);0
M;302,3;311,8;1363;54,0;48,57036796110127;5,429632038898731;119;Moderado (100-200 min);1
L;302,4;311,8;1648;30,0;34,77723609187859;-4,777236091878592;122;Moderado (100-200 min);0
M;302,3;311,8;1879;23,0;23,577437009803656;-0,5774370098036563;124;Moderado (100-200 min);0
H;302,3;311,7;1482;39,0;42,812508863824874;-3,812508863824874;127;Moderado (100-200 min);0
L;302,4;311,8;1493;38,4;42,27615764345689;-3,8761576434568923;132;Moderado (100-200 min);0
L;302,4;311,8;1433;42,2;45,18037221507924;-2,9803722150792353;134;Moderado (100-200 min);0
L;302,3;311,7;1400;41,6;46,7768920524821;-5,176892052482096;136;Moderado (100-200 min);0
L;302,4;311,8;1255;59,0;53,797661880937284;5,202338119062716;138;Moderado (100-200 min);0
L;302,2;311,7;1471;45,6;43,32417051205253;2,275829487947469;140;Moderado (100-200 min);0
H;302,2;311,6;1357;44,2;48,854691766104274;-4,654691766104271;142;Moderado (100-200 min);0
L;302,3;311,7;1453;41,2;44,20190702121672;-3,0019070212167165;147;Moderado (100-200 min);0
M;302,3;311,7;1540;28,9;39,987113026905185;-11,087113026905186;149;Moderado (100-200 min);0
L;302,3;311,8;1605;35,2;36,82583660218602;-1,6258366021860198;152;Moderado (100-200 min);0
H;302,3;311,9;1374;52,4;48,000186173930814;4,399813826069185;154;Moderado (100-200 min);0
M;302,3;311,9;1508;42,3;41,506991768121225;0,7930082318787726;159;Moderado (100-200 min);0
H;302,4;311,9;1366;47,3;48,39288478089694;-1,092884780896945;162;Moderado (100-200 min);0
H;302,5;312,0;1579;35,7;38,07395036108242;-2,3739503610824144;167;Moderado (100-200 min);0
L;302,5;311,9;1306;59,7;51,302368921883584;8,397631078116419;172;Moderado (100-200 min);0
M;302,5;312,0;1521;40,2;40,877549647325594;-0,6775496473255913;174;Moderado (100-200 min);0
L;302,5;312,0;1411;44,2;46,20244409876371;-2,0024440987637107;177;Moderado (100-200 min);0
H;302,5;312,0;1357;42,0;48,81608689218467;-6,816086892184671;179;Moderado (100-200 min);0
M;302,5;312,0;1436;43,5;44,986467119887756;-1,486467119887756;184;Moderado (100-200 min);0
L;302,5;311,9;1553;40,1;39,32922330799053;0,7707766920094699;187;Moderado (100-200 min);0
M;302,5;312,0;1451;43,2;44,256279648405595;-1,0562796484055923;189;Moderado (100-200 min);0
L;302,4;311,9;1541;37,9;39,895326427484356;-1,9953264274843576;192;Moderado (100-200 min);0
M;302,3;311,7;1341;46,3;49,590588103442656;-3,2905881034426585;194;Moderado (100-200 min);0
L;302,3;311,7;1648;32,1;34,72074396988468;-2,6207439698846784;197;Moderado (100-200 min);0
M;302,3;311,7;1640;31,5;35,106669797095044;-3,6066697970950443;199;Moderado (100-200 min);0
L;302,4;311,8;1416;46,1;45,952549766672696;0,1474502333273051;202;Alto (>200 min);0
L;302,4;311,9;1671;29,9;33,590585304105495;-3,690585304105497;204;Alto (>200 min);0
L;302,4;312,0;1457;45,5;43,941648170946365;1,5583518290536347;206;Alto (>200 min);0
M;302,5;312,0;1445;54,8;44,68890480860222;10,11109519139778;0;Bajo (0-100 min);0
L;302,5;312,1;1534;38,6;40,36534127107752;-1,7653412710775171;3;Bajo (0-100 min);0
L;302,4;312,0;1508;36,9;41,622860700578755;-4,722860700578757;5;Bajo (0-100 min);0
M;302,4;312,1;1492;47,7;42,385054886774;5,314945113226003;7;Bajo (0-100 min);0
L;302,4;312,0;1562;37,9;39,0039566707876;-1,1039566707876034;10;Bajo (0-100 min);0
L;302,4;312,0;1545;36,4;39,82574016530003;-3,4257401653000343;12;Bajo (0-100 min);0
L;302,5;312,2;1738;25,3;30,466472476460392;-5,166472476460392;14;Bajo (0-100 min);0
L;302,4;312,0;1305;49,1;51,445604872572375;-2,3456048725723733;16;Bajo (0-100 min);0
H;302,4;312,0;1477;39,7;43,114377353741254;-3,4143773537412514;18;Bajo (0-100 min);0
H;302,4;312,0;1457;43,4;44,079191921767155;-0,6791919217671563;23;Bajo (0-100 min);0
L;302,4;312,1;1455;40,4;44,16113047657194;-3,7611304765719424;28;Bajo (0-100 min);0
L;302,5;312,2;1574;38,7;38,39674206416631;0,30325793583369176;30;Bajo (0-100 min);0
L;302,6;312,2;1695;27,1;32,546657070977176;-5,446657070977174;32;Bajo (0-100 min);0
M;302,6;312,2;1458;38,8;44,0227390995403;-5,222739099540306;34;Bajo (0-100 min);0
M;302,5;312,1;1454;47,6;44,21407707044072;3,3859229295592783;37;Bajo (0-100 min);0
L;302,5;312,0;2052;18,9;15,262662372732656;3,6373376272673426;40;Bajo (0-100 min);0
L;302,5;312,0;1673;29,9;33,61560981872851;-3,7156098187285096;42;Bajo (0-100 min);0
L;302,4;311,9;1578;29,9;38,21470469754565;-8,31470469754565;44;Bajo (0-100 min);0
M;302,5;312,0;1642;29,1;35,113890918652686;-6,0138909186526845;46;Bajo (0-100 min);0
M;302,4;311,8;1557;31,5;39,23910857388873;-7,739108573888728;49;Bajo (0-100 min);0
L;302,5;311,9;1481;42,9;42,917551347832294;-0,017551347832295505;52;Bajo (0-100 min);0
M;302,5;311,8;1566;37,6;38,81077529153818;-1,2107752915381766;54;Bajo (0-100 min);0
M;302,5;311,9;1298;57,5;51,77623255699575;5,723767443004249;57;Bajo (0-100 min);0
M;302,5;311,9;1340;59,4;49,73997529399885;9,660024706001145;60;Bajo (0-100 min);0
L;302,5;312,0;1574;33,8;38,39426044994074;-4,594260449940741;63;Bajo (0-100 min);0
L;302,5;311,9;1437;46,7;45,03864018709778;1,6613598129022193;65;Bajo (0-100 min);0
L;302,6;311,9;1354;48,0;49,067995652755656;-1,0679956527556556;67;Bajo (0-100 min);0
L;302,6;311,9;1598;35,5;37,24990679550795;-1,7499067955079468;69;Bajo (0-100 min);0
M;302,7;312,0;1944;21,4;20,49221944115;0,9077805588499999;71;Bajo (0-100 min);0
M;302,7;312,0;1538;36,7;40,151988283856326;-3,4519882838563234;74;Bajo (0-100 min);0
L;302,7;312,0;1501;37,0;41,941592767177625;-4,9415927671776245;77;Bajo (0-100 min);0
L;302,8;312,1;1441;52,1;44,84592907111324;7,254070928886762;79;Bajo (0-100 min);0
M;302,7;312,0;1652;31,0;34,62586326165986;-3,625863261659859;81;Bajo (0-100 min);0
L;302,8;312,1;1487;36,6;42,61445407892393;-6,014454078923926;84;Bajo (0-100 min);0
L;302,9;312,2;1605;33,9;36,89849429621852;-2,9984942962185244;86;Bajo (0-100 min);0
L;302,9;312,1;1334;54,7;50,03231041320644;4,667689586793564;88;Bajo (0-100 min);0
L;302,9;312,2;1340;57,8;49,72907474599662;8,070925254003377;90;Bajo (0-100 min);0
L;302,9;312,2;1513;37,8;41,34941859746527;-3,5494185974652694;92;Bajo (0-100 min);0
L;302,9;312,2;1510;41,4;41,493201276174474;-0,09320127617447582;94;Bajo (0-100 min);0
L;302,9;312,2;1729;23,6;30,885828161432528;-7,285828161432526;96;Bajo (0-100 min);0
M;302,9;312,2;1745;25,5;30,109466875837356;-4,609466875837356;98;Bajo (0-100 min);0
M;303,1;312,3;1623;31,6;36,02690902692174;-4,4269090269217415;101;Moderado (100-200 min);0
M;303,1;312,4;1378;50,1;47,87850780927402;2,221492190725982;104;Moderado (100-200 min);0
L;303,1;312,4;1407;41,2;46,47182273238011;-5,271822732380109;107;Moderado (100-200 min);0
M;303,0;312,3;1674;29,5;33,539753659713824;-4,039753659713824;109;Moderado (100-200 min);0
L;303,0;312,3;1486;42,4;42,64208122776992;-0,2420812277699227;112;Moderado (100-200 min);0
M;303,0;312,3;1483;38,8;42,78586390647913;-3,985863906479132;114;Moderado (100-200 min);0
H;303,0;312,2;1624;28,8;35,96633298177637;-7,1663329817763675;117;Moderado (100-200 min);0
M;303,0;312,2;1257;71,3;53,73588205578223;17,56411794421777;122;Moderado (100-200 min);1
L;303,0;312,3;1480;41,4;42,92288213842666;-1,5228821384266595;125;Moderado (100-200 min);0
L;303,1;312,4;1404;61,5;46,60207651756596;14,897923482434038;127;Moderado (100-200 min);1
M;303,0;312,4;1645;29,6;34,91799113848871;-5,317991138488708;129;Moderado (100-200 min);0
L;303,0;312,3;1932;21,9;21,027880277552306;0,8721197224476924;132;Moderado (100-200 min);0
L;303,0;312,3;1533;38,5;40,349400317552764;-1,8494003175527638;134;Moderado (100-200 min);0
M;302,9;312,2;1292;54,4;52,01907513260355;2,380924867396452;136;Moderado (100-200 min);0
L;302,9;312,2;1571;40,6;38,50523263065203;2,09476736934797;139;Moderado (100-200 min);0
L;302,9;312,3;1578;36,3;38,15356833374197;-1,8535683337419755;141;Moderado (100-200 min);0
M;302,8;312,2;1469;36,9;43,430664028362344;-6,530664028362345;143;Moderado (100-200 min);0
L;302,7;312,1;1728;24,4;30,88527238810216;-6,48527238810216;146;Moderado (100-200 min);0
H;302,7;312,1;1603;32,5;36,93734789023948;-4,437347890239479;148;Moderado (100-200 min);0
L;302,7;312,1;1597;39,8;37,22416164246215;2,5758383575378474;153;Moderado (100-200 min);0
L;302,7;312,1;1688;32,0;32,8156531293497;-0,8156531293496982;155;Moderado (100-200 min);0
L;302,7;312,2;1405;51,4;46,50829144550647;4,891708554493526;157;Moderado (100-200 min);0
M;302,8;312,2;1615;32,9;36,34805840899683;-3,448058408996829;159;Moderado (100-200 min);0
L;302,8;312,2;1515;36,8;41,18866656343265;-4,3886665634326505;162;Moderado (100-200 min);0
L;302,7;312,2;1376;52,8;47,90746047044296;4,892539529557034;164;Moderado (100-200 min);0
L;302,7;312,2;1447;47,5;44,46752455133512;3,032475448664883;166;Moderado (100-200 min);0
M;302,6;312,2;1353;56,5;49,00703012183507;7,492969878164928;168;Moderado (100-200 min);0
L;302,6;312,1;1502;47,3;41,80007015953046;5,499929840469534;171;Moderado (100-200 min);0
L;302,6;312,0;1447;45,5;44,473302261268614;1,0266977387313858;173;Moderado (100-200 min);0
M;302,5;312,0;1487;46,1;42,523371451937685;3,576628548062317;175;Moderado (100-200 min);0
L;302,6;312,1;1519;38,1;40,971522218256354;-2,8715222182563522;178;Moderado (100-200 min);0
L;302,6;312,1;1668;28,7;33,75415318253054;-5,054153182530538;180;Moderado (100-200 min);0
L;302,6;312,1;1420;51,6;45,762950137796196;5,837049862203806;182;Moderado (100-200 min);0
L;302,6;312,1;1473;37,3;43,194729553292504;-5,894729553292507;184;Moderado (100-200 min);0
L;302,5;312,0;1495;38,8;42,12767475718268;-3,3276747571826846;186;Moderado (100-200 min);0
L;302,5;312,0;1574;42,0;38,30030980047299;3,699690199527012;188;Moderado (100-200 min);0
L;302,5;312,0;1383;51,3;47,54867486282552;3,751325137174476;190;Moderado (100-200 min);0
M;302,5;312,0;1591;29,4;37,47401667478611;-8,074016674786108;192;Moderado (100-200 min);0
M;302,4;311,8;1644;37,2;34,91608343139035;2,283916568609655;195;Moderado (100-200 min);0
H;302,5;311,8;2370;14,7;-0,2340741356339464;14,934074135633946;198;Moderado (100-200 min);0
L;302,5;311,9;1401;44,9;46,67834933929369;-1,7783493392936904;203;Alto (>200 min);0
M;302,5;311,9;1414;51,6;46,04727394279921;5,552726057200793;205;Alto (>200 min);0
L;302,5;312,0;1456;46,3;43,99985600118534;2,3001439988146544;208;Alto (>200 min);0
M;302,5;312,0;1447;45,7;44,43421045809593;1,26578954190407;210;Alto (>200 min);0
L;302,4;311,8;1727;26,5;30,88297827274787;-4,38297827274787;213;Alto (>200 min);0
L;302,4;311,7;1495;36,8;42,12807783142681;-5,3280778314268105;215;Alto (>200 min);0
L;302,3;311,6;1544;34,3;39,91654836088678;-5,616548360886782;0;Bajo (0-100 min);0
L;302,3;311,5;1387;47,3;47,52950069204843;-0,2295006920484326;2;Bajo (0-100 min);0
M;302,3;311,5;1316;47,2;50,96643019037331;-3,766430190373306;4;Bajo (0-100 min);0
L;302,3;311,5;1794;26,1;27,815290378075936;-1,7152903780759345;7;Bajo (0-100 min);0
M;302,2;311,4;1372;55,1;48,25054716886842;6,849452831131579;9;Bajo (0-100 min);0
M;302,3;311,5;1674;30,0;33,62296791612488;-3,6229679161248782;12;Bajo (0-100 min);0
L;302,2;311,4;1477;41,7;43,16103141916978;-1,4610314191697782;15;Bajo (0-100 min);0
L;302,2;311,4;1397;53,0;47,033818584796734;5,966181415203266;17;Bajo (0-100 min);0
L;302,2;311,5;1616;34,0;36,41528479143782;-2,41528479143782;19;Bajo (0-100 min);0
M;302,3;311,5;1530;42,3;40,58992614619638;1,710073853803614;21;Bajo (0-100 min);0
M;302,2;311,4;1539;35,1;40,15169193099381;-5,051691930993812;24;Bajo (0-100 min);0
L;302,3;311,4;1845;21,9;25,3415588380663;-3,441558838066303;27;Bajo (0-100 min);0
L;302,2;311,4;1430;43,1;45,42665454234022;-2,326654542340222;29;Bajo (0-100 min);0
L;302,2;311,4;2080;19,2;13,946542026798955;5,253457973201044;31;Bajo (0-100 min);0
M;302,2;311,4;1432;45,3;45,32679086215679;-0,02679086215679405;33;Bajo (0-100 min);0
M;302,2;311,5;1479;39,5;43,037229772041776;-3,5372297720417762;36;Bajo (0-100 min);0
L;302,2;311,5;1424;45,2;45,69854958996722;-0,49854958996721876;39;Bajo (0-100 min);0
H;302,2;311,6;1534;37,2;40,35873643393343;-3,158736433933427;41;Bajo (0-100 min);0
H;302,1;311,6;1701;26,2;32,25611483708602;-6,056114837086017;46;Bajo (0-100 min);0
L;302,2;311,6;1462;50,0;43,8380817203926;6,161918279607399;51;Bajo (0-100 min);0
M;302,2;311,7;1393;42,5;47,16699328070006;-4,666993280700062;53;Bajo (0-100 min);0
M;302,3;311,7;1453;42,5;44,270303094029245;-1,770303094029245;56;Bajo (0-100 min);0
L;302,3;311,8;1565;37,8;38,83288107339924;-1,0328810733992455;59;Bajo (0-100 min);0
L;302,3;311,8;1281;51,7;52,5851086978732;-0,8851086978731999;61;Bajo (0-100 min);0
M;302,2;311,7;1584;36,2;37,90960895599863;-1,7096089559986254;63;Bajo (0-100 min);0
M;302,2;311,7;1466;49,0;43,621932445038595;5,3780675549614045;66;Bajo (0-100 min);0
M;302,2;311,6;1386;50,5;47,505128684086756;2,994871315913244;69;Bajo (0-100 min);0
L;302,2;311,6;1383;44,3;47,648159757600226;-3,3481597576002287;72;Bajo (0-100 min);0
H;302,3;311,6;1441;53,9;44,849078435525605;9,050921564474393;74;Bajo (0-100 min);0
M;302,2;311,6;1592;37,7;37,52131491388187;0,17868508611813638;79;Bajo (0-100 min);0
H;302,2;311,6;1594;36,8;37,42220283889418;-0,6222028388941823;82;Bajo (0-100 min);0
L;302,2;311,5;1482;45,6;42,85361201795824;2,7463879820417603;87;Bajo (0-100 min);0
L;302,2;311,6;1658;31,4;34,31750930170924;-2,917509301709238;89;Bajo (0-100 min);0
L;302,3;311,7;2170;18,2;9,520669417113044;8,679330582886955;91;Bajo (0-100 min);0
M;302,3;311,7;1423;44,6;45,6953525927937;-1,0953525927936951;93;Bajo (0-100 min);0
L;302,4;311,8;1543;31,1;39,88178394549208;-8,78178394549208;96;Bajo (0-100 min);0
L;302,3;311,8;1435;44,8;45,09929033179527;-0,29929033179526954;98;Bajo (0-100 min);0
L;302,4;311,8;1320;56,4;50,6783619478605;5,721638052139497;100;Bajo (0-100 min);0
M;302,4;311,9;1313;55,7;51,00469846675368;4,695301533246322;102;Moderado (100-200 min);0
M;302,4;311,8;1453;42,1;44,233596171751145;-2,133596171751144;105;Moderado (100-200 min);0
L;302,4;311,8;1508;45,7;41,56776672265124;4,13223327734876;108;Moderado (100-200 min);0
L;302,4;311,8;1451;42,0;44,3266954051729;-2,3266954051728987;110;Moderado (100-200 min);0
H;302,5;311,9;1595;34,6;37,35159125026151;-2,751591250261505;112;Moderado (100-200 min);0
L;302,5;311,9;1354;49,4;49,01913298203833;0,3808670179616698;117;Moderado (100-200 min);0
L;302,5;311,9;1265;59,8;53,327777814967355;6,472222185032642;119;Moderado (100-200 min);0
L;302,4;311,9;1867;25,9;24,160957114106917;1,739042885893081;121;Moderado (100-200 min);0
L;302,5;311,9;1497;41,6;42,08932930373093;-0,4893293037309263;123;Moderado (100-200 min);0
M;302,5;311,9;1347;54,3;49,352120548374;4,947879451625994;125;Moderado (100-200 min);0
L;302,3;311,7;1544;43,2;39,80918221721485;3,390817782785156;128;Moderado (100-200 min);0
H;302,3;311,7;1456;45,4;44,06939842044364;1,3306015795563582;130;Moderado (100-200 min);0
L;302,5;311,8;1335;52,7;49,936908731436304;2,7630912685636986;135;Moderado (100-200 min);0
L;302,4;311,9;1452;43,1;44,24681275657068;-1,1468127565706752;137;Moderado (100-200 min);0
L;302,4;311,9;1290;70,0;52,090747557616524;17,909252442383476;139;Moderado (100-200 min);1
L;302,4;311,8;1448;43,4;44,44868153320559;-1,0486815332055883;141;Moderado (100-200 min);0
L;302,3;311,7;1611;38,6;36,55318994936328;2,046810050636722;143;Moderado (100-200 min);0
L;302,2;311,7;1556;38,6;39,203978961554235;-0,6039789615542333;145;Moderado (100-200 min);0
H;302,2;311,7;1413;46,5;46,12776979829571;0,37223020170429066;147;Moderado (100-200 min);0
L;302,2;311,6;1545;35,9;39,74259333050353;-3,842593330503533;152;Moderado (100-200 min);0
L;302,2;311,7;1330;54,6;50,14208482704464;4,45791517295536;154;Moderado (100-200 min);0
L;302,2;311,9;1596;38,0;37,23624475915794;0,7637552408420589;156;Moderado (100-200 min);0
L;302,2;311,8;1618;36,0;36,18047237397835;-0,18047237397834692;158;Moderado (100-200 min);0
H;302,2;311,9;1597;35,8;37,18480970867475;-1,3848097086747515;160;Moderado (100-200 min);0
L;302,3;312,0;1354;52,2;48,9493304321653;3,2506695678347057;165;Moderado (100-200 min);0
L;302,3;312,0;1746;28,1;29,963804379283488;-1,8638043792834864;167;Moderado (100-200 min);0
L;302,4;312,0;1621;32,5;36,02716229235103;-3,5271622923510293;169;Moderado (100-200 min);0
L;302,3;312,0;1398;43,3;46,81396109418071;-3,513961094180715;171;Moderado (100-200 min);0
L;302,3;311,9;1434;51,9;45,08018789319789;6,819812106802111;173;Moderado (100-200 min);0
M;302,3;311,8;1443;43,4;44,653987694121284;-1,2539876941212853;175;Moderado (100-200 min);0
L;302,2;311,7;1488;44,6;42,47232280971042;2,1276771902895817;178;Moderado (100-200 min);0
M;302,3;311,8;1475;48,0;43,1005135177352;4,899486482264798;180;Moderado (100-200 min);0
L;302,3;311,8;1433;50,3;45,13226114955766;5,1677388504423405;183;Moderado (100-200 min);0
M;302,3;311,8;1557;34,1;39,125607856337595;-5,025607856337594;185;Moderado (100-200 min);0
M;302,4;311,9;1398;50,1;46,82362689540028;3,2763731045997204;188;Moderado (100-200 min);0
M;302,3;311,8;1559;34,4;39,02424096576269;-4,624240965762688;191;Moderado (100-200 min);0
M;302,4;311,9;1422;46,4;45,656830151420294;0,7431698485797043;194;Moderado (100-200 min);0
M;302,3;311,8;1463;35,7;43,668879785810354;-7,968879785810351;197;Moderado (100-200 min);0
L;302,3;311,7;1793;25,3;27,696337847764042;-2,396337847764041;200;Moderado (100-200 min);0
L;302,2;311,6;1872;20,4;23,868851158741077;-3,468851158741078;202;Alto (>200 min);0
L;302,2;311,7;1412;44,5;46,13335693183864;-1,633356931838641;204;Alto (>200 min);0
L;302,3;311,8;1487;43,2;42,499828226243146;0,7001717737568569;206;Alto (>200 min);0
L;302,3;311,8;1369;56,2;48,21290332047885;7,9870966795211515;208;Alto (>200 min);1
L;302,4;311,8;1673;30,1;33,50037909214754;-3,4003790921475385;210;Alto (>200 min);0
M;302,4;311,9;1439;36,6;44,82001455299302;-8,220014552993021;212;Alto (>200 min);0
L;302,3;311,8;1574;42,8;38,279772995561416;4,520227004438581;215;Alto (>200 min);0
L;302,3;311,7;1281;48,8;52,64211729343043;-3,8421172934304337;0;Bajo (0-100 min);0
M;302,2;311,7;1653;31,4;34,61388142362299;-3,2138814236229933;2;Bajo (0-100 min);0
M;302,3;311,7;1535;38,3;40,33748732359319;-2,03748732359319;5;Bajo (0-100 min);0
M;302,3;311,7;1483;40,5;42,85352125241794;-2,3535212524179414;8;Bajo (0-100 min);0
L;302,3;311,7;1414;47,0;46,19284188614662;0,807158113853383;11;Bajo (0-100 min);0
M;302,2;311,6;1379;42,9;47,88621898294993;-4,986218982949929;13;Bajo (0-100 min);0
H;302,2;311,5;1482;42,6;42,906975986855926;-0,30697598685592453;16;Bajo (0-100 min);0
L;302,1;311,5;1987;20,1;18,435477551330617;1,6645224486693841;21;Bajo (0-100 min);0
M;302,1;311,5;1635;31,6;35,48085199542025;-3,880851995420251;23;Bajo (0-100 min);0
L;302,1;311,5;1533;39,4;40,41831740925653;-1,0183174092565324;26;Bajo (0-100 min);0
M;302,2;311,7;1576;34,0;38,323344175451446;-4,323344175451446;28;Bajo (0-100 min);0
H;302,2;311,8;1330;62,4;50,22337158750395;12,17662841249605;31;Bajo (0-100 min);0
L;302,2;311,8;1981;21,8;18,692575626675218;3,1074243733247826;36;Bajo (0-100 min);0
H;302,3;311,8;1475;42,8;43,207241455530564;-0,407241455530567;38;Bajo (0-100 min);0
H;302,3;311,8;1804;25,0;27,27046425817604;-2,270464258176041;43;Bajo (0-100 min);0
L;302,2;311,6;1416;54,1;46,06805350219043;8,031946497809571;48;Bajo (0-100 min);0
L;302,1;311,5;1727;27,7;31,005124722714015;-3,305124722714016;50;Bajo (0-100 min);0
L;302,1;311,4;1391;49,2;47,28680177021692;1,9131982297830845;52;Bajo (0-100 min);0
M;302,0;311,5;1366;52,3;48,47357121278401;3,8264287872159883;54;Bajo (0-100 min);0
L;301,9;311,3;1366;55,6;48,482355343500465;7,117644656499536;57;Bajo (0-100 min);0
L;301,9;311,3;1501;40,8;41,94298712357787;-1,1429871235778748;59;Bajo (0-100 min);0
L;301,8;311,3;1551;35,8;39,50877001724464;-3,708770017244646;61;Bajo (0-100 min);0
M;301,9;311,3;1522;35,6;40,92297947909007;-5,3229794790900655;63;Bajo (0-100 min);0
L;301,9;311,2;1369;49,8;48,341465686255056;1,4585343137449414;66;Bajo (0-100 min);0
L;301,8;311,2;1334;52,3;50,02368210444141;2,2763178955585843;68;Bajo (0-100 min);0
H;301,8;311,2;1451;39,4;44,356029219122966;-4,956029219122968;70;Bajo (0-100 min);0
L;301,7;311,2;1589;37,9;37,65783788358223;0,24216211641776653;75;Bajo (0-100 min);0
L;301,7;311,3;1708;30,5;31,882167060246363;-1,3821670602463634;77;Bajo (0-100 min);0
M;301,7;311,2;1413;42,6;46,17827029003982;-3,578270290039818;79;Bajo (0-100 min);0
M;301,6;311,2;1415;46,5;46,06787580412191;0,4321241958780888;82;Bajo (0-100 min);0
L;301,7;311,3;1421;45,9;45,77517094264656;0,12482905735343763;85;Bajo (0-100 min);0
L;301,7;311,3;1348;51,0;49,3089577003719;1,6910422996281014;87;Bajo (0-100 min);0
L;301,6;311,2;1408;42,9;46,40161497565333;-3,5016149756533324;89;Bajo (0-100 min);0
L;301,6;311,2;1525;43,7;40,733962090334884;2,9660379096651184;91;Bajo (0-100 min);0
L;301,6;311,3;1706;29,9;31,95571622558473;-2,0557162255847317;93;Bajo (0-100 min);0
H;301,6;311,2;1395;46,8;47,02667753058187;-0,226677530581874;95;Bajo (0-100 min);0
L;301,5;311,1;1602;34,3;36,998071424342186;-2,6980714243421886;100;Bajo (0-100 min);0
L;301,6;311,1;1907;21,5;22,237118566310645;-0,7371185663106452;102;Moderado (100-200 min);0
L;301,6;311,1;1325;49,2;50,42107784145328;-1,2210778414532797;104;Moderado (100-200 min);0
L;301,6;311,1;1408;44,4;46,399998365942665;-1,9999983659426661;106;Moderado (100-200 min);0
M;301,7;311,1;1489;41,4;42,48705856076274;-1,0870585607627419;108;Moderado (100-200 min);0
L;301,6;311,1;1680;29,2;33,22365306150128;-4,023653061501282;111;Moderado (100-200 min);0
L;301,7;311,2;1517;42,4;41,11613822456062;1,2838617754393766;113;Moderado (100-200 min);0
M;301,7;311,1;1618;36,7;36,234504093062824;0,46549590693717846;115;Moderado (100-200 min);0
L;301,7;311,1;1455;39,8;44,12611591861316;-4,326115918613162;118;Moderado (100-200 min);0
H;301,8;311,1;1543;36,4;39,87417570553163;-3,4741757055316285;120;Moderado (100-200 min);0
M;301,8;311,1;1399;41,8;46,8441403563861;-5,044140356386102;125;Moderado (100-200 min);0
L;301,7;311,1;1469;37,2;43,44059905085251;-6,240599050852509;128;Moderado (100-200 min);0
L;301,7;311,2;1521;36,7;40,90964641743209;-4,20964641743209;130;Moderado (100-200 min);0
L;301,7;311,3;1584;38,8;37,84597885730913;0,9540211426908698;132;Moderado (100-200 min);0
L;301,8;311,5;1443;43,3;44,66187348834645;-1,361873488346454;134;Moderado (100-200 min);0
M;301,8;311,5;1416;49,0;45,96794327986119;3,0320567201388116;136;Moderado (100-200 min);0
M;301,7;311,2;1563;34,5;38,86887952326073;-4,3688795232607305;139;Moderado (100-200 min);0
M;301,8;311,3;1542;40,1;39,883747663691615;0,21625233630838636;142;Moderado (100-200 min);0
M;301,8;311,3;1624;31,6;35,91034521268549;-4,31034521268549;145;Moderado (100-200 min);0
L;301,8;311,3;1471;44,2;43,31767074123353;0,8823292587664753;148;Moderado (100-200 min);0
M;301,9;311,5;1492;40,8;42,288127360833506;-1,4881273608335093;150;Moderado (100-200 min);0
M;301,9;311,4;1465;39,9;43,604606225769466;-3,704606225769467;153;Moderado (100-200 min);0
L;301,7;311,1;1399;55,1;46,80955818438787;8,290441815612134;156;Moderado (100-200 min);0
L;301,6;311,0;1431;42,6;45,258217091275746;-2,658217091275745;158;Moderado (100-200 min);0
L;301,5;310,9;1600;39,0;37,07215372923205;1,927846270767951;160;Moderado (100-200 min);0
L;301,5;310,8;1593;34,5;37,420811605359134;-2,920811605359134;162;Moderado (100-200 min);0
L;301,5;310,9;1469;44,7;43,41329779917927;1,2867022008207343;164;Moderado (100-200 min);0
L;301,5;310,8;1413;44,6;46,134958530617645;-1,5349585306176436;166;Moderado (100-200 min);0
L;301,4;310,8;1490;38,0;42,39316842237818;-4,3931684223781815;168;Moderado (100-200 min);0
L;301,5;310,9;1671;31,1;33,62620496855827;-2,526204968558268;170;Moderado (100-200 min);0
L;301,5;310,9;1365;46,5;48,443862446437294;-1,9438624464372936;172;Moderado (100-200 min);0
M;301,4;310,9;1557;39,3;39,13277992267134;0,16722007732865762;174;Moderado (100-200 min);0
L;301,4;310,9;1440;45,4;44,796674782011074;0,6033252179889246;177;Moderado (100-200 min);0
M;301,4;310,9;1489;38,9;42,4221687163083;-3,5221687163083004;179;Moderado (100-200 min);0
L;301,4;311,0;1733;25,7;30,592167575247885;-4,8921675752478855;182;Moderado (100-200 min);0
H;301,3;311,0;1580;36,6;37,98896229806144;-1,3889622980614362;184;Moderado (100-200 min);0
L;301,3;311,0;1856;21,9;24,618902474819123;-2,7189024748191244;189;Moderado (100-200 min);0
L;301,3;311,1;1454;40,3;44,07454772530332;-3,7745477253033215;191;Moderado (100-200 min);0
L;301,4;311,1;1495;36,3;42,098753108132605;-5,798753108132608;193;Moderado (100-200 min);0
L;301,2;311,0;1761;29,1;29,203830254236333;-0,10383025423633185;195;Moderado (100-200 min);0
M;301,3;311,0;1402;47,5;46,59948751715781;0,9005124828421884;197;Moderado (100-200 min);0
L;301,2;311,0;1670;33,0;33,60707753097859;-0,607077530978593;200;Moderado (100-200 min);0
L;301,3;311,0;1582;35,6;37,87857614513762;-2,2785761451376203;202;Alto (>200 min);0
L;301,3;311,0;1542;35,1;39,81421812275535;-4,714218122755348;204;Alto (>200 min);0
L;301,3;311,0;1539;36,9;39,95800080146456;-3,0580008014645585;206;Alto (>200 min);0
L;301,3;311,0;1418;41,9;45,81636178480096;-3,916361784800962;208;Alto (>200 min);0
L;301,3;311,1;1723;27,6;31,032965837222232;-3,4329658372222305;210;Alto (>200 min);0
L;301,3;311,1;1303;49,2;51,37148710092753;-2,1714871009275285;212;Alto (>200 min);0
M;301,3;311,0;1463;50,2;43,632563817116136;6,567436182883867;214;Alto (>200 min);0
L;301,2;311,0;1544;39,3;39,69630758488002;-0,39630758488002016;217;Alto (>200 min);0
L;301,2;311,0;1596;37,2;37,17651563007655;0,02348436992345171;219;Alto (>200 min);0
L;301,3;311,1;1413;42,0;46,037573387140505;-4,037573387140505;221;Alto (>200 min);0
M;301,3;311,1;1492;41,2;42,21020843043082;-1,010208430430815;223;Alto (>200 min);0
L;301,3;311,1;1624;40,9;35,98523726865086;4,9147627313491355;0;Bajo (0-100 min);0
L;301,3;311,1;1504;39,1;41,795169622287034;-2,6951696222870325;2;Bajo (0-100 min);0
M;301,2;311,1;1574;34,3;38,392379921949185;-4,092379921949188;4;Bajo (0-100 min);0
M;301,3;311,2;1438;42,4;44,976540477906575;-2,576540477906576;7;Bajo (0-100 min);0
L;301,3;311,3;1474;50,7;43,21969431449409;7,480305685505911;10;Bajo (0-100 min);0
L;301,3;311,2;1675;32,1;33,49519721297325;-1,395197212973251;12;Bajo (0-100 min);0
L;301,3;311,2;1457;44,5;44,05113527723201;0,4488647227679934;14;Bajo (0-100 min);0
L;301,3;311,3;1434;49,8;45,15232987132886;4,6476701286711375;16;Bajo (0-100 min);0
L;301,3;311,2;1668;30,1;33,82968798970042;-3,729687989700416;18;Bajo (0-100 min);0
L;301,2;311,1;1550;39,7;39,54264135162285;0,15735864837715496;20;Bajo (0-100 min);0
M;301,3;311,1;1834;25,4;25,79868971729615;-0,39868971729615055;22;Bajo (0-100 min);0
M;301,4;311,2;1476;36,5;43,134006066704686;-6,634006066704686;25;Bajo (0-100 min);0
M;301,4;311,2;1541;36,3;39,983890320602484;-3,6838903206024867;28;Bajo (0-100 min);0
M;301,3;311,1;1581;30,9;38,04436858469277;-7,144368584692771;31;Bajo (0-100 min);0
M;301,3;311,1;1678;30,7;33,34453668818319;-2,644536688183191;34;Bajo (0-100 min);0
L;301,4;311,2;1355;50,6;48,984850998083665;1,6151490019163361;37;Bajo (0-100 min);0
L;301,5;311,2;1700;28,8;32,28675295204291;-3,4867529520429095;39;Bajo (0-100 min);0
L;301,4;311,1;1462;37,1;43,811141877992995;-6,711141877992993;41;Bajo (0-100 min);0
M;301,4;311,2;1727;26,5;30,96489111842349;-4,464891118423491;43;Bajo (0-100 min);0
L;301,4;311,3;1674;33,3;33,518192998331514;-0,21819299833151717;46;Bajo (0-100 min);0
L;301,4;311,3;1397;42,3;46,931420214903866;-4,631420214903869;48;Bajo (0-100 min);0
L;301,4;311,3;2323;15,9;2,0850059020989917;13,814994097901009;50;Bajo (0-100 min);0
M;301,4;311,2;1434;47,6;45,14771517382933;2,4522848261706685;52;Bajo (0-100 min);0
L;301,3;311,1;1560;35,3;39,0433312836998;-3,7433312836998027;55;Bajo (0-100 min);0
L;301,2;311,0;1573;32,8;38,41213415489205;-5,612134154892054;57;Bajo (0-100 min);0
H;301,2;310,9;1798;22,3;27,52534994056568;-5,225349940565678;59;Bajo (0-100 min);0
L;301,2;311,0;1567;35,1;38,69744469672324;-3,5974446967232367;64;Bajo (0-100 min);0
L;301,2;310,9;1416;53,3;46,019825249683514;7,280174750316483;66;Bajo (0-100 min);0
M;301,2;310,9;1424;45,2;45,63089300169019;-0,43089300169018685;68;Bajo (0-100 min);0
H;301,2;310,9;1598;35,9;37,202056618262866;-1,302056618262867;71;Bajo (0-100 min);0
L;301,3;310,9;1760;23,9;29,36414299177705;-5,464142991777052;76;Bajo (0-100 min);0
L;301,3;311,0;1348;44,5;49,30407453926355;-4,804074539263553;78;Bajo (0-100 min);0
L;301,3;311,0;1542;33,6;39,90741716702736;-6,30741716702736;80;Bajo (0-100 min);0
L;301,3;310,9;1566;33,1;38,75478752244731;-5,654787522447307;82;Bajo (0-100 min);0
L;301,3;311,0;1554;47,7;39,32326718984163;8,376732810158373;84;Bajo (0-100 min);0
L;301,4;311,0;1470;40,6;43,40105128519972;-2,801051285199719;86;Bajo (0-100 min);0
M;301,4;311,1;1758;25,4;29,44094204252491;-4,040942042524911;88;Bajo (0-100 min);0
M;301,4;311,0;1486;36,5;42,62243518401733;-6,122435184017327;91;Bajo (0-100 min);0
M;301,5;311,1;1402;40,0;46,688306995562726;-6,688306995562726;94;Bajo (0-100 min);0
L;301,5;311,1;1459;45,1;43,925620287062365;1,174379712937636;97;Bajo (0-100 min);0
L;301,5;311,0;1494;45,3;42,240275715779774;3,0597242842202235;99;Bajo (0-100 min);0
L;301,5;311,1;1731;27,9;30,75002658781672;-2,8500265878167212;101;Moderado (100-200 min);0
L;301,5;311,1;2076;18,7;14,04064613084573;4,65935386915427;103;Moderado (100-200 min);0
L;301,5;311,1;2055;16,8;15,056144144159084;1,7438558558409163;105;Moderado (100-200 min);0
L;301,5;311,1;1469;49,5;43,43381793810264;6,066182061897358;107;Moderado (100-200 min);0
M;301,5;311,0;1504;42,6;41,74847336682005;0,8515266331799509;109;Moderado (100-200 min);0
M;301,5;311,1;1396;43,5;46,96534988024075;-3,465349880240751;112;Moderado (100-200 min);0
M;301,5;311,1;1660;33,8;34,17793682379269;-0,37793682379269455;115;Moderado (100-200 min);0
M;301,5;311,0;1577;39,7;38,20641895194155;1,4935810480584522;118;Moderado (100-200 min);0
L;301,5;311,1;1426;52,1;45,50572654247216;6,594273457527841;121;Moderado (100-200 min);0
L;301,5;311,1;1458;41,4;43,9545071816733;-2,5545071816733014;123;Moderado (100-200 min);0
L;301,4;311,0;1533;45,8;40,32073501145127;5,479264988548728;125;Moderado (100-200 min);0
L;301,4;311,0;1701;28,4;32,18322201142107;-3,783222011421074;127;Moderado (100-200 min);0
L;301,5;311,1;1434;49,6;45,11228466330438;4,487715336695622;129;Moderado (100-200 min);0
L;301,4;311,1;1952;22,7;20,013468857263298;2,686531142736701;131;Moderado (100-200 min);0
L;301,4;311,1;1469;36,9;43,402993792083116;-6,502993792083117;133;Moderado (100-200 min);0
L;301,4;311,1;1800;26,0;27,37161415091536;-1,3716141509153594;135;Moderado (100-200 min);0
M;301,3;311,1;1438;43,0;44,88999248107707;-1,8899924810770727;137;Moderado (100-200 min);0
L;301,3;311,1;1647;28,2;34,76615405814168;-6,566154058141681;140;Moderado (100-200 min);0
L;301,4;311,1;1494;41,9;42,18551360281568;-0,2855136028156835;142;Moderado (100-200 min);0
H;301,4;311,1;1445;41,4;44,55701324773549;-3,1570132477354917;144;Moderado (100-200 min);0
M;301,5;311,1;1507;38,6;41,56196259127272;-2,961962591272716;149;Moderado (100-200 min);0
M;301,4;311,0;1234;55,8;54,78060195153513;1,0193980484648648;152;Moderado (100-200 min);0
L;301,4;311,0;1634;32,6;35,40689525585573;-2,8068952558557285;155;Moderado (100-200 min);0
L;301,4;311,0;1334;53,3;49,93398095553338;3,3660190444666185;157;Moderado (100-200 min);0
L;301,4;311,1;1472;44,5;43,238166167893134;1,2618338321068663;159;Moderado (100-200 min);0
M;301,3;311,0;1410;52,7;46,23911626660268;6,460883733397324;161;Moderado (100-200 min);0
L;301,2;310,9;1597;37,9;37,18058596475909;0,7194140352409093;164;Moderado (100-200 min);0
M;301,2;310,9;1460;46,7;43,813805023299174;2,8861949767008284;166;Moderado (100-200 min);0
L;301,1;310,8;1274;55,7;52,81915359964154;2,8808464003584646;169;Moderado (100-200 min);0
M;301,0;310,7;1517;40,2;41,049371639780794;-0,8493716397807916;171;Moderado (100-200 min);0
L;301,0;310,7;1300;57,2;51,55612946914357;5,643870530856432;174;Moderado (100-200 min);0
H;300,9;310,6;1686;27,7;32,86105346214986;-5,161053462149862;176;Moderado (100-200 min);0
M;300,9;310,7;1485;41,0;42,58028932730052;-1,5802893273005196;181;Moderado (100-200 min);0
L;301,0;310,7;1464;45,8;43,60631814634836;2,19368185365164;184;Moderado (100-200 min);0
L;300,9;310,6;1598;35,4;37,11525682381272;-1,715256823812723;186;Moderado (100-200 min);0
L;300,9;310,5;1894;21,9;22,79003990076999;-0,8900399007699917;188;Moderado (100-200 min);0
M;300,8;310,5;1330;59,0;50,09100143037825;8,908998569621751;190;Moderado (100-200 min);0
H;300,8;310,5;1582;31,1;37,884731930332954;-6,784731930332953;193;Moderado (100-200 min);0
L;300,7;310,3;1533;35,6;40,26501570596922;-4,665015705969218;198;Moderado (100-200 min);0
H;300,8;310,4;1419;46,4;45,78449801371728;0,615501986282716;200;Moderado (100-200 min);0
M;300,8;310,3;1526;36,3;40,61003728843087;-4,31003728843087;205;Alto (>200 min);0
H;300,7;310,2;1364;65,3;48,4530987519677;16,846901248032296;208;Alto (>200 min);1
M;300,8;310,3;1458;43,4;44,05726317317365;-0,6572631731736536;0;Bajo (0-100 min);0
M;300,8;310,4;1288;64,0;52,27671472800864;11,723285271991358;3;Bajo (0-100 min);0
M;300,7;310,3;1659;29,8;34,30731656132265;-4,50731656132265;6;Bajo (0-100 min);0
H;300,7;310,2;1479;52,3;43,03337577039386;9,266624229606137;9;Bajo (0-100 min);0
L;300,7;310,3;1592;36,0;37,546021909672156;-1,546021909672156;14;Bajo (0-100 min);0
M;300,6;310,2;1532;38,7;40,450114748981235;-1,7501147489812325;16;Bajo (0-100 min);0
L;300,6;310,2;1555;41,9;39,3340014502887;2,5659985497112956;19;Bajo (0-100 min);0
L;300,6;310,2;1341;52,6;49,69622499574653;2,9037750042534682;21;Bajo (0-100 min);0
L;300,6;310,1;1541;42,0;40,02015652392592;1,9798434760740804;23;Bajo (0-100 min);0
L;300,6;310,3;1414;50,6;46,146767928229785;4,453232071770216;25;Bajo (0-100 min);0
L;300,5;310,2;1764;25,9;29,195122590444377;-3,295122590444379;27;Bajo (0-100 min);0
L;300,5;310,3;1336;57,1;49,90991221313456;7,1900877868654405;29;Bajo (0-100 min);0
L;300,5;310,3;1435;43,3;45,11397466242026;-1,8139746624202644;31;Bajo (0-100 min);0
M;300,4;310,3;1537;35,0;40,16146881167504;-5,161468811675043;33;Bajo (0-100 min);0
L;300,3;310,2;1369;48,8;48,295102053413274;0,5048979465867234;36;Bajo (0-100 min);0
M;300,2;310,1;1619;31,3;36,1863196856509;-4,8863196856509;38;Bajo (0-100 min);0
L;300,2;310,1;1440;51,1;44,852789586404924;6,247210413595077;41;Bajo (0-100 min);0
L;300,2;310,1;1649;30,5;34,72970276866528;-4,229702768665277;43;Bajo (0-100 min);0
M;300,2;310,1;1550;38,7;39,52263389859661;-0,8226338985966066;45;Bajo (0-100 min);0
L;300,3;310,2;1471;45,2;43,34636256164086;1,8536374383591436;48;Bajo (0-100 min);0
L;300,3;310,3;1483;51,6;42,75255511622965;8,84744488377035;50;Bajo (0-100 min);0
L;300,3;310,4;1336;54,4;49,85889979315509;4,541100206844909;52;Bajo (0-100 min);0
L;300,5;310,5;1515;36,6;41,20007600966585;-4,600076009665848;54;Bajo (0-100 min);0
L;300,5;310,5;1373;47,4;48,075438216707084;-0,6754382167070858;56;Bajo (0-100 min);0
H;300,6;310,5;1454;51,2;44,16249841152717;7,037501588472836;58;Bajo (0-100 min);0
L;300,5;310,5;1646;34,5;34,849161072173985;-0,3491610721739846;63;Bajo (0-100 min);0
M;300,5;310,4;1548;37,3;39,604824251022045;-2,3048242510220476;65;Bajo (0-100 min);0
M;300,6;310,5;1462;41,3;43,7675533219679;-2,4675533219679053;68;Bajo (0-100 min);0
L;300,5;310,4;1702;33,1;32,142305646012105;0,9576943539878968;71;Bajo (0-100 min);0
L;300,5;310,5;1409;60,9;46,31923025917118;14,58076974082882;73;Bajo (0-100 min);0
M;300,6;310,6;1427;52,8;45,446133446488815;7,353866553511182;75;Bajo (0-100 min);0
L;300,6;310,7;1438;48,5;44,9000030255821;3,5999969744178983;78;Bajo (0-100 min);1
L;300,7;310,7;1450;43,4;44,328638669718075;-0,928638669718076;80;Bajo (0-100 min);0
L;300,7;310,7;1541;41,3;39,920130156605616;1,3798698433943812;82;Bajo (0-100 min);0
M;300,7;310,6;1484;38,0;42,690219517744225;-4,690219517744225;84;Bajo (0-100 min);0
M;300,8;310,8;1415;44,5;46,018501205169215;-1,5185012051692155;87;Bajo (0-100 min);0
L;300,7;310,8;1496;46,4;42,08224497293309;4,317755027066909;90;Bajo (0-100 min);0
M;300,7;310,8;1465;45,2;43,58202928324875;1,6179707167512518;92;Bajo (0-100 min);0
L;300,7;310,8;2113;18,5;12,198022421912203;6,301977578087797;95;Bajo (0-100 min);0
M;300,7;310,8;1506;44,0;41,592697439560595;2,4073025604394047;97;Bajo (0-100 min);0
L;300,7;310,8;1689;28,9;32,7280033888312;-3,828003388831199;100;Bajo (0-100 min);0
L;300,7;310,9;1650;29,4;34,60405605813175;-5,204056058131748;102;Moderado (100-200 min);0
L;300,7;310,8;1563;33,8;38,82700431027727;-5,02700431027727;104;Moderado (100-200 min);0
M;300,7;310,9;1486;38,9;42,54334490818657;-3,6433449081865703;106;Moderado (100-200 min);0
L;300,8;310,9;1732;25,7;30,638929597272885;-4,938929597272885;109;Moderado (100-200 min);0
L;300,7;310,8;1653;31,6;34,46316640088633;-2,8631664008863282;111;Moderado (100-200 min);0
L;300,7;310,9;1535;37,1;40,16508081650508;-3,0650808165050805;113;Moderado (100-200 min);0
L;300,7;310,9;1637;37,2;35,2238573766901;1,9761426233099044;115;Moderado (100-200 min);0
L;300,6;310,8;1533;38,5;40,258809922809306;-1,7588099228093057;117;Moderado (100-200 min);0
L;300,6;310,8;1378;51,2;47,763744315953545;3,4362556840464578;119;Moderado (100-200 min);0
L;300,5;310,7;1606;33,5;36,72039180159625;-3,22039180159625;121;Moderado (100-200 min);0
L;300,3;310,7;1539;32,3;39,94104195925975;-7,641041959259752;123;Moderado (100-200 min);0
L;300,5;310,8;1728;26,3;30,797931878768207;-4,497931878768206;125;Moderado (100-200 min);0
H;300,4;310,7;1656;36,3;34,28316827448005;2,0168317255199497;127;Moderado (100-200 min);0
H;300,5;310,8;1631;30,5;35,490247723320365;-4,9902477233203655;132;Moderado (100-200 min);0
H;300,5;310,9;1447;46,5;44,3861968835671;2,113803116432898;137;Moderado (100-200 min);0
L;300,4;310,8;1396;49,3;46,85217723998687;2,447822760013125;142;Moderado (100-200 min);0
L;300,4;310,8;1390;52,5;47,141245807796764;5,358754192203236;144;Moderado (100-200 min);0
L;300,4;310,8;1348;56,0;49,173745044814964;6,8262549551850356;146;Moderado (100-200 min);0
M;300,4;310,8;1491;35,9;42,24694778729052;-6,3469477872905244;148;Moderado (100-200 min);0
L;300,4;310,8;1520;37,6;40,840262710396615;-3,240262710396614;151;Moderado (100-200 min);0
L;300,5;310,8;1509;33,0;41,3827568376379;-8,3827568376379;153;Moderado (100-200 min);0
L;300,5;310,8;1445;46,6;44,48068592806116;2,119314071938838;155;Moderado (100-200 min);0
L;300,5;310,8;1354;51,8;48,88618802039065;2,913811979609349;157;Moderado (100-200 min);0
L;300,5;310,7;1488;39,4;42,40640910878525;-3,006409108785249;159;Moderado (100-200 min);0
H;300,5;310,7;1654;28,6;34,36575336815551;-5,765753368155508;161;Moderado (100-200 min);0
H;300,5;310,6;1378;51,5;47,73945781805735;3,7605421819426468;166;Moderado (100-200 min);0
L;300,6;310,7;1750;30,6;29,720371275906196;0,8796287240938057;171;Moderado (100-200 min);0
L;300,5;310,6;1448;46,3;44,34419250267103;1,9558074973289692;173;Moderado (100-200 min);0
H;300,6;310,7;1501;45,3;41,776093650480604;3,523906349519393;175;Moderado (100-200 min);0
M;300,6;310,7;1654;32,0;34,36275528036664;-2,362755280366642;180;Moderado (100-200 min);0
M;300,7;310,7;1347;46,5;49,23937219368038;-2,7393721936803814;183;Moderado (100-200 min);0
L;300,7;310,8;1486;37,1;42,494377171144166;-5,394377171144164;186;Moderado (100-200 min);0
H;300,8;310,8;1466;45,2;43,472728965687516;1,727271034312487;188;Moderado (100-200 min);0
H;300,7;310,8;1346;52,0;49,26912409280623;2,73087590719377;193;Moderado (100-200 min);0
L;300,7;310,7;1314;42,4;50,826242895851856;-8,426242895851857;198;Moderado (100-200 min);0
L;300,6;310,7;1440;52,5;44,711449932301115;7,7885500676988855;200;Moderado (100-200 min);0
L;300,7;310,8;1608;39,5;36,57405866458418;2,9259413354158212;202;Alto (>200 min);0
H;300,7;310,8;1296;58,2;51,68228792066459;6,517712079335411;204;Alto (>200 min);0
L;300,7;310,7;1507;46,1;41,47124970655422;4,628750293445783;209;Alto (>200 min);0
M;300,7;310,7;1343;51,6;49,41204176700053;2,1879582329994705;211;Alto (>200 min);0
L;300,7;310,7;1416;40,4;45,87449698329648;-5,474496983296483;214;Alto (>200 min);0
L;300,7;310,6;1288;47,2;52,083019053151446;-4,883019053151443;216;Alto (>200 min);0
M;300,7;310,6;1407;42,4;46,31850890843254;-3,9185089084325426;218;Alto (>200 min);0
L;300,6;310,4;1608;39,2;36,593138469402696;2,606861530597307;221;Alto (>200 min);0
L;300,6;310,3;1920;22,3;21,493063471156265;0,8069365288437353;223;Alto (>200 min);0
M;300,5;310,2;1386;48,2;47,35232678837457;0,847673211625434;225;Alto (>200 min);0
M;300,5;310,2;1571;34,6;38,39077547824471;-3,7907754782447114;228;Alto (>200 min);0
M;300,4;310,2;1613;36,9;36,34323580431758;0,556764195682419;231;Alto (>200 min);0
M;300,4;310,2;1671;30,5;33,532120466116986;-3,032120466116986;234;Alto (>200 min);1
H;300,4;310,2;1431;43,2;45,33086720997592;-2,130867209975918;0;Bajo (0-100 min);0
M;300,4;310,2;1380;47,3;47,79696929870896;-0,49696929870896156;5;Bajo (0-100 min);0
L;300,5;310,3;1683;31,5;33,12096141626518;-1,6209614162651818;8;Bajo (0-100 min);0
L;300,4;310,2;1529;36,2;40,57734544739591;-4,377345447395911;10;Bajo (0-100 min);0
L;300,5;310,4;1761;26,5;29,329361200247284;-2,829361200247284;12;Bajo (0-100 min);0
L;300,6;310,5;1570;38,3;38,577847994913085;-0,2778479949130883;14;Bajo (0-100 min);0
M;300,6;310,5;2156;18,0;10,197167780186565;7,802832219813435;16;Bajo (0-100 min);0
M;300,7;310,6;1349;54,5;49,27693886499856;5,223061135001437;19;Bajo (0-100 min);0
L;300,7;310,7;1431;39,3;45,29237573537549;-5,992375735375489;22;Bajo (0-100 min);0
L;300,6;310,6;1931;22,0;21,076435942555516;0,9235640574444837;24;Bajo (0-100 min);0
H;300,7;310,7;1428;43,4;45,43465520369321;-2,0346552036932124;26;Bajo (0-100 min);0
L;300,8;310,8;1564;36,2;38,84472527079643;-2,644725270796428;31;Bajo (0-100 min);0
H;300,8;310,9;1425;44,0;45,56364091012002;-1,5636409101200215;33;Bajo (0-100 min);0
L;300,7;310,8;1597;30,5;37,230036843388405;-6,730036843388405;38;Bajo (0-100 min);0
H;300,8;310,8;1618;32,8;36,222814820222304;-3,4228148202223068;40;Bajo (0-100 min);0
M;300,8;310,8;1520;38,0;40,96506250486618;-2,9650625048661823;45;Bajo (0-100 min);0
L;300,7;310,7;1425;45,3;45,56340577848758;-0,26340577848758073;48;Bajo (0-100 min);0
L;300,8;310,9;1398;38,2;46,85843662369863;-8,658436623698627;50;Bajo (0-100 min);0
M;300,8;310,9;1557;31,6;39,15678129097051;-7,556781290970505;52;Bajo (0-100 min);0
L;300,7;310,8;1519;43,9;40,99469267167876;2,9053073283212356;55;Bajo (0-100 min);0
L;300,7;310,8;1619;34,9;36,15032649126423;-1,2503264912642322;57;Bajo (0-100 min);0
L;300,7;310,8;1814;21,4;26,705240489327814;-5,305240489327815;59;Bajo (0-100 min);0
L;300,7;310,9;1521;39,4;40,882165102486894;-1,4821651024868956;61;Bajo (0-100 min);0
M;300,7;310,9;1369;51,2;48,241813606530435;2,9581863934695676;63;Bajo (0-100 min);0
L;300,7;310,9;1356;65,3;48,869130977046204;16,430869022953793;66;Bajo (0-100 min);1
L;300,7;311,0;1336;53,3;49,82503968204237;3,474960317957624;68;Bajo (0-100 min);0
L;300,7;311,0;1403;48,3;46,57881828173545;1,7211817182645461;70;Bajo (0-100 min);0
M;300,7;311,0;1413;44,3;46,09302877434166;-1,7930287743416642;72;Bajo (0-100 min);0
L;300,6;310,9;1472;47,6;43,233363074127574;4,366636925872427;75;Bajo (0-100 min);0
M;300,7;310,8;1452;47,9;44,22287554728788;3,677124452712121;77;Bajo (0-100 min);0
L;300,6;310,7;1397;53,7;46,88407363290006;6,815926367099941;80;Bajo (0-100 min);0
L;300,6;310,7;1455;40,6;44,07370989989521;-3,473709899895212;82;Bajo (0-100 min);0
L;300,7;310,8;1754;27,7;29,59216814144809;-1,8921681414480922;84;Bajo (0-100 min);0
L;300,6;310,9;1471;37,9;43,273524046674645;-5,373524046674646;86;Bajo (0-100 min);0
M;300,6;310,8;1389;48,1;47,25432915031901;0,8456708496809924;88;Bajo (0-100 min);0
M;300,6;310,9;1702;30,3;32,082752559942705;-1,782752559942704;91;Bajo (0-100 min);0
M;300,6;311,0;1401;54,6;46,64635460550788;7,953645394492121;94;Bajo (0-100 min);0
L;300,7;311,1;1426;46,2;45,43350577972815;0,7664942202718521;97;Bajo (0-100 min);0
L;300,7;311,0;1496;38,3;42,0531591689375;-3,7531591689375006;99;Bajo (0-100 min);0
L;300,6;310,9;1433;42,6;45,10253789734727;-2,502537897347267;101;Moderado (100-200 min);0
M;300,7;311,1;1438;46,6;44,847852592150936;1,7521474078490655;103;Moderado (100-200 min);0
M;300,7;311,0;1418;49,3;45,82533104918528;3,474668950814717;106;Moderado (100-200 min);0
M;300,8;311,0;1580;36,6;37,98892063309095;-1,3889206330909474;109;Moderado (100-200 min);0
M;300,7;310,9;1468;41,8;43,410550611616266;-1,6105506116162687;112;Moderado (100-200 min);0
M;300,8;310,9;1522;41,7;40,804432203146824;0,8955677968531788;115;Moderado (100-200 min);0
L;300,8;310,9;1311;55,8;51,02061825430822;4,779381745691779;118;Moderado (100-200 min);0
L;300,9;311,0;1316;56,5;50,777093627728846;5,722906372271154;120;Moderado (100-200 min);0
H;300,9;311,0;1853;23,6;24,76941626831362;-1,1694162683136184;122;Moderado (100-200 min);0
M;300,9;311,0;1556;38,8;39,14896126330335;-0,34896126330335164;127;Moderado (100-200 min);0
M;300,9;311,0;1567;34,3;38,61399152101359;-4,313991521013591;130;Moderado (100-200 min);0
M;300,9;311,1;1546;37,7;39,61757725051424;-1,9175772505142348;133;Moderado (100-200 min);0
L;300,9;311,0;1382;51,2;47,568778384381766;3,6312216156182373;136;Moderado (100-200 min);0
L;300,9;311,0;2003;20,2;17,49309613014718;2,7069038698528196;138;Moderado (100-200 min);0
L;300,8;310,9;1748;29,9;29,840771761001193;0,05922823899880569;140;Moderado (100-200 min);0
H;300,7;310,8;1518;40,1;40,97773164934944;-0,8777316493494354;142;Moderado (100-200 min);0
L;300,7;310,8;1475;42,0;43,056404700480634;-1,056404700480634;147;Moderado (100-200 min);0
L;300,8;310,8;1634;29,2;35,36603177868274;-6,16603177868274;149;Moderado (100-200 min);0
L;300,8;310,8;1689;32,9;32,70095393477858;0,19904606522141677;151;Moderado (100-200 min);0
M;300,9;310,9;1636;35,3;35,26628983081258;0,03371016918741532;153;Moderado (100-200 min);0
L;300,9;311,0;2235;15,8;6,2441251461703615;9,55587485382964;156;Moderado (100-200 min);0
L;301,0;311,1;1615;35,6;36,26849408223502;-0,6684940822350214;158;Moderado (100-200 min);0
H;301,1;311,1;1618;29,5;36,132987393673076;-6,632987393673076;160;Moderado (100-200 min);0
M;301,1;311,2;1407;53,0;46,336509555826034;6,663490444173966;165;Moderado (100-200 min);0
L;301,1;311,1;1450;43,3;44,26298434174585;-0,9629843417458517;168;Moderado (100-200 min);0
L;301,1;311,1;1889;23,8;23,001312692953203;0,7986873070467979;170;Moderado (100-200 min);0
L;301,0;310,9;1568;38,2;38,556438562639386;-0,3564385626393829;172;Moderado (100-200 min);0
L;301,0;311,0;1804;25,8;27,114618064376554;-1,3146180643765533;174;Moderado (100-200 min);0
L;301,0;311,0;1582;37,5;37,86427064743623;-0,3642706474362285;176;Moderado (100-200 min);0
M;301,0;310,9;2047;17,9;15,354615305054551;2,5453846949454473;178;Moderado (100-200 min);0
L;300,9;310,9;1601;34,0;36,94024692483987;-2,940246924839869;181;Moderado (100-200 min);0
L;300,9;310,9;1615;32,0;36,26074289864516;-4,260742898645162;183;Moderado (100-200 min);0
M;300,9;310,8;1452;43,6;44,164267008008196;-0,5642670080081942;185;Moderado (100-200 min);0
M;300,9;310,8;1695;30,2;32,393855175264974;-2,193855175264975;188;Moderado (100-200 min);0
M;300,9;310,8;1790;26,2;27,790880538155854;-1,5908805381558544;191;Moderado (100-200 min);0
M;301,0;310,8;1533;39,3;40,246065966458076;-0,9460659664580788;194;Moderado (100-200 min);0
L;301,0;310,9;1813;28,5;26,672634156189375;1,8273658438106253;197;Moderado (100-200 min);0
L;301,0;310,9;1492;36,7;42,21672107957186;-5,516721079571859;199;Moderado (100-200 min);0
L;300,9;310,7;1479;43,3;42,85582900158706;0,44417099841293606;201;Alto (>200 min);0
L;300,8;310,7;1339;59,1;49,62305153829762;9,476948461702385;203;Alto (>200 min);1
M;300,8;310,7;1371;44,7;48,071832177498756;-3,371832177498753;205;Alto (>200 min);0
L;300,9;310,7;1468;36,2;43,3832826919194;-7,183282691919395;208;Alto (>200 min);0
L;300,9;310,7;1517;41,7;41,00877662621662;0,6912233737833802;210;Alto (>200 min);0
L;300,9;310,7;1352;46,4;48,99799731636317;-2,5979973163631698;212;Alto (>200 min);0
L;300,9;310,7;1389;50,0;47,20463480706315;2,795365192936849;214;Alto (>200 min);0
M;300,8;310,6;1505;36,2;41,747635541411945;-5,5476355414119425;0;Bajo (0-100 min);0
L;300,9;310,6;1538;36,7;40,158518356647335;-3,458518356647332;3;Bajo (0-100 min);0
L;300,9;310,8;1482;37,0;42,84669705223484;-5,846697052234838;5;Bajo (0-100 min);0
M;300,9;310,8;1599;33,0;37,1790441669164;-4,179044166916398;7;Bajo (0-100 min);0
L;300,9;310,8;1476;39,0;43,133510804457515;-4,133510804457515;10;Bajo (0-100 min);0
L;300,9;310,7;1509;37,5;41,54502349257538;-4,045023492575382;12;Bajo (0-100 min);0
L;300,9;310,8;1708;29,1;31,895062293221084;-2,7950622932210827;14;Bajo (0-100 min);0
L;300,9;310,7;1412;57,5;46,23959415271477;11,260405847285227;16;Bajo (0-100 min);0
L;300,9;310,7;1658;28,5;34,3246480360666;-5,824648036066598;18;Bajo (0-100 min);0
L;301,0;310,8;1375;57,2;48,028568763153594;9,17143123684641;20;Bajo (0-100 min);0
M;300,9;310,8;1402;48,1;46,70821013992566;1,39178986007434;22;Bajo (0-100 min);0
M;300,9;310,7;1452;47,3;44,295684517943876;3,0043154820561213;25;Bajo (0-100 min);0
M;300,8;310,7;1483;40,8;42,78085977071928;-1,9808597707192845;28;Bajo (0-100 min);0
H;300,9;310,8;1477;38,4;43,0692984656467;-4,669298465646705;31;Bajo (0-100 min);0
M;300,8;310,7;1924;22,4;21,417821231351724;0,982178768648275;36;Bajo (0-100 min);0
H;300,9;310,7;1609;28,7;36,681867182267304;-7,981867182267305;39;Bajo (0-100 min);0
M;300,8;310,7;1886;21,1;23,252096318394543;-2,152096318394541;44;Bajo (0-100 min);0
L;300,7;310,6;1616;29,6;36,32544978955626;-6,725449789556258;47;Bajo (0-100 min);0
L;300,7;310,7;1442;43,2;44,73936746838792;-1,5393674683879155;49;Bajo (0-100 min);0
L;300,8;310,8;1407;45,1;46,43298802981777;-1,3329880298177699;51;Bajo (0-100 min);0
M;300,8;310,8;1461;41,3;43,81633881561384;-2,5163388156138424;53;Bajo (0-100 min);0
M;300,8;310,9;1522;46,2;40,8487769096956;5,351223090304401;56;Bajo (0-100 min);0
L;300,9;311,0;1432;48,1;45,205220499442376;2,8947795005576253;59;Bajo (0-100 min);0
L;300,9;311,0;1438;49,0;44,91314551084951;4,08685448915049;61;Bajo (0-100 min);0
M;300,8;310,9;1678;28,1;33,28864944008946;-5,188649440089456;63;Bajo (0-100 min);0
M;300,8;310,9;1514;38,7;41,228689895340025;-2,5286898953400225;66;Bajo (0-100 min);0
L;300,7;310,8;1534;41,3;40,257740753434916;1,0422592465650808;69;Bajo (0-100 min);0
M;300,7;310,8;1486;41,2;42,58081176865449;-1,380811768654489;71;Bajo (0-100 min);0
L;300,7;310,8;1925;22,0;21,318388514666104;0,6816114853338959;74;Bajo (0-100 min);0
M;300,7;310,8;1724;30,0;31,05103987402094;-1,0510398740209403;76;Bajo (0-100 min);0
M;300,8;310,8;1549;35,5;39,53507766690427;-4,035077666904272;79;Bajo (0-100 min);0
L;300,8;310,9;1457;47,7;43,97709610512129;3,722903894878712;82;Bajo (0-100 min);0
L;300,8;310,9;1453;43,9;44,16930741353073;-0,26930741353073273;84;Bajo (0-100 min);0
L;300,8;311,0;1578;44,4;38,10306481199348;6,296935188006522;86;Bajo (0-100 min);0
M;300,9;311,1;1325;61,4;50,35412664807356;11,045873351926438;88;Bajo (0-100 min);0
L;300,9;311,1;1471;39,3;43,28129189625269;-3,981291896252692;91;Bajo (0-100 min);0
M;300,9;311,2;1472;40,0;43,22019937754402;-3,22019937754402;93;Bajo (0-100 min);0
L;300,9;311,1;1457;37,4;43,9555346860772;-6,555534686077202;96;Bajo (0-100 min);0
L;301,0;311,0;1402;55,3;46,64004919874559;8,65995080125441;98;Bajo (0-100 min);0
L;300,9;310,9;1477;41,5;43,00627702852355;-1,5062770285235487;100;Bajo (0-100 min);0
M;300,9;310,9;1727;30,1;30,897616393074454;-0,7976163930744526;102;Moderado (100-200 min);0
L;300,9;310,9;1995;20,2;17,91648881782547;2,2835111821745286;105;Moderado (100-200 min);0
L;300,9;310,9;1370;52,5;48,18287917007801;4,31712082992199;107;Moderado (100-200 min);0
L;300,9;310,9;1228;66,4;55,058241377119245;11,34175862288076;109;Moderado (100-200 min);0
L;300,9;311,0;1499;38,0;41,921418839348355;-3,9214188393483553;111;Moderado (100-200 min);0
M;301,0;311,0;1508;46,9;41,49534037258503;5,404659627414972;113;Moderado (100-200 min);0
L;301,0;310,9;1473;44,2;43,19924827512283;1,0007517248771762;116;Moderado (100-200 min);0
H;301,0;311,0;1640;37,6;35,099003226175896;2,500996773824106;118;Moderado (100-200 min);0
L;301,1;311,1;1429;42,5;45,31380779925908;-2,813807799259081;123;Moderado (100-200 min);0
L;301,1;311,1;1470;40,9;43,32673077115815;-2,426730771158148;125;Moderado (100-200 min);0
L;301,0;311,0;1581;37,0;37,949527931727815;-0,9495279317278147;127;Moderado (100-200 min);0
L;301,0;310,9;1740;28,9;30,259033277616652;-1,3590332776166534;129;Moderado (100-200 min);0
H;300,9;310,8;1390;40,6;47,20742872999255;-6,607428729992549;131;Moderado (100-200 min);0
M;300,9;310,8;1988;19,7;18,24335014327604;1,4566498567239599;136;Moderado (100-200 min);0
M;300,8;310,7;1452;43,0;44,19871911469906;-1,1987191146990597;139;Moderado (100-200 min);0
L;300,8;310,7;1586;33,4;37,70702791928096;-4,307027919280962;142;Moderado (100-200 min);0
L;300,8;310,7;1589;34,3;37,56023881978878;-3,260238819788782;144;Moderado (100-200 min);0
L;300,8;310,8;1486;45,7;42,535723789904075;3,1642762100959274;146;Moderado (100-200 min);0
L;300,9;310,9;1755;27,9;29,50704092246387;-1,6070409224638702;148;Moderado (100-200 min);0
M;301,0;310,9;1575;34,6;38,233973469044095;-3,6339734690440935;150;Moderado (100-200 min);0
M;301,1;311,1;1615;37,7;36,283534519143956;1,416465480856047;153;Moderado (100-200 min);0
M;301,1;311,1;1436;41,8;44,95000441989798;-3,150004419897982;156;Moderado (100-200 min);0
M;301,1;311,1;1470;40,6;43,30117619450292;-2,7011761945029207;159;Moderado (100-200 min);0
M;301,1;311,1;2089;19,8;13,321599594473053;6,478400405526948;162;Moderado (100-200 min);0
L;301,1;311,2;1564;37,0;38,73321469288985;-1,7332146928898524;165;Moderado (100-200 min);0
M;301,0;311,1;1420;47,4;45,70531242701828;1,6946875729817208;167;Moderado (100-200 min);0
L;301,1;311,1;1711;29,1;31,621608779594226;-2,5216087795942244;170;Moderado (100-200 min);0
L;301,1;311,2;1555;35,3;39,16381112382173;-3,8638111238217334;172;Moderado (100-200 min);0
M;301,1;311,1;1592;35,7;37,38160929313868;-1,6816092931386777;174;Moderado (100-200 min);0
L;301,0;311,1;1236;64,4;54,608664239903256;9,79133576009675;177;Moderado (100-200 min);1
M;301,0;310,9;1765;24,2;29,01073727532379;-4,810737275323792;179;Moderado (100-200 min);0
L;301,0;311,0;1634;31,2;35,341472271849796;-4,141472271849796;182;Moderado (100-200 min);0
L;301,1;311,1;1508;41,5;41,44209813600062;0,05790186399938335;184;Moderado (100-200 min);0
L;301,1;311,2;1774;29,6;28,547418746730877;1,0525812532691248;186;Moderado (100-200 min);0
L;301,1;311,0;1677;29,1;33,265813974495664;-4,165813974495663;188;Moderado (100-200 min);0
L;301,0;311,0;1399;58,0;46,716187409838014;11,283812590161986;190;Moderado (100-200 min);1
L;301,0;310,9;1570;34,0;38,44454919932408;-4,444549199324079;192;Moderado (100-200 min);0
L;301,0;310,9;1479;44,3;42,85005129165357;1,449948708346426;194;Moderado (100-200 min);0
L;301,0;310,8;1558;34,9;39,03384701356083;-4,133847013560832;196;Moderado (100-200 min);0
L;300,8;310,7;1358;48,1;48,70666559997194;-0,6066655999719401;198;Moderado (100-200 min);0
H;300,9;310,7;1656;30,7;34,28471314984201;-3,5847131498420133;200;Moderado (100-200 min);0
L;300,9;310,7;1523;35,8;40,72196287399395;-4,921962873993955;205;Alto (>200 min);0
H;300,9;310,7;1403;40,6;46,53189522763012;-5,931895227630122;207;Alto (>200 min);0
M;300,9;310,7;1362;51,6;48,513711019360855;3,0862889806391465;212;Alto (>200 min);0
M;300,7;310,6;1778;27,1;28,35374210523427;-1,25374210523427;215;Alto (>200 min);0
L;300,7;310,5;1448;38,2;44,34409576934005;-6,144095769340048;218;Alto (>200 min);0
H;300,8;310,5;1559;40,1;38,97829707315322;1,1217029268467797;220;Alto (>200 min);0
L;300,8;310,6;1416;42,2;45,8886724156905;-3,6886724156904975;225;Alto (>200 min);0
L;300,8;310,6;1577;37,9;38,09015982356192;-0,1901598235619204;227;Alto (>200 min);1
L;300,8;310,7;1633;27,8;35,53761026116549;-7,737610261165489;0;Bajo (0-100 min);0
L;300,9;310,7;1573;31,2;38,45310724371806;-7,253107243718059;2;Bajo (0-100 min);0
L;300,9;310,8;1517;44,3;41,152446617922514;3,147553382077483;4;Bajo (0-100 min);0
L;301,0;310,9;1515;37,3;41,24792239924477;-3,9479223992447743;6;Bajo (0-100 min);0
L;301,0;310,8;1527;45,3;40,67643631106748;4,623563688932521;8;Bajo (0-100 min);0
L;301,1;310,9;1282;67,9;52,54006910954572;15,359930890454287;10;Bajo (0-100 min);1
M;301,1;310,9;1396;45,1;47,01770211332797;-1,9177021133279695;12;Bajo (0-100 min);0
L;301,0;310,9;1492;44,6;42,35501643558839;2,244983564411612;15;Bajo (0-100 min);0
L;301,0;310,8;1975;19,7;18,973645758602558;0,7263542413974413;17;Bajo (0-100 min);0
L;301,0;310,8;1475;35,3;43,1864573983263;-7,8864573983263;19;Bajo (0-100 min);0
H;301,0;310,9;1495;37,3;42,20522091531325;-4,905220915313251;21;Bajo (0-100 min);0
L;301,0;311,0;1553;35,8;39,38144168810421;-3,5814416881042135;26;Bajo (0-100 min);0
L;301,1;311,0;1918;21,7;21,71477104805885;-0,014771048058850766;28;Bajo (0-100 min);0
M;301,1;311,0;1413;46,6;46,16972583628373;0,4302741637162697;30;Bajo (0-100 min);0
L;301,0;311,0;1437;56,0;44,993901496960746;11,006098503039254;33;Bajo (0-100 min);0
L;301,0;310,9;1450;45,9;44,37398677908323;1,5260132209167665;35;Bajo (0-100 min);0
M;301,0;310,9;1910;21,9;22,095313906585748;-0,1953139065857492;37;Bajo (0-100 min);0
L;300,9;310,9;1749;26,4;29,878786061805386;-3,478786061805387;40;Bajo (0-100 min);0
H;301,0;310,9;1916;22,0;21,800984102405653;0,19901589759434657;42;Bajo (0-100 min);0
L;301,0;310,9;1428;45,3;45,430397370139396;-0,13039737013939856;47;Bajo (0-100 min);0
L;301,0;310,9;1578;38,4;38,164599704713346;0,2354002952866523;49;Bajo (0-100 min);0
L;300,9;310,8;1571;39,9;38,501975169910196;1,3980248300898026;51;Bajo (0-100 min);0
L;300,9;310,8;1729;30,2;30,848748466882306;-0,6487484668823065;53;Bajo (0-100 min);0
L;300,9;310,8;1701;30,4;32,203246888097276;-1,8032468880972772;55;Bajo (0-100 min);0
L;300,9;310,8;1493;45,8;42,274898655353724;3,5251013446462736;57;Bajo (0-100 min);0
M;301,0;310,9;1554;32,7;39,31937076556146;-6,619370765561456;59;Bajo (0-100 min);0
L;300,9;310,9;1497;43,2;42,066265431957135;1,1337345680428683;62;Bajo (0-100 min);0
L;301,0;310,9;1679;29,8;33,26203402705394;-3,4620340270539423;64;Bajo (0-100 min);0
M;301,0;310,9;1510;44,5;41,4449692360014;3,0550307639986016;66;Bajo (0-100 min);0
L;301,0;310,9;1296;54,9;51,80644117626349;3,093558823736508;69;Bajo (0-100 min);0
L;301,0;310,9;1404;41,8;46,57464595824712;-4,77464595824712;71;Bajo (0-100 min);0
M;300,9;310,8;1519;34,9;41,003728600015855;-6,103728600015856;73;Bajo (0-100 min);0
M;300,9;310,7;1696;27,3;32,44076700610481;-5,140767006104806;76;Bajo (0-100 min);0
M;300,8;310,6;1669;28,4;33,74596346011053;-5,345963460110532;79;Bajo (0-100 min);0
L;300,7;310,6;1447;40,7;44,483582027044235;-3,7835820270442326;82;Bajo (0-100 min);0
M;300,7;310,6;1418;46,3;45,88650907795943;0,41349092204056603;84;Bajo (0-100 min);0
L;300,7;310,6;1407;40,5;46,41696918907474;-5,916969189074742;87;Bajo (0-100 min);0
L;300,8;310,5;1434;44,5;45,130336066324226;-0,6303360663242259;89;Bajo (0-100 min);0
L;300,8;310,6;1360;48,8;48,701390775132836;0,09860922486716106;91;Bajo (0-100 min);0
L;300,8;310,6;1402;53,7;46,66588511733167;7,034114882668334;93;Bajo (0-100 min);0
L;300,9;310,6;1552;34,9;39,41136986283585;-4,511369862835849;95;Bajo (0-100 min);0
L;300,9;310,7;1392;44,2;47,14728672586428;-2,9472867258642736;97;Bajo (0-100 min);0
L;301,1;310,8;1521;41,0;40,90989442738656;0,09010557261343877;99;Bajo (0-100 min);0
L;301,1;310,8;1724;27,5;31,077379387848303;-3,5773793878483033;101;Moderado (100-200 min);0
M;301,0;310,7;1455;46,1;44,10305583450554;1,9969441654944617;103;Moderado (100-200 min);0
H;301,0;310,6;1366;50,6;48,422109740855774;2,1778902591442275;106;Moderado (100-200 min);0
H;301,1;310,6;1407;43,9;46,444060308097846;-2,5440603080978477;111;Moderado (100-200 min);0
L;301,1;310,8;1470;49,3;43,3669772537707;5,933022746229298;116;Moderado (100-200 min);0
M;301,2;310,9;1359;50,8;48,741173672418064;2,058826327581933;118;Moderado (100-200 min);0
H;301,1;310,8;1792;25,8;27,76920046431779;-1,9692004643177903;121;Moderado (100-200 min);0
M;301,1;310,9;1552;37,9;39,377152887777434;-1,4771528877774358;126;Moderado (100-200 min);0
L;301,2;311,0;1612;32,9;36,46930202248964;-3,5693020224896443;129;Moderado (100-200 min);0
M;301,2;311,0;1424;41,4;45,57238119574148;-4,17238119574148;131;Moderado (100-200 min);0
H;301,3;311,0;1341;59,3;49,60098505620361;9,699014943796385;134;Moderado (100-200 min);0
L;301,2;310,8;1479;38,2;42,925115077896784;-4,725115077896781;139;Moderado (100-200 min);0
L;301,2;310,9;1413;50,1;46,10874074910355;3,991259250896448;141;Moderado (100-200 min);0
L;301,3;310,9;2165;17,4;9,700190415069017;7,699809584930982;143;Moderado (100-200 min);0
M;301,3;311,0;1641;33,0;35,06412848898132;-2,064128488981318;145;Moderado (100-200 min);0
M;301,3;311,0;1495;40,8;42,13245360962773;-1,3324536096277342;148;Moderado (100-200 min);0
L;301,3;311,0;1576;30,4;38,20747978832184;-7,807479788321842;151;Moderado (100-200 min);0
L;301,2;310,9;1467;37,1;43,484575482942205;-6,3845754829422035;153;Moderado (100-200 min);0
L;301,2;310,8;1479;41,2;42,91308939476491;-1,713089394764907;155;Moderado (100-200 min);0
L;301,3;310,9;1596;33,9;37,245558241759745;-3,345558241759747;157;Moderado (100-200 min);0
M;301,3;310,9;1512;36,9;41,312059926187615;-4,4120599261876166;159;Moderado (100-200 min);0
L;301,4;310,9;1414;38,8;46,0670932321532;-7,267093232153201;162;Moderado (100-200 min);0
L;301,3;310,8;1390;57,4;47,227755402253976;10,172244597746023;164;Moderado (100-200 min);0
L;301,2;310,7;1644;31,6;34,925258515690686;-3,3252585156906846;166;Moderado (100-200 min);0
M;301,2;310,7;1394;42,8;47,03091273035682;-4,23091273035682;168;Moderado (100-200 min);0
L;301,1;310,5;1324;52,4;50,42970094008941;1,9702990599105874;171;Moderado (100-200 min);0
L;301,0;310,4;1476;43,6;43,06692428294963;0,533075717050373;173;Moderado (100-200 min);0
L;301,0;310,4;2204;16,6;7,809378650790393;8,790621349209609;175;Moderado (100-200 min);0
M;301,0;310,4;1665;30,9;33,91090684882311;-3,0109068488231117;177;Moderado (100-200 min);0
L;300,9;310,4;1445;41,7;44,55166815635636;-2,8516681563563537;180;Moderado (100-200 min);0
H;300,8;310,3;1457;46,8;43,96889965724883;2,8311003427511636;182;Moderado (100-200 min);0
L;300,8;310,2;1492;46,3;42,28130027037902;4,018699729620977;187;Moderado (100-200 min);0
L;300,8;310,1;1405;61,2;46,504248522524534;14,695751477475469;189;Moderado (100-200 min);1
L;300,7;310,1;1542;35,5;39,856740632271254;-4,356740632271254;191;Moderado (100-200 min);0
L;300,8;310,2;1520;37,7;40,92078900759812;-3,220789007598114;193;Moderado (100-200 min);0
M;300,8;310,2;1598;36,5;37,141852680588656;-0,6418526805886557;195;Moderado (100-200 min);0
L;300,8;310,3;1538;36,1;40,0341549683983;-3,934154968398296;198;Moderado (100-200 min);0
L;300,9;310,4;1615;30,9;36,30376900340234;-5,4037690034023385;200;Moderado (100-200 min);0
L;301,0;310,5;1408;47,0;46,32711387327183;0,6728861267281729;202;Alto (>200 min);0
L;301,0;310,5;1379;57,3;47,73004092418702;9,569959075812974;204;Alto (>200 min);1
L;301,0;310,6;1493;37,8;42,19651324935231;-4,39651324935231;206;Alto (>200 min);1
L;301,1;310,7;1376;49,1;48,0176153269154;1,0823846730846043;0;Bajo (0-100 min);0
M;301,1;310,7;1583;40,7;37,99138576857621;2,7086142314237946;2;Bajo (0-100 min);0
M;301,2;310,8;1396;47,4;47,04540643924534;0,3545935607546582;5;Bajo (0-100 min);0
L;301,1;310,7;1436;45,3;45,10588470333563;0,19411529666436422;8;Bajo (0-100 min);0
L;301,1;310,6;1417;47,6;46,03568613586548;1,564313864134519;10;Bajo (0-100 min);0
L;301,0;310,6;1641;33,4;35,17488746169215;-1,7748874616921526;12;Bajo (0-100 min);0
M;301,0;310,6;1698;27,3;32,412952358387535;-5,112952358387535;14;Bajo (0-100 min);0
L;300,9;310,4;1541;39,1;40,02503135204017;-0,9250313520401718;17;Bajo (0-100 min);0
L;300,8;310,3;1383;46,6;47,67512990197183;-1,0751299019718275;19;Bajo (0-100 min);0
L;300,8;310,4;1368;46,8;48,38889545846685;-1,588895458466851;21;Bajo (0-100 min);0
L;300,8;310,4;1570;35,2;38,604809048628816;-3,404809048628813;23;Bajo (0-100 min);0
L;300,9;310,5;1616;33,5;36,37571060434;-2,87571060434;25;Bajo (0-100 min);0
M;300,9;310,5;1444;43,2;44,70393170238815;-1,5039317023881438;27;Bajo (0-100 min);0
L;300,9;310,4;2021;18,8;16,76951822838492;2,0304817716150794;30;Bajo (0-100 min);0
M;300,9;310,5;1702;29,3;32,205587213749986;-2,9055872137499854;32;Bajo (0-100 min);0
M;301,1;310,6;1429;52,7;45,435752449569165;7,264247550430838;35;Bajo (0-100 min);0
L;301,2;310,8;1711;28,9;31,765585112213266;-2,8655851122132674;38;Bajo (0-100 min);0
M;301,2;310,7;1543;32,9;39,911252370077456;-7,011252370077457;40;Bajo (0-100 min);0
L;301,3;310,8;1628;32,2;35,79268576228391;-3,5926857622839066;43;Bajo (0-100 min);0
L;301,2;310,8;1233;64,6;54,90920887255322;9,690791127446772;45;Bajo (0-100 min);0
L;301,2;310,8;1461;40,6;43,865978090509195;-3,2659780905091935;47;Bajo (0-100 min);0
L;301,2;310,7;1568;38,3;38,693772180810015;-0,39377218081001786;49;Bajo (0-100 min);0
L;301,3;310,8;1432;54,4;45,27868434196314;9,121315658036856;51;Bajo (0-100 min);0
M;301,2;310,7;1527;41,1;40,6763395777365;0,4236604222635023;53;Bajo (0-100 min);0
M;301,3;310,8;1455;41,2;44,161067832879134;-2,961067832879131;56;Bajo (0-100 min);0
M;301,3;310,8;1418;45,4;45,95067231620043;-0,5506723162004334;59;Bajo (0-100 min);0
L;301,3;310,8;1719;29,5;31,371399960843846;-1,8713999608438456;62;Bajo (0-100 min);0
M;301,2;310,8;1734;31,3;30,632184894018675;0,667815105981326;64;Bajo (0-100 min);0
M;301,2;310,7;1426;46,1;45,55710870471938;0,5428912952806186;67;Bajo (0-100 min);0
L;301,1;310,6;1611;35,2;36,59543566227626;-1,395435662276256;70;Bajo (0-100 min);0
M;301,1;310,6;1479;41,1;42,986511572315194;-1,886511572315193;72;Bajo (0-100 min);0
L;301,0;310,5;1317;50,9;50,82957303585203;0,07042696414796978;75;Bajo (0-100 min);0
L;301,0;310,5;1248;61,4;54,16964527477644;7,230354725223556;77;Bajo (0-100 min);0
L;301,0;310,5;1932;21,7;21,042959349427342;0,6570406505726574;79;Bajo (0-100 min);0
M;301,1;310,5;1547;35,8;39,697760984554805;-3,8977609845548074;81;Bajo (0-100 min);0
L;301,0;310,4;1614;31,6;36,45066624673887;-4,850666246738868;84;Bajo (0-100 min);0
H;301,0;310,4;1512;44,9;41,38888326577089;3,5111167342291054;86;Bajo (0-100 min);0
L;301,1;310,5;1529;38,7;40,561960267201535;-1,8619602672015318;91;Bajo (0-100 min);0
H;301,1;310,6;1782;24,9;28,296853064034785;-3,3968530640347865;93;Bajo (0-100 min);0
L;301,0;310,5;1429;39,4;45,38827958992415;-5,988279589924154;98;Bajo (0-100 min);0
M;301,1;310,5;1309;60,7;51,209494354490545;9,490505645509458;100;Bajo (0-100 min);0
L;301,1;310,5;1428;44,1;45,4442326045759;-1,3442326045759003;103;Moderado (100-200 min);0
L;301,2;310,6;1385;49,2;47,52528220360759;1,6747177963924145;105;Moderado (100-200 min);0
L;301,2;310,7;1517;39,4;41,12003919416873;-1,7200391941687343;107;Moderado (100-200 min);0
M;301,2;310,6;1576;39,6;38,272407510080605;1,3275924899193967;109;Moderado (100-200 min);0
L;301,2;310,6;1437;51,2;45,00173222282541;6,198267777174593;112;Moderado (100-200 min);0
H;301,2;310,6;1457;50,5;44,03165641842932;6,468343581570679;114;Moderado (100-200 min);0
L;301,1;310,5;1532;37,5;40,39562943262006;-2,895629432620062;119;Moderado (100-200 min);0
M;301,1;310,5;1603;32,6;36,955693513512216;-4,355693513512215;121;Moderado (100-200 min);0
L;301,0;310,4;1563;34,4;38,890462153620945;-4,490462153620946;124;Moderado (100-200 min);0
L;301,0;310,3;1617;34,5;36,284973618033966;-1,7849736180339661;126;Moderado (100-200 min);0
M;300,8;310,1;1686;26,9;32,94165149370005;-6,041651493700051;128;Moderado (100-200 min);0
L;300,9;310,2;1382;50,4;47,661821839296145;2,7381781607038533;131;Moderado (100-200 min);0
L;300,9;310,1;2090;17,8;13,384009479758465;4,415990520241536;133;Moderado (100-200 min);0
L;300,9;310,3;1446;44,5;44,548222439081464;-0,04822243908146362;135;Moderado (100-200 min);0
M;300,9;310,2;1533;38,1;40,344589123386896;-2,244589123386895;137;Moderado (100-200 min);0
L;300,9;310,3;1440;47,6;44,83503619130414;2,7649638086958603;140;Moderado (100-200 min);0
M;301,0;310,4;1793;25,0;27,738348429044585;-2,738348429044585;142;Moderado (100-200 min);0
M;301,0;310,4;1517;46,1;41,10239541072096;4,997604589279042;145;Moderado (100-200 min);0
L;300,9;310,4;1544;36,0;39,78128518229728;-3,7812851822972817;148;Moderado (100-200 min);0
L;300,9;310,3;1321;48,8;50,59052707367414;-1,7905270736741414;150;Moderado (100-200 min);0
M;300,9;310,3;1416;50,9;45,98830404176076;4,911695958239235;152;Moderado (100-200 min);0
L;300,8;310,2;1514;40,0;41,23992178323769;-1,2399217832376905;155;Moderado (100-200 min);0
M;300,8;310,2;1304;52,5;51,4084308098946;1,0915691901054032;157;Moderado (100-200 min);0
L;300,7;310,2;1286;64,9;52,266608917981294;12,633391082018711;160;Moderado (100-200 min);0
M;300,7;310,1;1483;40,2;42,735826335261365;-2,535826335261362;162;Moderado (100-200 min);0
L;300,7;310,1;1351;46,9;49,12615064010456;-2,2261506401045636;165;Moderado (100-200 min);0
M;300,7;310,1;1367;52,6;48,34978935450939;4,250210645490611;167;Moderado (100-200 min);0
L;300,7;310,1;1721;32,3;31,20379962504059;1,096200374959409;170;Moderado (100-200 min);0
L;300,6;310,0;1455;40,4;44,08419018259714;-3,684190182597142;172;Moderado (100-200 min);0
L;300,6;310,0;1425;49,5;45,53554586321257;3,964454136787431;174;Moderado (100-200 min);0
L;300,7;310,0;1672;29,7;33,58345352779439;-3,8834535277943907;176;Moderado (100-200 min);0
M;300,7;310,0;1641;34,6;35,08323783811005;-0,4832378381100497;178;Moderado (100-200 min);0
M;300,5;310,0;1580;37,0;38,01256461237642;-1,0125646123764227;181;Moderado (100-200 min);0
H;300,5;310,0;1495;47,4;42,12674332130879;5,273256678691212;184;Moderado (100-200 min);0
M;300,5;309,9;1994;19,8;17,968259753532053;1,8317402464679482;189;Moderado (100-200 min);0
M;300,4;309,9;1415;31,8;45,99489912344802;-14,194899123448021;192;Moderado (100-200 min);0
M;300,4;309,8;1725;30,4;30,990929779406308;-0,5909297794063093;195;Moderado (100-200 min);0
M;300,4;309,8;1430;43,4;45,27512072538706;-1,8751207253870632;198;Moderado (100-200 min);0
L;300,4;309,8;1395;48,1;46,9678679493079;1,1321320506920998;201;Alto (>200 min);0
M;300,4;309,8;1435;43,6;45,0292195509072;-1,4292195509071988;203;Alto (>200 min);0
L;300,4;309,9;1681;28,6;33,102361150446335;-4,502361150446333;206;Alto (>200 min);0
L;300,5;310,0;1451;48,6;44,23956450342112;4,36043549657888;208;Alto (>200 min);0
H;300,5;309,9;1397;45,9;46,86436797545904;-0,9643679754590408;210;Alto (>200 min);1
M;300,4;309,8;1421;47,2;45,859796221446054;1,3402037785539491;0;Bajo (0-100 min);0
M;300,3;309,8;1444;42,0;44,73240051182331;-2,7324005118233075;3;Bajo (0-100 min);0
L;300,2;309,8;1827;23,0;26,17069811011759;-3,1706981101175913;6;Bajo (0-100 min);0
H;300,2;309,8;1374;47,7;48,1073641539305;-0,4073641539304944;8;Bajo (0-100 min);0
L;300,2;309,8;1650;29,6;34,73730433068818;-5,137304330688181;13;Bajo (0-100 min);0
L;300,2;309,7;1275;60,7;52,90769793650007;7,792302063499932;15;Bajo (0-100 min);0
L;300,2;309,7;1421;44,6;45,835614789874946;-1,235614789874944;17;Bajo (0-100 min);0
L;300,2;309,8;1557;33,8;39,236657261635166;-5,436657261635169;19;Bajo (0-100 min);0
L;300,1;309,8;1506;35,2;41,69373175502521;-6,493731755025209;21;Bajo (0-100 min);0
L;300,1;309,7;1362;49,1;48,677111900083865;0,4228880999161362;23;Bajo (0-100 min);0
L;300,0;309,7;1542;47,1;39,947172932720676;7,1528270672793255;25;Bajo (0-100 min);0
L;300,0;309,6;1496;38,8;42,184547367156746;-3,384547367156749;27;Bajo (0-100 min);0
M;300,0;309,6;1491;42,0;42,42518730526641;-0,42518730526641235;29;Bajo (0-100 min);0
L;300,1;309,6;1565;34,8;38,850496302792365;-4,050496302792368;32;Bajo (0-100 min);0
L;300,1;309,7;1481;37,9;42,90583730860328;-5,005837308603283;34;Bajo (0-100 min);0
M;300,1;309,7;1420;48,4;45,858480509925855;2,541519490074144;36;Bajo (0-100 min);0
L;300,2;309,8;1398;54,8;46,921777280056965;7,878222719943032;39;Bajo (0-100 min);0
M;300,2;309,8;1466;45,7;43,62712725004981;2,072872749950193;41;Bajo (0-100 min);0
L;300,1;309,8;1430;56,7;45,357020692740655;11,342979307259348;44;Bajo (0-100 min);0
L;300,1;309,7;1441;40,1;44,8339632342636;-4,733963234263598;46;Bajo (0-100 min);0
M;300,1;309,7;1348;57,3;49,33632258599354;7,963677414006455;48;Bajo (0-100 min);0
L;300,0;309,6;1738;28,7;30,44678045500317;-1,7467804550031722;51;Bajo (0-100 min);0
M;300,0;309,6;1618;36,2;36,25671280863934;-0,056712808639339585;53;Bajo (0-100 min);0
M;299,9;309,6;1489;41,7;42,49046881345161;-0,7904688134516107;56;Bajo (0-100 min);0
M;299,9;309,5;1412;57,9;46,22837916339909;11,671620836600908;59;Bajo (0-100 min);0
M;299,9;309,5;2065;18,1;14,602229153561389;3,4977708464386126;62;Bajo (0-100 min);0
L;300,0;309,6;1571;33,1;38,52383914220127;-5,423839142201267;65;Bajo (0-100 min);0
M;300,0;309,6;1423;48,7;45,689773127443885;3,0102268725561174;67;Bajo (0-100 min);0
H;300,0;309,5;1781;24,9;28,361229557791127;-3,4612295577911283;70;Bajo (0-100 min);0
L;300,1;309,6;1321;46,9;50,63476292623169;-3,7347629262316886;75;Bajo (0-100 min);0
L;300,1;309,6;1546;36,7;39,73681803328835;-3,0368180332883483;77;Bajo (0-100 min);0
M;300,0;309,5;1879;22,4;23,608459400406865;-1,2084594004068663;79;Bajo (0-100 min);0
H;300,0;309,5;1735;28,9;30,57992726165282;-1,6799272616528214;82;Bajo (0-100 min);0
L;300,0;309,5;1506;38,8;41,666325437026885;-2,8663254370268874;87;Bajo (0-100 min);0
H;300,0;309,6;1629;32,3;35,696940094890095;-3,3969400948900983;89;Bajo (0-100 min);0
L;300,0;309,6;1694;28,7;32,5453211383964;-3,845321138396404;94;Bajo (0-100 min);0
L;300,1;309,6;1541;37,0;39,964680683070405;-2,964680683070405;96;Bajo (0-100 min);0
L;300,0;309,6;1514;44,6;41,259468063654914;3,340531936345087;98;Bajo (0-100 min);0
L;300,1;309,7;1485;45,9;42,66251684688339;3,2374831531166066;100;Bajo (0-100 min);0
L;300,2;309,8;1430;55,0;45,32471000231784;9,675289997682157;102;Moderado (100-200 min);0
L;300,2;309,7;1771;27,1;28,820204742764737;-1,7202047427647358;104;Moderado (100-200 min);0
L;300,2;309,8;1481;41,9;42,85184346682312;-0,9518434668231208;106;Moderado (100-200 min);0
H;300,2;309,7;1483;43,8;42,76464367564814;1,0353563243518593;108;Moderado (100-200 min);0
H;300,1;309,6;1463;45,1;43,72933651136077;1,3706634886392308;113;Moderado (100-200 min);0
L;300,1;309,7;1410;48,3;46,281135180877314;2,0188648191226832;118;Moderado (100-200 min);0
L;300,2;309,7;1656;34,3;34,37747147515937;-0,07747147515937058;120;Moderado (100-200 min);0
M;300,2;309,8;1487;39,2;42,54924600548987;-3,349246005489867;122;Moderado (100-200 min);0
H;300,3;309,9;1509;46,6;41,481683068810845;5,118316931189156;125;Moderado (100-200 min);0
H;300,3;309,9;1677;30,1;33,34191525319342;-3,2419152531934188;130;Moderado (100-200 min);0
L;300,3;309,8;1450;55,0;44,34261684778398;10,65738315221602;135;Moderado (100-200 min);0
M;300,2;309,7;1413;43,0;46,13285120398775;-3,132851203987748;137;Moderado (100-200 min);0
L;300,1;309,7;1680;33,8;33,188869847508776;0,6111301524912207;140;Moderado (100-200 min);0
L;300,2;309,7;1678;30,5;33,29550630744797;-2,7955063074479725;142;Moderado (100-200 min);0
M;300,2;309,7;1408;44,0;46,36973311611871;-2,3697331161187094;144;Moderado (100-200 min);0
M;300,1;309,6;1376;52,1;47,91707271862559;4,182927281374411;147;Moderado (100-200 min);0
L;300,0;309,6;1526;46,4;40,63924103707357;5,760758962926431;150;Moderado (100-200 min);0
M;300,0;309,6;1587;32,6;37,68359141496803;-5,083591414968026;152;Moderado (100-200 min);0
L;300,1;309,7;1351;58,2;49,11061494094846;9,089385059051544;155;Moderado (100-200 min);0
M;300,1;309,6;1501;38,0;41,85597795413936;-3,8559779541393624;157;Moderado (100-200 min);0
L;300,1;309,7;1601;35,8;36,99969948991214;-1,1996994899121418;160;Moderado (100-200 min);0
M;300,0;309,6;1573;39,7;38,354076178813834;1,3459238211861688;162;Moderado (100-200 min);0
M;300,1;309,6;1584;36,7;37,8303888474543;-1,1303888474542987;165;Moderado (100-200 min);0
L;300,1;309,6;1649;33,6;34,6802731013521;-1,0802731013520983;168;Moderado (100-200 min);0
M;300,2;309,7;1183;61,4;57,246633063581264;4,153366936418735;170;Moderado (100-200 min);0
L;300,1;309,7;2151;17,5;10,35418228724075;7,14581771275925;173;Moderado (100-200 min);0
L;300,2;309,8;1526;45,6;40,62069437180656;4,979305628193444;175;Moderado (100-200 min);0
M;300,3;309,9;1611;29,0;36,502879369208756;-7,502879369208756;177;Moderado (100-200 min);0
L;300,3;309,9;1601;31,7;36,984910850623834;-5,2849108506238345;180;Moderado (100-200 min);0
L;300,3;310,0;1560;40,8;38,95782077932484;1,8421792206751562;182;Moderado (100-200 min);0
L;300,4;310,1;1544;41,9;39,73129737645031;2,1687026235496916;184;Moderado (100-200 min);0
M;300,4;310,0;1560;42,3;38,966096769472095;3,333903230527902;186;Moderado (100-200 min);0
L;300,4;310,0;1423;44,2;45,59856422281644;-1,3985642228164394;189;Moderado (100-200 min);0
L;300,4;310,1;1614;33,5;36,33603206106398;-2,8360320610639818;191;Moderado (100-200 min);0
M;300,4;310,1;1457;35,1;43,93782371360867;-8,837823713608671;193;Moderado (100-200 min);0
L;300,4;310,1;1503;42,2;41,70785193181085;0,49214806818915235;196;Moderado (100-200 min);0
H;300,4;310,1;1484;38,0;42,62649268572375;-4,626492685723747;198;Moderado (100-200 min);0
L;300,3;309,9;1540;39,9;39,92177034283583;-0,021770342835829126;203;Alto (>200 min);0
H;300,3;309,9;1405;52,1;46,458132141975454;5,641867858024547;205;Alto (>200 min);0
H;300,3;309,9;1394;46,7;46,987089042699274;-0,2870890426992716;210;Alto (>200 min);1
L;300,3;309,9;1518;36,4;41,13977605097652;-4,739776050976523;0;Bajo (0-100 min);0
L;300,3;309,9;1527;41,4;40,702415173282965;0,6975848267170335;2;Bajo (0-100 min);0
L;300,3;309,9;1377;55,3;47,96520641792605;7,334793582073949;4;Bajo (0-100 min);0
M;300,3;310,0;1537;37,5;40,20396177688073;-2,703961776880732;6;Bajo (0-100 min);0
M;300,3;310,0;1409;43,2;46,400571562923005;-3,2005715629230025;9;Bajo (0-100 min);0
L;300,3;309,9;1393;56,1;47,184335501156426;8,915664498843576;12;Bajo (0-100 min);0
L;300,2;309,7;1448;36,8;44,53029660355595;-7,730296603555956;14;Bajo (0-100 min);0
L;300,2;309,8;1418;49,3;45,97049160555442;3,3295083944455754;16;Bajo (0-100 min);0
M;300,2;309,8;1743;24,1;30,229683742588044;-6,129683742588043;18;Bajo (0-100 min);0
M;300,2;309,8;1394;47,4;47,12902069238124;0,27097930761875944;21;Bajo (0-100 min);0
L;300,3;309,8;1523;39,2;40,89075505639452;-1,690755056394515;24;Bajo (0-100 min);0
L;300,2;309,8;1353;59,4;49,11083648411198;10,28916351588802;26;Bajo (0-100 min);0
M;300,3;309,9;1447;46,5;44,55716381421211;1,9428361857878897;28;Bajo (0-100 min);0
L;300,3;309,9;1570;34,0;38,598187545496536;-4,598187545496536;31;Bajo (0-100 min);0
M;300,3;309,9;1494;38,5;42,277260192322565;-3,777260192322565;33;Bajo (0-100 min);0
L;300,3;309,9;1621;34,1;36,124569404806074;-2,0245694048060727;36;Bajo (0-100 min);0
L;300,4;310,0;1769;26,1;28,95575073109375;-2,8557507310937496;38;Bajo (0-100 min);0
L;300,4;310,0;1282;66,1;52,538990184714486;13,561009815285509;40;Bajo (0-100 min);0
L;300,4;310,0;1581;30,3;38,0573266939541;-7,757326693954102;42;Bajo (0-100 min);0
L;300,6;310,1;1656;32,7;34,435080399288836;-1,735080399288833;44;Bajo (0-100 min);0
L;300,6;310,2;1648;31,7;34,80984554788224;-3,109845547882241;46;Bajo (0-100 min);0
L;300,7;310,2;1639;31,4;35,25548241572305;-3,8554824157230527;48;Bajo (0-100 min);0
L;300,7;310,2;1348;54,8;49,34671044809863;5,453289551901371;50;Bajo (0-100 min);0
L;300,8;310,3;1537;33,3;40,19231795667686;-6,892317956676862;52;Bajo (0-100 min);0
M;300,8;310,3;1270;61,0;53,1212588762469;7,878741123753102;54;Bajo (0-100 min);0
L;300,7;310,3;1662;34,4;34,123698807239116;0,27630119276088294;57;Bajo (0-100 min);0
M;300,7;310,3;1471;40,2;43,37206386959164;-3,172063869591639;59;Bajo (0-100 min);0
L;300,6;310,1;1337;45,8;49,87028438013899;-4,070284380138993;62;Bajo (0-100 min);0
H;300,7;310,2;1877;24,8;23,717442863936338;1,082557136063663;64;Bajo (0-100 min);0
L;300,6;310,2;1519;44,6;41,0398518597099;3,560148140290103;69;Bajo (0-100 min);0
L;300,6;310,2;1378;47,3;47,86678543705091;-0,5667854370509104;71;Bajo (0-100 min);0
L;300,7;310,2;1696;27,5;32,47626039291637;-4,976260392916373;73;Bajo (0-100 min);0
L;300,7;310,1;1376;50,8;47,98307936521558;2,8169206347844167;75;Bajo (0-100 min);0
L;300,7;310,2;1807;24,2;27,097676075407822;-2,897676075407823;77;Bajo (0-100 min);0
L;300,7;310,1;1598;32,8;37,22891715098145;-4,428917150981455;79;Bajo (0-100 min);0
L;300,7;310,1;1565;40,2;38,82555872069757;1,374441279302431;81;Bajo (0-100 min);0
L;300,7;310,2;1387;50,6;47,433190918330155;3,1668090816698466;83;Bajo (0-100 min);0
L;300,7;310,0;1395;48,0;47,066580027570744;0,933419972429256;85;Bajo (0-100 min);0
M;300,6;310,0;1302;62,9;51,557656968370466;11,342343031629532;87;Bajo (0-100 min);0
M;300,6;310,0;1397;55,2;46,95468233126135;8,24531766873865;90;Bajo (0-100 min);0
L;300,6;310,0;1313;52,9;51,02043241049348;1,8795675895065216;93;Bajo (0-100 min);0
L;300,6;310,0;1505;35,9;41,72063229765775;-5,8206322976577525;95;Bajo (0-100 min);0
H;300,6;310,0;1483;44,0;42,78455894067134;1,2154410593286613;97;Bajo (0-100 min);0
H;300,5;310,0;1358;60,4;48,8230972162912;11,576902783708796;102;Moderado (100-200 min);0
M;300,5;309,9;1735;27,0;30,572906471942577;-3,572906471942577;107;Moderado (100-200 min);0
M;300,5;309,8;1416;48,5;46,03054520934582;2,469454790654183;110;Moderado (100-200 min);0
L;300,4;309,7;1740;31,1;30,33729263857066;0,7627073614293423;113;Moderado (100-200 min);0
L;300,4;309,7;1692;27,4;32,660363653790235;-5,260363653790236;115;Moderado (100-200 min);0
L;300,5;309,8;1507;42,5;41,618278670254654;0,8817213297453463;117;Moderado (100-200 min);0
M;300,4;309,6;1521;35,0;40,949813590363625;-5,949813590363625;119;Moderado (100-200 min);0
L;300,4;309,6;1379;54,5;47,82442419220912;6,675575807790878;122;Moderado (100-200 min);0
L;300,4;309,6;1523;38,5;40,849198304984455;-2,349198304984455;124;Moderado (100-200 min);0
H;300,4;309,6;1571;33,6;38,52312086898191;-4,923120868981911;126;Moderado (100-200 min);0
H;300,4;309,5;1547;50,7;39,69281063442569;11,007189365574312;131;Moderado (100-200 min);0
M;300,5;309,7;1347;54,3;49,36373960218938;4,936260397810614;136;Moderado (100-200 min);0
L;300,5;309,7;1560;30,2;39,046186660453074;-8,846186660453075;139;Moderado (100-200 min);0
L;300,5;309,7;1384;48,6;47,568122277302145;1,0318777226978568;141;Moderado (100-200 min);0
L;300,5;309,7;1841;24,6;25,43473529390535;-0,8347352939053501;143;Moderado (100-200 min);0
L;300,5;309,8;1663;29,1;34,04236749153793;-4,942367491537929;145;Moderado (100-200 min);1
L;300,6;309,8;1418;42,7;45,91716096863313;-3,2171609686331237;147;Moderado (100-200 min);0
L;300,7;309,9;1775;26,6;28,626758687572647;-2,026758687572645;149;Moderado (100-200 min);0
L;300,7;309,8;1406;48,4;46,50658051518315;1,893419484816846;151;Moderado (100-200 min);0
L;300,6;309,9;1480;43,7;42,898915617427434;0,8010843825725686;153;Moderado (100-200 min);0
L;300,7;309,9;1412;45,3;46,20184163758184;-0,9018416375818461;155;Moderado (100-200 min);0
H;300,6;309,8;1913;22,5;21,93747321506164;0,5625267849383597;157;Moderado (100-200 min);0
L;300,6;309,8;1629;37,6;35,687446023948375;1,9125539760516261;162;Moderado (100-200 min);0
L;300,5;309,8;1939;21,4;20,661785195555225;0,7382148044447732;164;Moderado (100-200 min);0
H;300,6;309,8;1541;36,2;39,946159016785685;-3,7461590167856826;166;Moderado (100-200 min);0
L;300,7;309,8;1330;54,4;50,172124268485824;4,227875731514175;171;Moderado (100-200 min);0
M;300,7;309,8;1490;38,8;42,42204030605747;-3,622040306057471;173;Moderado (100-200 min);0
L;300,7;309,9;1383;44,5;47,59048818977794;-3,0904881897779433;176;Moderado (100-200 min);0
L;300,8;310,0;1468;52,7;43,47267318718014;9,227326812819861;178;Moderado (100-200 min);0
M;300,8;309,9;1444;46,0;44,64461776821115;1,3553822317888518;180;Moderado (100-200 min);0
L;300,7;309,8;1363;53,1;48,564960226029314;4,535039773970688;183;Moderado (100-200 min);0
L;300,6;309,7;1617;33,2;36,26246333946604;-3,062463339466035;185;Moderado (100-200 min);0
M;300,6;309,8;1694;31,1;32,52079496353985;-1,4207949635398478;187;Moderado (100-200 min);0
L;300,7;309,9;1815;27,0;26,65879768653801;0,3412023134619915;190;Moderado (100-200 min);0
L;300,8;309,9;1312;65,3;51,02817762629266;14,271822373707337;192;Moderado (100-200 min);1
H;300,8;309,9;2041;19,2;15,722203364433192;3,4777966355668077;194;Moderado (100-200 min);0
L;300,9;310,0;1671;26,8;33,637160059853;-6,837160059853002;199;Moderado (100-200 min);0
M;300,9;310,0;1416;46,6;45,98495742302028;0,6150425769797181;201;Alto (>200 min);0
M;300,9;310,0;1600;36,0;37,07183474259065;-1,071834742590653;204;Alto (>200 min);0
L;300,9;310,0;2595;13,7;-11,116906624725857;24,816906624725856;207;Alto (>200 min);0
M;300,9;309,9;1465;42,9;43,61710240476002;-0,7171024047600199;209;Alto (>200 min);0
M;301,0;310,1;1681;27,4;33,143224627619325;-5,743224627619327;212;Alto (>200 min);0
L;301,1;310,1;1457;39,6;44,000265275813945;-4,400265275813943;215;Alto (>200 min);0
H;301,0;310,1;1454;44,1;44,132765543592924;-0,03276554359292305;217;Alto (>200 min);0
L;301,0;310,1;1558;32,6;39,25928638224497;-6,6592863822449715;0;Bajo (0-100 min);0
H;301,0;310,1;1756;30,7;29,668914491207865;1,0310855087921347;2;Bajo (0-100 min);0
L;301,1;310,1;1564;36,8;38,97473577860362;-2,174735778603626;7;Bajo (0-100 min);0
L;301,1;310,2;1455;55,3;44,2407925269203;11,059207473079695;9;Bajo (0-100 min);0
M;301,2;310,1;2280;15,7;4,308112903385883;11,391887096614116;11;Bajo (0-100 min);0
M;301,1;310,0;1433;48,1;45,32478571158058;2,77521428841942;14;Bajo (0-100 min);0
L;301,1;310,0;1513;38,0;41,44824051997492;-3,4482405199749167;17;Bajo (0-100 min);0
L;301,0;309,9;1507;41,8;41,73718735547155;0,06281264452844937;19;Bajo (0-100 min);0
L;301,0;310,0;1480;43,5;43,032096468369325;0,4679035316306752;21;Bajo (0-100 min);0
H;301,1;310,0;1470;40,1;43,526161965910376;-3,4261619659103744;23;Bajo (0-100 min);0
L;301,1;310,1;1540;36,6;40,121239182298574;-3,5212391822985722;28;Bajo (0-100 min);0
H;301,0;310,0;1212;67,9;56,00420478126941;11,895795218730598;30;Bajo (0-100 min);0
L;301,1;310,1;1417;46,9;46,072699399056724;0,8273006009432748;35;Bajo (0-100 min);0
M;301,2;310,1;1666;34,9;34,02374980423808;0,8762501957619193;37;Bajo (0-100 min);0
L;301,1;310,1;1666;27,2;34,01021257772064;-6,8102125777206375;40;Bajo (0-100 min);0
L;301,1;310,1;1489;45,8;42,58057682426994;3,219423175730057;42;Bajo (0-100 min);0
M;301,1;310,2;1850;27,7;25,085177613478308;2,6148223865216913;44;Bajo (0-100 min);0
L;301,1;310,4;1874;24,8;23,89831432785164;0,9016856721483606;47;Bajo (0-100 min);0
L;301,1;310,4;1312;73,6;51,11370100898966;22,486298991010337;49;Bajo (0-100 min);1
L;301,2;310,4;1515;38,4;41,29246838038162;-2,8924683803816222;51;Bajo (0-100 min);0
L;301,2;310,4;1516;44,4;41,242536540289905;3,157463459710094;53;Bajo (0-100 min);0
L;301,2;310,5;1546;40,0;39,77701376027455;0,22298623972545073;55;Bajo (0-100 min);0
L;301,3;310,6;1481;40,9;42,923493212711314;-2,0234932127113154;57;Bajo (0-100 min);0
H;301,3;310,6;1605;32,5;36,91683991949125;-4,416839919491252;59;Bajo (0-100 min);0
H;301,2;310,7;1656;26,2;34,42077868925361;-8,22077868925361;64;Bajo (0-100 min);0
H;301,2;310,6;1352;52,0;49,150484770761906;2,8495152292380936;69;Bajo (0-100 min);0
L;301,3;310,7;1504;47,2;41,785696762661445;5,414303237338558;74;Bajo (0-100 min);0
L;301,3;310,6;1436;44,2;45,088501050502586;-0,8885010505025832;76;Bajo (0-100 min);0
H;301,2;310,5;1505;43,6;41,74530065848193;1,8546993415180708;78;Bajo (0-100 min);0
L;301,3;310,5;1406;47,1;46,54725938375626;0,5527406162437387;83;Bajo (0-100 min);0
M;301,3;310,5;1481;39,7;42,9136089458475;-3,213608945847497;85;Bajo (0-100 min);0
L;301,4;310,7;1487;44,6;42,6097434057552;1,990256594244805;88;Bajo (0-100 min);0
L;301,4;310,7;1436;54,1;45,07810031007546;9,021899689924538;90;Bajo (0-100 min);0
M;301,4;310,7;1368;63,7;48,36974391929965;15,330256080700352;92;Bajo (0-100 min);1
L;301,4;310,7;1509;38,3;41,53905231597993;-3,239052315979933;95;Bajo (0-100 min);0
L;301,4;310,8;1543;36,9;39,87981501716365;-2,979815017163652;97;Bajo (0-100 min);0
L;301,4;310,8;1698;29,6;32,37187420323645;-2,7718742032364503;99;Bajo (0-100 min);0
M;301,4;310,7;1470;46,5;43,423259243114465;3,0767407568855347;101;Moderado (100-200 min);0
M;301,4;310,8;1738;30,3;30,43097098924852;-0,1309709892485209;104;Moderado (100-200 min);0
M;301,4;310,8;1530;39,9;40,50187115130923;-0,6018711513092327;107;Moderado (100-200 min);0
L;301,4;310,8;1740;29,2;30,329604098673613;-1,1296040986736138;110;Moderado (100-200 min);0
L;301,4;310,8;1770;24,1;28,875241997275214;-4,775241997275213;112;Moderado (100-200 min);0
H;301,3;310,6;1527;44,0;40,65293475034342;3,3470652496565805;114;Moderado (100-200 min);0
L;301,3;310,7;1516;46,0;41,170730972450286;4,829269027549714;119;Moderado (100-200 min);0
L;301,4;310,7;1616;36,5;36,33764720296598;0,16235279703401773;121;Moderado (100-200 min);0
L;301,4;310,7;1786;26,1;28,103276943535327;-2,003276943535326;123;Moderado (100-200 min);0
L;301,4;310,8;1389;52,7;47,316779045518366;5,3832209544816365;125;Moderado (100-200 min);0
M;301,4;310,7;1639;29,8;35,219279088686235;-5,419279088686235;127;Moderado (100-200 min);0
H;301,5;310,7;1394;46,7;47,09332096058569;-0,3933209605856902;130;Moderado (100-200 min);0
L;301,5;310,7;1686;27,9;32,9484030621397;-5,048403062139698;135;Moderado (100-200 min);0
M;301,5;310,6;1638;31,9;35,282634755976225;-3,382634755976227;137;Moderado (100-200 min);0
M;301,5;310,6;1447;41,9;44,530248213133014;-2,630248213133015;140;Moderado (100-200 min);0
H;301,5;310,6;1512;39,0;41,38013246703081;-2,380132467030812;143;Moderado (100-200 min);0
L;301,6;310,8;1961;21,8;19,620880759344946;2,179119240655055;148;Moderado (100-200 min);0
L;301,5;310,7;1596;35,4;37,2957056572243;-1,8957056572243047;150;Moderado (100-200 min);0
M;301,5;310,7;1871;21,3;23,97632927926945;-2,6763292792694493;152;Moderado (100-200 min);0
L;301,5;310,7;1942;20,5;20,535641754965866;-0,03564175496586586;155;Moderado (100-200 min);0
L;301,4;310,6;1557;38,2;39,179039246849825;-0,9790392468498226;157;Moderado (100-200 min);0
L;301,4;310,6;1550;36,8;39,51653644435995;-2,716536444359953;159;Moderado (100-200 min);0
L;301,3;310,6;1966;22,6;19,357440867742383;3,242559132257618;161;Moderado (100-200 min);0
M;301,3;310,6;1499;36,1;41,97210772735851;-5,872107727358511;163;Moderado (100-200 min);0
L;301,3;310,6;1521;36,3;40,90442305836622;-4,604423058366223;166;Moderado (100-200 min);0
M;301,4;310,7;1375;42,0;47,973621516521646;-5,973621516521646;168;Moderado (100-200 min);0
L;301,4;310,6;1634;31,1;35,43951228719169;-4,339512287191688;171;Moderado (100-200 min);0
M;301,3;310,6;1378;49,4;47,824455869128975;1,5755441308710232;173;Moderado (100-200 min);0
L;301,4;310,7;1428;53,7;45,4008913008435;8,299108699156506;176;Moderado (100-200 min);0
M;301,4;310,6;1855;25,3;24,73152388707057;0,5684761129294316;178;Moderado (100-200 min);0
L;301,4;310,6;1578;33,0;38,14399949844717;-5,143999498447172;181;Moderado (100-200 min);0
M;301,4;310,5;1451;45,3;44,30409293860192;0,9959070613980785;183;Moderado (100-200 min);0
L;301,5;310,5;1644;34,9;34,96639500180045;-0,06639500180045133;186;Moderado (100-200 min);0
L;301,4;310,4;1388;45,3;47,36249926235469;-2,0624992623546916;188;Moderado (100-200 min);0
L;301,4;310,4;1543;40,9;39,85455844842748;1,045441551572516;190;Moderado (100-200 min);0
L;301,3;310,4;1501;41,6;41,875775274515455;-0,27577527451545336;192;Moderado (100-200 min);0
L;301,3;310,4;1507;39,1;41,58370028592259;-2,4837002859225876;194;Moderado (100-200 min);0
L;301,4;310,4;1559;36,0;39,075190742049344;-3,075190742049344;196;Moderado (100-200 min);0
L;301,5;310,5;1528;35,7;40,57509678467827;-4,87509678467827;198;Moderado (100-200 min);0
M;301,5;310,5;1503;38,2;41,78430931679255;-3,584309316792549;200;Moderado (100-200 min);0
L;301,5;310,5;1372;44,0;48,12620499193551;-4,126204991935509;203;Alto (>200 min);0
M;301,5;310,5;1600;32,8;37,08297420989149;-4,282974209891492;205;Alto (>200 min);0
L;301,5;310,6;1453;44,0;44,188567281621175;-0,1885672816211752;208;Alto (>200 min);0
M;301,6;310,7;1813;24,6;26,752879111460008;-2,152879111460006;210;Alto (>200 min);0
L;301,6;310,7;1457;40,4;43,99121646915482;-3,5912164691548227;213;Alto (>200 min);0
M;301,6;310,6;1553;38,9;39,5133206032427;-0,6133206032426983;0;Bajo (0-100 min);0
L;301,7;310,7;1763;25,9;29,341175282920346;-3,441175282920348;3;Bajo (0-100 min);0
L;301,7;310,7;2023;20,9;16,74822835046895;4,1517716495310495;5;Bajo (0-100 min);0
M;301,6;310,7;1457;47,8;44,14604713947767;3,653952860522324;7;Bajo (0-100 min);0
L;301,6;310,7;1679;29,5;33,39263653043929;-3,8926365304392903;10;Bajo (0-100 min);0
L;301,6;310,6;2103;19,7;12,868555005767057;6,8314449942329425;12;Bajo (0-100 min);0
M;301,5;310,7;1460;38,6;43,98421760307656;-5,384217603076557;14;Bajo (0-100 min);0
M;301,5;310,7;1454;39,4;44,27253456569071;-4,872534565690714;17;Bajo (0-100 min);0
L;301,5;310,6;1481;46,8;42,973867426814216;3,826132573185781;20;Bajo (0-100 min);0
L;301,5;310,7;1424;51,1;45,72163543071892;5,378364569281082;22;Bajo (0-100 min);0
L;301,6;310,7;1494;39,5;42,341410552241534;-2,841410552241534;24;Bajo (0-100 min);0
M;301,5;310,6;1424;47,0;45,729789688552906;1,2702103114470944;26;Bajo (0-100 min);0
M;301,5;310,7;1347;47,9;49,44537868126646;-1,5453786812664632;29;Bajo (0-100 min);0
L;301,5;310,6;1374;46,7;48,14671154238997;-1,44671154238997;32;Bajo (0-100 min);0
M;301,5;310,6;1403;47,4;46,7407780706918;0,6592219293081953;34;Bajo (0-100 min);0
M;301,5;310,6;1573;37,4;38,5056562060654;-1,1056562060654045;37;Bajo (0-100 min);0
M;301,6;310,6;1691;30,1;32,80010549678122;-2,7001054967812195;40;Bajo (0-100 min);0
H;301,5;310,5;1538;44,3;40,20730929301598;4,0926907069840155;43;Bajo (0-100 min);0
L;301,5;310,5;1556;39,1;39,33183593243312;-0,23183593243312117;48;Bajo (0-100 min);0
M;301,5;310,4;1593;36,8;37,54963410175007;-0,7496341017500754;50;Bajo (0-100 min);0
L;301,5;310,4;1474;39,9;43,310386220490265;-3,410386220490267;53;Bajo (0-100 min);0
L;301,5;310,4;1543;34,0;39,967307560782885;-5,967307560782885;55;Bajo (0-100 min);0
H;301,5;310,5;1587;33,8;37,8237839649643;-4,023783964964302;57;Bajo (0-100 min);0
L;301,6;310,6;1222;70,0;55,49659751188297;14,503402488117032;62;Bajo (0-100 min);0
L;301,7;310,6;1513;41,1;41,413645469654654;-0,31364546965465223;64;Bajo (0-100 min);0
L;301,7;310,6;1660;28,7;34,293133693329295;-5,593133693329296;66;Bajo (0-100 min);0
L;301,7;310,6;1545;42,1;39,86092289846431;2,239077101535692;68;Bajo (0-100 min);0
M;301,7;310,6;1380;45,8;47,85014358861085;-2,050143588610851;70;Bajo (0-100 min);0
L;301,6;310,6;1321;60,8;50,69389551440699;10,106104485593008;73;Bajo (0-100 min);0
M;301,6;310,6;1309;65,8;51,27353586041827;14,526464139581726;75;Bajo (0-100 min);1
M;301,7;310,7;1627;31,3;35,87109853247104;-4,571098532471037;78;Bajo (0-100 min);0
M;301,6;310,7;1791;23,8;27,915266035115796;-4,115266035115795;81;Bajo (0-100 min);0
M;301,7;310,7;1861;21,8;24,53428955144266;-2,734289551442661;84;Bajo (0-100 min);0
L;301,7;310,7;1493;51,1;42,35377046554024;8,746229534459765;87;Bajo (0-100 min);0
M;301,7;310,7;1442;41,1;44,82212736986051;-3,722127369860509;89;Bajo (0-100 min);0
L;301,7;310,7;1532;39,8;40,46129588125254;-0,661295881252542;92;Bajo (0-100 min);0
M;301,6;310,7;1421;44,4;45,824088156656416;-1,424088156656417;94;Bajo (0-100 min);0
L;301,6;310,6;1613;42,5;36,5346971172419;5,9653028827581025;97;Bajo (0-100 min);0
M;301,7;310,6;1876;22,1;23,807746706620033;-1,707746706620032;99;Bajo (0-100 min);0
L;301,6;310,5;1593;34,5;37,51067236388476;-3,0106723638847583;102;Moderado (100-200 min);0
L;301,6;310,5;1397;49,4;47,00118057473844;2,398819425261557;104;Moderado (100-200 min);0
M;301,6;310,5;1414;49,3;46,17639065944304;3,1236093405569605;106;Moderado (100-200 min);0
M;301,5;310,4;1378;55,3;47,91744478075084;7,382555219249156;109;Moderado (100-200 min);0
L;301,4;310,4;1301;51,2;51,63291204115112;-0,4329120411511198;112;Moderado (100-200 min);0
M;301,5;310,5;1737;29,3;30,51664801377244;-1,2166480137724385;114;Moderado (100-200 min);0
L;301,5;310,5;1396;44,5;47,02855592596379;-2,5285559259637935;117;Moderado (100-200 min);0
L;301,5;310,5;1534;39,3;40,34390181694051;-1,0439018169405117;119;Moderado (100-200 min);0
M;301,5;310,5;1774;25,5;28,719527478493717;-3,219527478493717;121;Moderado (100-200 min);0
H;301,5;310,5;1453;48,0;44,262862796680466;3,7371372033195343;124;Moderado (100-200 min);0
L;301,5;310,5;1453;44,2;44,259104770701754;-0,05910477070175091;129;Moderado (100-200 min);0
L;301,4;310,5;1380;48,4;47,78160911749686;0,6183908825031352;131;Moderado (100-200 min);0
L;301,4;310,4;1334;43,2;50,01898355193294;-6,818983551932938;133;Moderado (100-200 min);0
L;301,5;310,5;1702;28,7;32,19586634416992;-3,4958663441699223;135;Moderado (100-200 min);0
L;301,6;310,6;1431;37,5;45,31864351485416;-7,818643514854159;137;Moderado (100-200 min);0
M;301,5;310,5;1308;60,5;51,273740025277746;9,226259974722254;139;Moderado (100-200 min);0
L;301,5;310,6;1565;43,9;38,81416669811434;5,085833301885657;142;Moderado (100-200 min);0
M;301,5;310,4;1486;39,6;42,66084659127498;-3,0608465912749807;144;Moderado (100-200 min);0
L;301,5;310,5;1479;34,2;42,98643150497241;-8,786431504972406;147;Moderado (100-200 min);0
L;301,5;310,5;1927;22,4;21,288902188877685;1,1110978111223133;149;Moderado (100-200 min);0
L;301,5;310,4;1488;41,1;42,55872809550433;-1,458728095504327;151;Moderado (100-200 min);0
M;301,5;310,4;1350;54,9;49,24037578374464;5,659624216255359;153;Moderado (100-200 min);0
L;301,6;310,4;1561;35,3;39,03096251233902;-3,730962512339026;156;Moderado (100-200 min);0
M;301,5;310,4;1276;55,6;52,82033635558298;2,7796636444170204;158;Moderado (100-200 min);0
H;301,5;310,4;1580;35,7;38,0957781111257;-2,3957781111257006;161;Moderado (100-200 min);0
M;301,4;310,3;1610;29,1;36,639039461826805;-7,539039461826803;166;Moderado (100-200 min);0
L;301,4;310,3;2203;16,6;7,918607234002934;8,681392765997067;169;Moderado (100-200 min);0
L;301,4;310,3;1639;32,7;35,230851174541414;-2,530851174541411;171;Moderado (100-200 min);0
M;301,4;310,4;1553;44,7;39,383049439752796;5,316950560247207;173;Moderado (100-200 min);0
L;301,4;310,3;1374;47,6;48,060680019123765;-0,4606800191237639;176;Moderado (100-200 min);0
L;301,4;310,4;1430;50,9;45,33601286690243;5,563987133097569;178;Moderado (100-200 min);0
L;301,3;310,3;1626;31,3;35,84237650295251;-4,542376502952511;180;Moderado (100-200 min);0
H;301,4;310,5;1421;43,8;45,757703434804576;-1,9577034348045785;182;Moderado (100-200 min);0
M;301,3;310,4;1501;39,8;41,87953330049417;-2,0795333004941696;187;Moderado (100-200 min);0
M;301,3;310,4;2093;18,7;13,207529702370525;5,492470297629474;190;Moderado (100-200 min);0
L;301,3;310,4;1504;47,2;41,729737780219025;5,470262219780977;193;Moderado (100-200 min);0
L;301,3;310,4;1538;38,4;40,081661160019706;-1,6816611600197078;195;Moderado (100-200 min);0
L;301,3;310,4;1440;41,5;44,8261636602508;-3,326163660250799;197;Moderado (100-200 min);0
L;301,3;310,4;1414;51,4;46,08380482206531;5,316195177934688;199;Moderado (100-200 min);0
H;301,4;310,5;1536;39,9;40,174130520558975;-0,2741305205589768;201;Alto (>200 min);0
L;301,4;310,5;1476;39,2;43,07609027659409;-3,876090276594084;206;Alto (>200 min);0
L;301,4;310,5;1571;33,9;38,47386724468072;-4,57386724468072;208;Alto (>200 min);0
L;301,5;310,6;1998;20,2;17,793460884604105;2,406539115395894;210;Alto (>200 min);0
L;301,5;310,6;1357;42,1;48,834709312060326;-6,734709312060325;212;Alto (>200 min);0
L;301,6;310,7;1424;50,5;45,58860964406668;4,911390355933321;214;Alto (>200 min);0
L;301,6;310,7;1380;51,8;47,71796614048534;4,0820338595146595;216;Alto (>200 min);1
L;301,5;310,7;1618;35,5;36,179166650508776;-0,6791666505087761;218;Alto (>200 min);0
L;301,5;310,6;1579;28,0;38,07754067704324;-10,077540677043238;220;Alto (>200 min);0
L;301,5;310,7;1423;44,0;45,61974302127075;-1,6197430212707502;222;Alto (>200 min);0
L;301,5;310,7;1435;38,5;45,037096254476495;-6,537096254476495;224;Alto (>200 min);0
M;301,5;310,7;1336;65,6;49,99989015864552;15,600109841354474;0;Bajo (0-100 min);1
L;301,6;310,8;1392;42,4;47,28575381215866;-4,8857538121586614;3;Bajo (0-100 min);0
L;301,5;310,8;1417;49,7;46,06225244833118;3,6377475516688236;5;Bajo (0-100 min);0
L;301,4;310,7;1425;45,1;45,67319846802459;-0,5731984680245858;7;Bajo (0-100 min);0
L;301,5;310,8;1512;38,9;41,45852620602632;-2,558526206026322;9;Bajo (0-100 min);0
L;301,5;310,9;1318;50,6;50,841016478862585;-0,24101647886258348;11;Bajo (0-100 min);0
L;301,6;310,9;1538;40,4;40,19649714535064;0,2035028546493578;13;Bajo (0-100 min);0
L;301,6;310,9;1532;43,6;40,48556571316054;3,1144342868394617;15;Bajo (0-100 min);0
L;301,7;311,0;1715;24,8;31,621744999940148;-6,821744999940147;17;Bajo (0-100 min);0
L;301,7;311,0;1700;28,7;32,34667123505212;-3,6466712350521213;19;Bajo (0-100 min);0
L;301,7;311,0;1548;40,3;39,70631973909566;0,5936802609043355;21;Bajo (0-100 min);0
L;301,7;311,0;1546;43,0;39,80167378810464;3,1983262118953633;23;Bajo (0-100 min);0
L;301,7;311,0;1343;49,2;49,631182406859935;-0,43118240685993214;25;Bajo (0-100 min);0
M;301,7;311,0;1510;47,8;41,542098036529964;6,257901963470033;27;Bajo (0-100 min);0
M;301,8;311,0;1839;23,6;25,618106460497152;-2,018106460497151;30;Bajo (0-100 min);0
M;301,8;311,0;1756;26,7;29,635427910029055;-2,9354279100290555;33;Bajo (0-100 min);0
M;301,7;310,9;1300;62,7;51,71650650543364;10,98349349456636;36;Bajo (0-100 min);0
M;301,7;311,0;1311;55,8;51,17037608452692;4,629623915473076;39;Bajo (0-100 min);0
L;301,7;310,9;1636;31,3;35,43997729498176;-4,139977294981758;42;Bajo (0-100 min);0
L;301,6;310,9;1643;34,1;35,08819126575844;-0,988191265758438;44;Bajo (0-100 min);0
L;301,6;310,8;1418;44,7;45,99429041653576;-1,294290416535759;46;Bajo (0-100 min);0
M;301,7;310,8;1516;40,4;41,258063906451916;-0,8580639064519175;48;Bajo (0-100 min);0
H;301,6;310,9;1419;50,2;45,930943082239864;4,269056917760139;51;Bajo (0-100 min);0
L;301,6;310,9;1623;34,1;36,047744597414145;-1,9477445974141432;56;Bajo (0-100 min);0
M;301,6;310,8;1664;32,0;34,07182824793017;-2,0718282479301706;58;Bajo (0-100 min);0
M;301,5;310,7;1744;28,2;30,195161324011238;-1,9951613240112387;61;Bajo (0-100 min);0
M;301,5;310,7;1510;36,0;41,525205858277936;-5,5252058582779355;64;Bajo (0-100 min);0
M;301,5;310,6;1382;58,1;47,73297632293716;10,36702367706284;67;Bajo (0-100 min);0
L;301,4;310,6;1381;46,1;47,76786772611993;-1,6678677261199297;70;Bajo (0-100 min);0
L;301,3;310,6;1556;39,0;39,2800719072579;-0,28007190725789854;72;Bajo (0-100 min);0
M;301,4;310,6;1464;37,4;43,74528504021784;-6,3452850402178385;74;Bajo (0-100 min);0
L;301,4;310,6;1481;37,6;42,919743519726694;-5,319743519726693;77;Bajo (0-100 min);0
L;301,5;310,7;1323;49,7;50,5700855342849;-0,8700855342848968;79;Bajo (0-100 min);0
L;301,5;310,7;1426;46,1;45,580433464769676;0,5195665352303251;81;Bajo (0-100 min);0
H;301,4;310,7;1516;36,4;41,20907117042722;-4,809071170427224;83;Bajo (0-100 min);0
L;301,3;310,6;1416;45,2;46,04805438215829;-0,8480543821582884;88;Bajo (0-100 min);0
L;301,3;310,6;1440;53,8;44,88426405896128;8,915735941038719;90;Bajo (0-100 min);0
L;301,3;310,6;1576;30,4;38,29646720933845;-7,896467209338454;92;Bajo (0-100 min);0
L;301,3;310,6;1387;53,6;47,44797501229052;6,152024987709481;94;Bajo (0-100 min);0
M;301,4;310,6;1464;48,6;43,72874972591151;4,871250274088489;96;Bajo (0-100 min);0
L;301,4;310,6;2137;18,0;11,134027122069206;6,865972877930794;99;Bajo (0-100 min);0
M;301,4;310,6;1431;40,6;45,32313648004041;-4,723136480040409;101;Moderado (100-200 min);0
L;301,3;310,6;1458;48,0;44,00202625161674;3,9979737483832594;104;Moderado (100-200 min);0
L;301,4;310,7;1280;61,0;52,620940860179545;8,379059139820455;106;Moderado (100-200 min);0
L;301,4;310,7;1657;28,7;34,361844252801184;-5,661844252801185;108;Moderado (100-200 min);0
M;301,4;310,6;1565;36,1;38,826935653447855;-2,7269356534478533;110;Moderado (100-200 min);0
L;301,3;310,6;1560;36,8;39,055541575431555;-2,2555415754315575;113;Moderado (100-200 min);0
M;301,5;310,7;1359;47,1;48,79959707802989;-1,699597078029889;115;Moderado (100-200 min);0
L;301,5;310,8;1500;41,0;41,95774479609321;-0,9577447960932091;118;Moderado (100-200 min);0
L;301,5;310,8;1785;25,5;28,15408212113605;-2,6540821211360495;120;Moderado (100-200 min);0
L;301,5;310,9;1891;23,2;23,00798348390319;0,19201651609681036;122;Moderado (100-200 min);0
H;301,5;310,9;1524;40,4;40,779787373496276;-0,3797873734962778;124;Moderado (100-200 min);0
M;301,6;311,0;1431;42,3;45,280013641952266;-2,9800136419522687;129;Moderado (100-200 min);0
L;301,6;310,9;1385;51,2;47,5166364711926;3,683363528807405;132;Moderado (100-200 min);0
L;301,7;311,0;1503;44,8;41,80067668848719;2,9993233115128106;134;Moderado (100-200 min);0
M;301,7;311,0;1311;46,8;51,097470380539946;-4,297470380539949;136;Moderado (100-200 min);0
M;301,6;310,9;1575;40,1;38,30993559177862;1,790064408221383;139;Moderado (100-200 min);0
L;301,6;311,0;1485;40,1;42,65509677059517;-2,5550967705951706;142;Moderado (100-200 min);0
L;301,7;311,0;1527;42,2;40,63087352372423;1,5691264762757697;144;Moderado (100-200 min);0
M;301,7;311,0;1537;33,5;40,14508401633044;-6,645084016330443;146;Moderado (100-200 min);0
H;301,8;311,1;1463;50,1;43,726669530873544;6,373330469126458;149;Moderado (100-200 min);0
L;301,7;311,2;1482;43,6;42,78032445104327;0,8196755489567309;154;Moderado (100-200 min);0
L;301,8;311,2;1417;55,9;45,937964582096996;9,962035417903003;156;Moderado (100-200 min);0
M;301,7;311,1;1506;39,5;41,62619159607173;-2,1261915960717275;158;Moderado (100-200 min);0
H;301,7;311,2;1639;30,0;35,171768351736894;-5,171768351736894;161;Moderado (100-200 min);0
L;301,7;311,2;1418;38,0;45,87073748950911;-7,870737489509111;166;Moderado (100-200 min);0
M;301,7;311,0;1298;58,1;51,702991200379195;6,3970087996208065;168;Moderado (100-200 min);0
M;301,8;311,1;1395;44,6;47,003281036182884;-2,4032810361828822;171;Moderado (100-200 min);0
M;301,7;311,1;1578;40,5;38,12730457452326;2,372695425476742;174;Moderado (100-200 min);0
M;301,8;311,1;1597;29,8;37,216188205561885;-7,416188205561884;177;Moderado (100-200 min);0
H;301,7;311,0;2016;19,3;16,922215813264838;2,3777841867351626;180;Moderado (100-200 min);0
L;301,7;311,0;1585;35,9;37,79119718808545;-1,8911971880854495;185;Moderado (100-200 min);0
M;301,7;311,0;1505;44,0;41,663984353712394;2,3360156462876063;187;Moderado (100-200 min);0
M;301,7;311,0;1505;37,1;41,66172953812517;-4,561729538125171;190;Moderado (100-200 min);0
L;301,6;310,9;1706;29,5;31,925198420478363;-2,425198420478363;193;Moderado (100-200 min);0
L;301,6;310,9;1385;50,7;47,469285343860854;3,230714656139149;195;Moderado (100-200 min);0
L;301,8;311,1;1495;36,9;42,14087633107055;-5,240876331070552;197;Moderado (100-200 min);0
M;301,8;311,1;1663;31,6;34,003363331040354;-2,403363331040353;199;Moderado (100-200 min);0
L;301,8;311,2;1840;26,6;25,418080379895386;1,1819196201046154;202;Alto (>200 min);0
L;301,8;311,2;1822;26,2;26,28829250410805;-0,08829250410805045;204;Alto (>200 min);0
L;301,7;311,1;1644;32,8;34,90696364804431;-2,1069636480443137;206;Alto (>200 min);0
L;301,7;311,0;1441;44,3;44,74763294541656;-0,44763294541656506;208;Alto (>200 min);1
L;301,5;310,9;1451;40,6;44,4082763858851;-3,808276385885101;0;Bajo (0-100 min);0
L;301,5;310,9;1400;50,8;46,87663329020537;3,923366709794628;2;Bajo (0-100 min);0
L;301,4;310,8;1362;53,2;48,71529627610937;4,484703723890632;4;Bajo (0-100 min);0
M;301,4;310,8;1782;26,5;28,3737685916211;-1,8737685916211007;6;Bajo (0-100 min);0
L;301,4;310,9;1536;38,3;40,27379600367361;-1,9737960036736126;9;Bajo (0-100 min);0
L;301,5;310,9;1580;32,3;38,15271549740221;-5,852715497402215;11;Bajo (0-100 min);0
M;301,4;311,0;1427;43,2;45,5383495415988;-2,338349541598795;13;Bajo (0-100 min);0
L;301,3;310,9;1509;41,7;41,564825358279414;0,1351746417205888;16;Bajo (0-100 min);0
H;301,3;310,8;1434;39,5;45,20663005402217;-5,70663005402217;18;Bajo (0-100 min);0
L;301,2;310,8;1392;52,6;47,22559206452291;5,374407935477095;23;Bajo (0-100 min);0
M;301,3;310,8;1509;40,1;41,56922159013469;-1,469221590134687;25;Bajo (0-100 min);0
M;301,2;310,7;1962;22,5;19,628675788029806;2,871324211970194;28;Bajo (0-100 min);0
L;301,3;310,7;1536;39,3;40,26829963567098;-0,9682996356709808;31;Bajo (0-100 min);0
L;301,3;310,8;1381;47,9;47,76207335019825;0,13792664980174862;33;Bajo (0-100 min);0
H;301,2;310,7;1747;27,3;30,035569937209157;-2,7355699372091564;35;Bajo (0-100 min);0
L;301,2;310,6;1670;30,0;33,77197707676515;-3,771977076765147;40;Bajo (0-100 min);0
L;301,3;310,6;1451;47,5;44,387626181654355;3,1123738183456453;42;Bajo (0-100 min);0
L;301,2;310,7;1951;21,3;20,149365031600468;1,1506349683995332;44;Bajo (0-100 min);0
M;301,3;310,7;1819;25,5;26,55172335256963;-1,0517233525696312;46;Bajo (0-100 min);0
M;301,3;310,8;1372;54,2;48,18590533436845;6,0140946656315535;49;Bajo (0-100 min);0
L;301,3;310,8;1560;38,5;39,0790681351379;-0,5790681351379021;52;Bajo (0-100 min);0
M;301,3;310,8;1494;35,3;42,27385448496163;-6,973854484961635;54;Bajo (0-100 min);0
L;301,3;310,8;1531;53,4;40,479740370465876;12,920259629534122;57;Bajo (0-100 min);0
L;301,3;310,8;1450;46,9;44,400956165793055;2,499043834206944;59;Bajo (0-100 min);0
M;301,3;310,7;1391;52,5;47,26790278633213;5,2320972136678705;61;Bajo (0-100 min);0
L;301,2;310,6;1389;45,3;47,36238349783209;-2,0623834978320943;64;Bajo (0-100 min);0
L;301,2;310,6;1409;50,9;46,392307693435995;4,507692306564003;66;Bajo (0-100 min);0
H;301,1;310,6;1388;58,5;47,39652329581913;11,10347670418087;68;Bajo (0-100 min);0
M;301,1;310,6;1410;43,9;46,327335416435346;-2,427335416435348;73;Bajo (0-100 min);0
M;301,1;310,5;1646;30,7;34,9070846702107;-4,207084670210701;76;Bajo (0-100 min);0
M;301,1;310,7;2219;16,7;7,132903679157522;9,567096320842477;79;Bajo (0-100 min);0
L;301,2;310,7;1551;41,2;39,49225591425445;1,7077440857455528;82;Bajo (0-100 min);0
L;301,2;310,6;1811;24,0;26,910469660420006;-2,9104696604200058;84;Bajo (0-100 min);0
L;301,3;310,7;1608;31,4;36,74010001148857;-5,340100011488573;86;Bajo (0-100 min);0
L;301,3;310,8;1428;55,2;45,444589468521606;9,755410531478397;88;Bajo (0-100 min);0
L;301,4;310,8;1477;50,4;43,08136581374906;7,318634186250939;90;Bajo (0-100 min);0
M;301,3;310,7;1300;58,3;51,651608327985095;6,6483916720149026;92;Bajo (0-100 min);0
M;301,2;310,7;1615;34,9;36,38305274589506;-1,4830527458950584;95;Bajo (0-100 min);0
L;301,2;310,7;1676;32,4;33,42665151859377;-1,0266515185937735;98;Bajo (0-100 min);0
M;301,1;310,7;2636;12,2;-13,077618614949152;25,27761861494915;100;Bajo (0-100 min);1
M;301,1;310,6;1310;48,8;51,14765023058613;-2,347650230586133;103;Moderado (100-200 min);0
L;301,1;310,7;1334;48,2;49,971947623576426;-1,7719476235764233;106;Moderado (100-200 min);0
M;301,1;310,7;1621;31,0;36,0714276892188;-5,071427689218801;108;Moderado (100-200 min);0
M;301,1;310,7;1367;43,4;48,37004481749011;-4,970044817490113;111;Moderado (100-200 min);0
L;301,0;310,6;1588;33,7;37,66494110583868;-3,964941105838676;114;Moderado (100-200 min);0
M;301,0;310,7;1497;37,6;42,05928251955121;-4,459282519551209;116;Moderado (100-200 min);0
L;301,1;310,8;1608;32,9;36,681571539551676;-3,7815715395516776;119;Moderado (100-200 min);0
L;301,0;310,8;1549;41,4;39,526075070543556;1,873924929456443;121;Moderado (100-200 min);0
L;301,0;310,7;1391;45,0;47,187456031405446;-2,1874560314054463;123;Moderado (100-200 min);0
L;300,9;310,8;1490;38,1;42,36907539114396;-4,269075391143957;125;Moderado (100-200 min);0
L;301,0;310,7;1727;34,5;30,912430031345046;3,587569968654954;127;Moderado (100-200 min);0
L;300,9;310,6;1504;46,4;41,710389511791675;4,689610488208324;129;Moderado (100-200 min);0
L;300,9;310,6;1350;53,8;49,16689527523568;4,633104724764316;131;Moderado (100-200 min);0
M;300,9;310,7;1420;43,0;45,764227307211115;-2,764227307211115;133;Moderado (100-200 min);0
H;300,8;310,6;1465;44,1;43,58256242280025;0,5174375771997504;136;Moderado (100-200 min);0
L;300,9;310,7;1427;44,1;45,41921405774356;-1,319214057743558;141;Moderado (100-200 min);0
L;300,9;310,7;1477;43,2;42,99627936234056;0,20372063765944404;143;Moderado (100-200 min);0
M;301,0;310,7;1493;48,1;42,231200487675615;5,868799512324387;145;Moderado (100-200 min);0
M;301,0;310,7;1657;29,9;34,2866504012506;-4,3866504012505985;148;Moderado (100-200 min);0
L;300,9;310,7;1359;46,0;48,70484482540181;-2,704844825401807;151;Moderado (100-200 min);0
L;300,8;310,6;1551;34,5;39,40492298025281;-4,904922980252813;153;Moderado (100-200 min);0
M;300,8;310,6;1545;37,5;39,69399154806271;-2,193991548062712;155;Moderado (100-200 min);0
M;300,9;310,6;1709;29,2;31,76072387256792;-2,5607238725679196;158;Moderado (100-200 min);0
M;300,9;310,7;1268;56,3;53,10433407616536;3,195665923834639;161;Moderado (100-200 min);0
L;300,9;310,7;1740;25,3;30,243766042069367;-4,943766042069367;164;Moderado (100-200 min);0
L;301,0;310,9;1828;25,1;25,969504471753922;-0,8695044717539204;166;Moderado (100-200 min);0
L;301,0;310,9;1822;21,6;26,25857303956382;-4,658573039563819;168;Moderado (100-200 min);0
M;301,0;310,9;1515;41,8;41,12465914714308;0,6753408528569196;170;Moderado (100-200 min);0
L;301,0;310,9;1392;52,9;47,079125784684194;5,820874215315804;173;Moderado (100-200 min);0
H;300,9;310,9;1474;35,7;43,09519252794359;-7,3951925279435855;175;Moderado (100-200 min);0
M;301,0;310,9;1359;53,4;48,67200932842161;4,7279906715783895;180;Moderado (100-200 min);0
L;301,1;311,0;1565;52,3;38,69357852690018;13,606421473099815;183;Moderado (100-200 min);0
M;301,1;311,1;1384;42,5;47,44649661363344;-4,9464966136334425;185;Moderado (100-200 min);0
L;301,1;311,1;1387;53,1;47,29895590894553;5,801044091054472;188;Moderado (100-200 min);0
L;301,1;311,0;1378;51,1;47,74447104447308;3,355528955526921;190;Moderado (100-200 min);0
L;301,0;310,9;1809;25,7;26,870106700969007;-1,1701067009690078;192;Moderado (100-200 min);0
H;301,1;311,0;1339;52,8;49,6301811819991;3,1698188180008984;194;Moderado (100-200 min);0
M;301,0;311,0;1423;38,6;45,5471358502708;-6,947135850270797;199;Moderado (100-200 min);0
L;301,1;311,1;1570;41,6;38,42599420106297;3,1740057989370314;202;Alto (>200 min);0
L;301,2;311,2;1558;34,1;39,00575627938752;-4,905756279387518;204;Alto (>200 min);0
L;301,1;311,1;1799;21,7;27,332831578927234;-5,6328315789272345;206;Alto (>200 min);0
M;301,1;311,2;1591;35,0;37,39332266756672;-2,3933226675667214;208;Alto (>200 min);0
L;301,2;311,2;1635;29,6;35,27149055609958;-5,671490556099577;211;Alto (>200 min);0
L;301,3;311,3;1509;42,5;41,3721164202504;1,1278835797496;213;Alto (>200 min);0
M;301,3;311,4;1838;23,2;25,426433359866152;-2,226433359866153;215;Alto (>200 min);0
M;301,3;311,5;1648;32,4;34,7783074413775;-2,378307441377501;0;Bajo (0-100 min);0
M;301,2;311,5;1498;49,5;42,029064669894616;7,470935330105384;3;Bajo (0-100 min);0
L;301,2;311,4;1757;28,0;29,494955440564667;-1,4949554405646666;6;Bajo (0-100 min);0
M;301,1;311,3;1389;53,3;47,31506622754471;5,984933772455285;8;Bajo (0-100 min);0
L;301,1;311,3;1498;37,6;42,03409077463237;-4,434090774632367;11;Bajo (0-100 min);0
M;301,0;311,2;1521;35,8;40,91860734882232;-5,118607348822323;13;Bajo (0-100 min);0
M;301,0;311,2;1394;41,3;47,066788505164354;-5,766788505164357;16;Bajo (0-100 min);0
H;301,0;311,2;1602;32,7;36,9913787119292;-4,291378711929198;19;Bajo (0-100 min);0
L;300,9;311,1;1417;40,7;45,94679544817985;-5,246795448179846;24;Bajo (0-100 min);0
L;301,0;311,2;1511;42,9;41,393122778279974;1,5068772217200248;26;Bajo (0-100 min);0
M;301,1;311,3;1654;30,7;34,46644725306881;-3,766447253068808;28;Bajo (0-100 min);0
M;301,1;311,3;1836;22,8;25,650181832039642;-2,8501818320396417;31;Bajo (0-100 min);0
L;301,1;311,3;1622;35,6;36,01165377230173;-0,41165377230172595;34;Bajo (0-100 min);0
L;301,0;311,2;1467;45,4;43,51646643313269;1,8835335668673068;36;Bajo (0-100 min);0
M;301,1;311,3;1909;22,7;22,109630627552626;0,5903693724473733;38;Bajo (0-100 min);0
L;301,1;311,2;1910;20,2;22,070107860882132;-1,8701078608821327;41;Bajo (0-100 min);0
H;301,1;311,3;2207;16,6;7,674140950905247;8,925859049094754;43;Bajo (0-100 min);0
M;301,1;311,2;1384;49,4;47,53830584683315;1,8616941531668516;48;Bajo (0-100 min);0
L;301,1;311,3;1630;29,5;35,61144744637227;-6,111447446372267;51;Bajo (0-100 min);0
L;301,1;311,3;1268;60,0;53,141108187464205;6,858891812535795;53;Bajo (0-100 min);0
L;301,1;311,4;1531;38,7;40,39171468729516;-1,6917146872951605;55;Bajo (0-100 min);0
M;301,0;311,3;1454;41,5;44,11909423150815;-2,61909423150815;57;Bajo (0-100 min);0
L;301,0;311,3;1342;50,9;49,540845942346735;1,3591540576532637;60;Bajo (0-100 min);0
L;301,0;311,2;1363;46,3;48,533502186867366;-2,2335021868673692;62;Bajo (0-100 min);0
L;301,0;311,2;1412;42,1;46,15899612116459;-4,05899612116459;64;Bajo (0-100 min);0
H;301,0;311,3;1597;39,2;37,18703573761351;2,0129642623864896;66;Bajo (0-100 min);0
L;301,0;311,3;1349;47,0;49,19357787729196;-2,1935778772919576;71;Bajo (0-100 min);0
L;301,0;311,3;1472;35,3;43,23535321377213;-7,935353213772132;73;Bajo (0-100 min);0
L;301,0;311,4;1478;39,5;42,9321175465623;-3,432117546562303;75;Bajo (0-100 min);0
H;300,9;311,3;1295;58,9;51,79293183899971;7,107068161000285;77;Bajo (0-100 min);0
M;300,8;311,2;1592;32,9;37,40574905973931;-4,505749059739308;82;Bajo (0-100 min);0
L;300,8;311,2;1430;54,4;45,24893225558941;9,15106774441059;85;Bajo (0-100 min);0
M;300,8;311,2;1488;40,1;42,43856852258456;-2,338568522584559;87;Bajo (0-100 min);0
H;300,9;311,2;1518;35,0;40,99473722692064;-5,994737226920641;90;Bajo (0-100 min);0
H;300,8;311,2;2237;17,0;6,1595120355460296;10,84048796445397;95;Bajo (0-100 min);0
M;300,9;311,3;1801;24,6;27,270758291181046;-2,670758291181045;100;Bajo (0-100 min);0
L;301,0;311,4;1573;37,6;38,310352779559636;-0,7103527795596349;103;Moderado (100-200 min);0
L;300,9;311,4;2073;21,4;14,08325230812271;7,316747691877289;105;Moderado (100-200 min);0
L;300,9;311,3;1953;19,4;19,904345340375826;-0,5043453403758278;107;Moderado (100-200 min);0
L;300,8;311,2;1492;39,0;42,22831868947731;-3,2283186894773124;109;Moderado (100-200 min);0
L;300,8;311,2;1397;48,7;46,82753530060772;1,8724646993922818;111;Moderado (100-200 min);0
M;300,8;311,3;1465;43,2;43,521724591983606;-0,32172459198360315;113;Moderado (100-200 min);0
L;300,8;311,3;1782;26,9;28,16759416142333;-1,2675941614233324;116;Moderado (100-200 min);0
M;300,9;311,4;1434;45,4;45,01937581902531;0,3806241809746851;118;Moderado (100-200 min);0
H;300,9;311,4;1387;42,7;47,29326659934891;-4,593266599348908;121;Moderado (100-200 min);0
M;300,9;311,4;1532;41,5;40,26735726683679;1,2326427331632104;126;Moderado (100-200 min);0
L;300,9;311,5;1505;41,1;41,56151477453883;-0,46151477453882706;129;Moderado (100-200 min);0
L;301,0;311,6;1440;43,3;44,707994226975586;-1,407994226975589;131;Moderado (100-200 min);0
L;301,0;311,6;1470;43,4;43,25363212557719;0,14636787442280763;133;Moderado (100-200 min);0
L;301,1;311,7;1408;46,3;46,25482568891327;0,04517431108672554;135;Moderado (100-200 min);0
M;301,0;311,6;1357;45,6;48,72306086092026;-3,123060860920262;137;Moderado (100-200 min);0
M;301,0;311,6;1454;40,0;44,023228964410684;-4,023228964410684;140;Moderado (100-200 min);0
L;301,0;311,6;1352;63,5;48,96069437824697;14,53930562175303;143;Moderado (100-200 min);0
M;301,0;311,6;1448;43,9;44,31004271663336;-0,4100427166333631;145;Moderado (100-200 min);0
L;300,9;311,6;1671;33,5;33,49692106696452;0,003078933035482123;148;Moderado (100-200 min);0
L;301,0;311,7;1670;31,3;33,543968218586535;-2,2439682185865344;150;Moderado (100-200 min);0
L;301,0;311,7;1547;34,5;39,4991864613234;-4,999186461323397;152;Moderado (100-200 min);0
L;301,0;311,6;1461;40,6;43,673706083768685;-3,073706083768684;154;Moderado (100-200 min);0
M;301,0;311,6;1609;35,8;36,504765677743094;-0,7047656777430973;156;Moderado (100-200 min);0
M;300,9;311,5;1704;31,3;31,90166930832071;-0,6016693083207088;159;Moderado (100-200 min);0
M;301,0;311,5;1550;34,9;39,3687058774992;-4,468705877499204;162;Moderado (100-200 min);0
M;301,0;311,5;1530;43,9;40,33502365591658;3,5649763440834192;165;Moderado (100-200 min);0
L;300,9;311,3;1449;40,2;44,266526792351705;-4,066526792351702;168;Moderado (100-200 min);0
L;300,9;311,3;1613;32,7;36,32272831112243;-3,6227283111224295;170;Moderado (100-200 min);0
L;300,8;311,2;1376;48,1;47,7986886073723;0,3013113926277029;172;Moderado (100-200 min);0
L;300,8;311,2;1434;45,6;44,98832487436745;0,6116751256325514;174;Moderado (100-200 min);0
L;300,8;311,1;1480;41,1;42,77026537638232;-1,6702653763823179;176;Moderado (100-200 min);0
M;300,8;311,2;1634;31,9;35,29959251353839;-3,399592513538394;178;Moderado (100-200 min);0
L;300,8;311,2;1481;38,5;42,70691804208643;-4,2069180420864285;181;Moderado (100-200 min);0
H;300,9;311,3;1668;28,9;33,64938281006511;-4,749382810065114;183;Moderado (100-200 min);0
L;301,0;311,4;1484;36,2;42,55661438124208;-6,356614381242075;188;Moderado (100-200 min);0
M;300,9;311,3;1603;31,8;36,7919825042099;-4,991982504209897;190;Moderado (100-200 min);0
L;301,0;311,4;1481;37,5;42,69814224436406;-5,198142244364057;193;Moderado (100-200 min);0
L;301,0;311,5;1559;31,8;38,90804523873764;-7,108045238737642;195;Moderado (100-200 min);0
L;301,0;311,5;1444;39,8;44,47583444387266;-4,67583444387266;197;Moderado (100-200 min);0
M;301,2;311,6;1423;48,0;45,5027366004295;2,4972633995704996;199;Moderado (100-200 min);0
L;301,1;311,6;1432;48,1;45,053341706609984;3,046658293390017;202;Alto (>200 min);0
L;301,2;311,7;1463;48,3;43,550672707824624;4,749327292175373;204;Alto (>200 min);0
L;301,2;311,7;1433;49,3;45,00202838844005;4,2979716115599444;206;Alto (>200 min);0
L;301,2;311,6;1461;52,9;43,65568422505907;9,24431577494093;208;Alto (>200 min);1
M;301,1;311,6;1266;55,5;53,0864813952823;2,4135186047177015;210;Alto (>200 min);0
H;301,1;311,6;1417;53,4;45,931595401653325;7,468404598346673;0;Bajo (0-100 min);0
L;301,1;311,6;1488;43,4;42,48940466695825;0,9105953330417478;5;Bajo (0-100 min);0
L;301,1;311,7;1816;24,5;26,59215023627423;-2,092150236274229;7;Bajo (0-100 min);0
M;301,0;311,6;1301;55,0;51,53126958918814;3,468730410811858;9;Bajo (0-100 min);0
M;300,9;311,5;1836;21,8;25,619576151664365;-3,8195761516643643;12;Bajo (0-100 min);0
M;300,8;311,4;1521;39,9;40,87221795933647;-0,9722179593364686;15;Bajo (0-100 min);0
L;300,8;311,4;1322;67,2;50,507260454095096;16,692739545904907;18;Bajo (0-100 min);1
L;300,8;311,4;1492;40,6;42,27289019466444;-1,67289019466444;20;Bajo (0-100 min);0
L;300,8;311,4;1536;40,9;40,140527277462816;0,7594727225371827;22;Bajo (0-100 min);0
L;300,7;311,2;1878;24,3;23,587471655896202;0,7125283441037986;24;Bajo (0-100 min);0
L;300,6;311,1;1471;40,7;43,29629900118524;-2,596299001185237;26;Bajo (0-100 min);0
H;300,6;311,1;1452;40,2;44,214939755098136;-4,014939755098133;28;Bajo (0-100 min);0
L;300,7;311,2;1452;44,4;44,21130346143269;0,1886965385673065;33;Bajo (0-100 min);0
M;300,7;311,3;1348;53,0;49,235217061248214;3,764782938751786;35;Bajo (0-100 min);0
H;300,8;311,4;1453;44,6;44,14807785945007;0,4519221405499323;38;Bajo (0-100 min);0
L;300,8;311,4;1316;57,6;50,779042102402926;6,820957897597076;43;Bajo (0-100 min);0
M;300,8;311,4;1732;26,9;30,63122893671558;-3,7312289367155813;45;Bajo (0-100 min);0
L;300,7;311,3;1522;35,2;40,79886462586347;-5,59886462586347;48;Bajo (0-100 min);0
M;300,7;311,3;1487;39,8;42,49236345498005;-2,692363454980054;50;Bajo (0-100 min);0
M;300,8;311,4;1852;22,2;24,813780531121992;-2,613780531121993;53;Bajo (0-100 min);0
L;300,7;311,2;1486;46,8;42,547443132122794;4,252556867877203;56;Bajo (0-100 min);0
M;300,7;311,3;1562;37,1;38,85420338589684;-1,7542033858968367;58;Bajo (0-100 min);0
L;300,7;311,2;1457;51,4;43,94811536745077;7,4518846325492305;61;Bajo (0-100 min);0
M;300,7;311,2;1769;26,5;28,836879690587388;-2,336879690587388;63;Bajo (0-100 min);0
H;300,7;311,3;1374;53,1;47,95277292797422;5,147227072025778;66;Bajo (0-100 min);0
L;300,8;311,3;1524;43,5;40,69600285789117;2,803997142108827;71;Bajo (0-100 min);0
L;300,8;311,3;1498;40,2;41,953644019705685;-1,753644019705682;73;Bajo (0-100 min);0
L;300,8;311,3;1462;41,4;43,695571478522496;-2,295571478522497;75;Bajo (0-100 min);0
M;300,8;311,2;1429;52,3;45,303373726855575;6,996626273144422;77;Bajo (0-100 min);0
L;300,7;311,2;1399;47,9;46,74269539134504;1,157304608654961;80;Bajo (0-100 min);0
M;300,8;311,2;1434;39,1;45,057472552375714;-5,957472552375712;82;Bajo (0-100 min);0
L;300,7;311,1;1324;52,2;50,382245271500565;1,8177547284994375;85;Bajo (0-100 min);0
L;300,6;311,0;1563;40,7;38,80617783044074;1,8938221695592645;87;Bajo (0-100 min);0
L;300,6;311,0;1543;34,7;39,77324721405387;-5,073247214053865;89;Bajo (0-100 min);0
L;300,7;311,0;1413;52,0;46,07874827562256;5,921251724377441;91;Bajo (0-100 min);0
M;300,7;311,0;1378;41,2;47,772247104739144;-6,572247104739141;93;Bajo (0-100 min);0
M;300,7;311,1;1373;49,9;48,000974759036104;1,8990252409638941;96;Bajo (0-100 min);0
H;300,7;311,0;1981;19,9;18,565273764325738;1,3347262356742604;99;Bajo (0-100 min);0
M;300,7;311,0;1263;52,3;53,33327186311248;-1,033271863112482;104;Moderado (100-200 min);0
L;300,7;311,0;1312;52,1;50,95801419221396;1,1419858077860425;107;Moderado (100-200 min);0
L;300,7;311,0;1969;20,7;19,138901268771082;1,5610987312289168;109;Moderado (100-200 min);0
M;300,8;311,2;1365;51,7;48,3772514510151;3,3227485489849045;111;Moderado (100-200 min);0
L;300,9;311,2;1789;25,5;27,852540053460388;-2,3525400534603875;114;Moderado (100-200 min);0
M;300,8;311,1;1583;32,1;37,8272128290031;-5,727212829003101;116;Moderado (100-200 min);0
L;300,7;311,0;1436;44,9;44,94384484703649;-0,04384484703648894;119;Moderado (100-200 min);0
M;300,7;311,0;1559;42,8;38,98562018351666;3,8143798164833385;121;Moderado (100-200 min);0
L;300,7;311,0;1377;49,9;47,797375973371366;2,1026240266286322;124;Moderado (100-200 min);0
L;300,7;311,0;1462;41,9;43,6794392384603;-1,7794392384602986;126;Moderado (100-200 min);0
L;300,7;311,0;1318;48,2;50,651658704902;-2,4516587049019947;128;Moderado (100-200 min);0
M;300,7;311,0;1378;51,6;47,74443771249669;3,855562287503311;130;Moderado (100-200 min);0
L;300,6;310,9;1344;46,7;49,38863457440404;-2,688634574404034;133;Moderado (100-200 min);0
L;300,7;311,1;2377;14,3;-0,650682062629194;14,950682062629195;135;Moderado (100-200 min);0
L;300,7;311,1;1427;50,3;45,35501294219824;4,944987057801754;137;Moderado (100-200 min);0
L;300,9;311,2;1353;60,4;48,94863247286731;11,451367527132689;139;Moderado (100-200 min);0
L;300,8;311,3;1505;45,5;41,56353445849361;3,9364655415063865;141;Moderado (100-200 min);0
H;300,8;311,2;1612;32,5;36,391328548794434;-3,8913285487944336;143;Moderado (100-200 min);0
L;300,7;311,1;1440;43,0;44,717173098942084;-1,7171730989420837;148;Moderado (100-200 min);0
M;300,7;311,0;1334;53,9;49,860265315391985;4,039734684608014;150;Moderado (100-200 min);0
M;300,7;311,0;1706;25,0;31,842560251319036;-6,842560251319036;153;Moderado (100-200 min);0
H;300,8;311,1;1698;24,8;32,22785620564692;-7,427856205646922;156;Moderado (100-200 min);0
L;300,7;311,1;1688;30,7;32,69710206574029;-1,9971020657402896;161;Moderado (100-200 min);0
L;300,7;311,1;2437;13,8;-3,577444790123792;17,377444790123793;163;Moderado (100-200 min);0
L;300,7;311,1;1478;46,8;42,86410788200571;3,9358921179942854;165;Moderado (100-200 min);0
M;300,7;311,1;1608;35,3;36,566882810584275;-1,2668828105842778;167;Moderado (100-200 min);0
L;300,7;311,1;2478;13,4;-5,568279844203431;18,96827984420343;170;Moderado (100-200 min);1
L;300,8;311,1;1509;33,4;41,36884153585861;-7,968841535858608;172;Moderado (100-200 min);0
L;300,7;311,0;1596;36,9;37,153925809233805;-0,2539258092338059;174;Moderado (100-200 min);0
M;300,7;311,0;1740;25,6;30,178699922009137;-4,578699922009136;176;Moderado (100-200 min);0
L;300,6;310,8;1375;53,2;47,863933893309714;5,336066106690289;179;Moderado (100-200 min);0
M;300,6;310,7;1705;31,2;31,892143560459147;-0,6921435604591473;181;Moderado (100-200 min);0
M;300,5;310,6;1621;32,0;35,957771907378;-3,957771907378003;184;Moderado (100-200 min);0
M;300,6;310,7;1566;38,2;38,61921345761672;-0,4192134576167206;187;Moderado (100-200 min);0
M;300,6;310,7;1388;42,9;47,237254728670514;-4,337254728670516;190;Moderado (100-200 min);0
M;300,6;310,7;1457;36,7;43,89342446376739;-7,193424463767386;193;Moderado (100-200 min);0
M;300,6;310,6;1463;45,5;43,61175854859574;1,8882414514042622;196;Moderado (100-200 min);0
L;300,5;310,5;1564;38,2;38,71809040097197;-0,518090400971964;199;Moderado (100-200 min);0
H;300,5;310,6;1411;47,2;46,11500685609878;1,0849931439012224;201;Alto (>200 min);0
L;300,5;310,6;1540;46,7;39,86395559879034;6,836044401209662;206;Alto (>200 min);0
L;300,5;310,6;1950;20,3;20,00671421130438;0,29328578869561994;208;Alto (>200 min);0
M;300,6;310,7;1339;52,9;49,75306257117279;3,146937428827208;0;Bajo (0-100 min);0
H;300,6;310,6;1419;39,6;45,88767805818408;-6,287678058184078;3;Bajo (0-100 min);0
L;300,5;310,6;1499;45,2;41,99834724525671;3,201652754743293;8;Bajo (0-100 min);0
L;300,5;310,6;1368;49,6;48,340994525595406;1,2590054744045958;10;Bajo (0-100 min);0
L;300,5;310,5;1536;36,2;40,21464220418218;-4,014642204182174;12;Bajo (0-100 min);0
M;300,5;310,5;1469;42,9;43,45785718370613;-0,5578571837061332;14;Bajo (0-100 min);0
L;300,5;310,5;2633;12,2;-12,915322602949324;25,115322602949323;17;Bajo (0-100 min);1
L;300,4;310,4;1298;61,4;51,73527310415355;9,66472689584645;19;Bajo (0-100 min);0
M;300,4;310,4;1544;36,3;39,82032698750538;-3,520326987505385;21;Bajo (0-100 min);0
H;300,5;310,5;1403;47,7;46,64663069196392;1,053369308036082;24;Bajo (0-100 min);0
L;300,5;310,5;1452;42,9;44,26986981067392;-1,3698698106739187;29;Bajo (0-100 min);0
L;300,6;310,5;1509;43,1;41,51921711829953;1,5807828817004719;31;Bajo (0-100 min);0
M;300,7;310,6;1474;37,0;43,21283767972937;-6,212837679729368;33;Bajo (0-100 min);0
M;300,7;310,7;1377;46,7;47,896999266447544;-1,1969992664475413;36;Bajo (0-100 min);0
L;300,8;310,8;1741;27,1;30,266844972289704;-3,1668449722897023;39;Bajo (0-100 min);0
L;300,8;310,8;1460;53,8;43,87378670766297;9,926213292337025;41;Bajo (0-100 min);0
H;300,7;310,6;1631;32,6;35,60202676483577;-3,002026764835769;43;Bajo (0-100 min);0
L;300,7;310,5;1561;33,2;38,999433496490155;-5,799433496490153;48;Bajo (0-100 min);0
M;300,7;310,6;1572;38,5;38,45405468077917;0,04594531922082723;50;Bajo (0-100 min);0
L;300,6;310,6;2127;18,7;11,562627970633834;7,1373720293661655;53;Bajo (0-100 min);0
H;300,6;310,6;1448;44,7;44,44416432669881;0,25583567330119195;55;Bajo (0-100 min);0
L;300,6;310,7;1543;39,6;39,82852580058126;-0,22852580058125938;60;Bajo (0-100 min);0
L;300,6;310,6;1508;34,8;41,53318530831479;-6,733185308314795;62;Bajo (0-100 min);0
M;300,6;310,6;1403;50,4;46,61668821644751;3,7833117835524916;64;Bajo (0-100 min);0
L;300,6;310,6;1454;39,7;44,14457328614853;-4,444573286148525;67;Bajo (0-100 min);0
L;300,7;310,8;1772;27,3;28,731726884780073;-1,4317268847800726;69;Bajo (0-100 min);0
L;300,7;310,8;1479;49,1;42,91981217655611;6,1801878234438945;71;Bajo (0-100 min);0
L;300,7;310,9;1723;31,0;31,09056264069144;-0,09056264069144149;73;Bajo (0-100 min);0
M;300,7;310,8;1469;46,4;43,40109205277544;2,9989079472245592;75;Bajo (0-100 min);0
H;300,6;310,6;1830;26,2;25,927140861708722;0,2728591382912775;78;Bajo (0-100 min);0
L;300,6;310,6;1497;38,2;42,050116525906745;-3,850116525906742;83;Bajo (0-100 min);0
L;300,7;310,6;1540;52,7;39,97746464933558;12,722535350664423;85;Bajo (0-100 min);0
L;300,6;310,6;1514;39,5;41,223823400219864;-1,7238234002198638;87;Bajo (0-100 min);0
L;300,7;310,6;1654;34,2;34,45359444272634;-0,2535944427263388;89;Bajo (0-100 min);0
H;300,6;310,5;1519;37,0;40,9898345095527;-3,9898345095527006;91;Bajo (0-100 min);0
L;300,7;310,6;1720;30,3;31,252043646140937;-0,9520436461409361;96;Bajo (0-100 min);0
L;300,6;310,5;1470;37,7;43,3575761284938;-5,657576128493794;98;Bajo (0-100 min);0
L;300,6;310,5;1642;29,9;35,02634860966268;-5,126348609662685;100;Bajo (0-100 min);0
M;300,7;310,6;2006;19,1;17,39694592070058;1,7030540792994202;102;Moderado (100-200 min);0
M;300,7;310,6;1505;35,6;41,6574345849288;-6,057434584928799;105;Moderado (100-200 min);0
M;300,7;310,6;1609;27,6;36,618602280517614;-9,018602280517612;108;Moderado (100-200 min);0
M;300,7;310,5;1863;22,2;24,326636199688814;-2,1266361996888143;111;Moderado (100-200 min);0
L;300,6;310,4;1401;42,6;46,69828657329479;-4,098286573294786;114;Moderado (100-200 min);0
L;300,6;310,4;2007;19,8;17,349033764563657;2,4509662354363435;116;Moderado (100-200 min);0
L;300,6;310,4;1494;47,3;42,19141759039039;5,10858240960961;118;Moderado (100-200 min);0
L;300,6;310,4;1457;47,7;43,98177367890743;3,7182263210925726;120;Moderado (100-200 min);0
L;300,6;310,4;1556;37,7;39,18583612819313;-1,485836128193128;122;Moderado (100-200 min);0
H;300,6;310,4;1510;42,8;41,41204988401225;1,3879501159877492;124;Moderado (100-200 min);0
H;300,7;310,5;1567;38,7;38,647981697433664;0,05201830256633855;129;Moderado (100-200 min);0
H;300,7;310,5;1476;43,1;43,05122897417593;0,04877102582407389;134;Moderado (100-200 min);0
L;300,8;310,6;1663;30,6;33,9914389265674;-3,391438926567396;139;Moderado (100-200 min);0
M;300,8;310,5;1409;50,6;46,301968338651406;4,298031661348595;141;Moderado (100-200 min);0
L;300,8;310,6;1666;36,2;33,842395011487994;2,3576049885120085;144;Moderado (100-200 min);0
L;300,7;310,6;1520;45,9;40,900189326399925;4,999810673600074;146;Moderado (100-200 min);0
L;300,6;310,5;1644;33,8;34,8934143008666;-1,0934143008666055;148;Moderado (100-200 min);0
H;300,6;310,4;1479;35,6;42,8937956696301;-7,2937956696301;150;Moderado (100-200 min);0
L;300,6;310,4;1446;49,7;44,488182423759;5,211817576241003;155;Moderado (100-200 min);0
M;300,6;310,4;1407;51,1;46,3753957716765;4,7246042283235;157;Moderado (100-200 min);0
L;300,7;310,4;1234;51,7;54,762576305159364;-3,062576305159361;160;Moderado (100-200 min);0
M;300,8;310,5;1696;29,7;32,387167905574685;-2,687167905574686;162;Moderado (100-200 min);0
L;300,8;310,6;1384;52,9;47,48348487784239;5,416515122157605;165;Moderado (100-200 min);0
M;300,8;310,7;1572;36,2;38,36623860519063;-2,166238605190628;167;Moderado (100-200 min);0
M;300,8;310,7;1386;42,1;47,37170891384627;-5,271708913846268;170;Moderado (100-200 min);0
L;300,8;310,7;1461;42,8;43,73730687074176;-0,9373068707417644;173;Moderado (100-200 min);0
L;300,8;310,7;1525;39,4;40,63637135953553;-1,2363713595355321;175;Moderado (100-200 min);0
L;300,7;310,7;1333;61,0;49,92188264065806;11,078117359341938;177;Moderado (100-200 min);0
H;300,7;310,6;1505;40,6;41,601815800443894;-1,001815800443893;179;Moderado (100-200 min);0
M;300,7;310,6;1439;41,7;44,794347334680396;-3,0943473346803927;184;Moderado (100-200 min);0
L;300,7;310,6;1491;43,2;42,273803774681184;0,9261962253188187;187;Moderado (100-200 min);0
M;300,7;310,6;1488;39,2;42,41758645339039;-3,217586453390389;189;Moderado (100-200 min);0
L;300,7;310,5;1536;47,4;40,101918090809065;7,298081909190934;192;Moderado (100-200 min);0
L;300,7;310,5;1960;21,0;19,566675887519875;1,4333241124801255;194;Moderado (100-200 min);0
M;300,7;310,5;1594;31,0;37,29005114741273;-6,290051147412733;196;Moderado (100-200 min);0
L;300,7;310,5;1357;52,6;48,76538157078012;3,83461842921988;199;Moderado (100-200 min);0
L;300,7;310,5;1445;41,1;44,50215894676836;-3,4021589467683597;201;Alto (>200 min);0
L;300,7;310,4;1543;47,3;39,76581070437125;7,5341892956287495;203;Alto (>200 min);0
L;300,7;310,4;1366;52,6;48,33617495092055;4,2638250490794505;205;Alto (>200 min);0
L;300,7;310,3;1458;40,0;43,89039848672483;-3,890398486724827;207;Alto (>200 min);0
L;300,7;310,4;1416;61,8;45,91173704512607;15,88826295487393;209;Alto (>200 min);1
L;300,6;310,3;1794;24,4;27,604090075734206;-3,2040900757342072;211;Alto (>200 min);0
L;300,6;310,3;1484;41,0;42,61546207241416;-1,6154620724141608;213;Alto (>200 min);0
L;300,6;310,4;2514;13,4;-7,278690407831633;20,67869040783163;215;Alto (>200 min);0
L;300,6;310,3;1648;30,5;34,6701603807934;-4,170160380793398;217;Alto (>200 min);1
M;300,6;310,3;1614;32,7;36,47983211807725;-3,7798321180772447;0;Bajo (0-100 min);0
L;300,6;310,2;1622;34,1;36,10130894350514;-2,001308943505137;3;Bajo (0-100 min);0
M;300,6;310,2;1478;40,1;43,07352840994684;-2,9735284099468373;5;Bajo (0-100 min);0
L;300,6;310,2;1318;51,0;50,81985434639648;0,18014565360351753;8;Bajo (0-100 min);0
L;300,7;310,2;1493;35,9;42,35462334939489;-6,454623349394893;10;Bajo (0-100 min);0
H;300,7;310,3;1369;50,7;48,347109543215026;2,3528904567849764;12;Bajo (0-100 min);0
L;300,6;310,2;1447;45,9;44,565796668305076;1,3342033316949227;17;Bajo (0-100 min);0
L;300,6;310,1;1485;49,9;42,73516620792179;7,1648337920782055;19;Bajo (0-100 min);0
L;300,6;310,2;1489;47,8;42,52878780011243;5,2712121998875645;21;Bajo (0-100 min);0
M;300,6;310,2;1233;52,3;54,92501379297994;-2,625013792979942;23;Bajo (0-100 min);0
L;300,7;310,2;1642;32,6;35,126731840928684;-2,526731840928683;26;Bajo (0-100 min);0
M;300,7;310,2;1373;44,1;48,15253001989919;-4,052530019899187;28;Bajo (0-100 min);0
L;300,7;310,2;1569;32,8;38,6582637830668;-5,858263783066803;31;Bajo (0-100 min);0
L;300,8;310,2;1850;22,8;25,05959803784079;-2,2595980378407887;33;Bajo (0-100 min);0
M;300,8;310,3;1494;42,2;42,28752632211438;-0,08752632211437827;35;Bajo (0-100 min);0
H;300,8;310,3;1777;30,1;28,579969301361942;1,5200306986380596;38;Bajo (0-100 min);0
L;300,9;310,4;1454;43,1;44,21878040087093;-1,1187804008709321;43;Bajo (0-100 min);0
L;300,9;310,4;1536;34,2;40,246129555060556;-6,046129555060553;45;Bajo (0-100 min);0
L;300,8;310,5;1482;39,0;42,83732925893433;-3,837329258934332;47;Bajo (0-100 min);0
H;300,9;310,5;1512;41,2;41,39424956846615;-0,19424956846614805;49;Bajo (0-100 min);0
M;300,8;310,5;1511;35,8;41,42763776125745;-5,6276377612574535;54;Bajo (0-100 min);0
L;300,9;310,5;1599;40,5;37,17494594298017;3,325054057019827;57;Bajo (0-100 min);0
M;300,8;310,4;1518;36,0;41,09604000599409;-5,096040005994091;59;Bajo (0-100 min);0
M;300,8;310,4;1450;39,4;44,386932010022534;-4,986932010022535;62;Bajo (0-100 min);0
L;300,9;310,4;1427;47,0;45,50981808847083;1,4901819115291701;65;Bajo (0-100 min);0
L;300,9;310,4;1561;32,7;39,01887849824847;-6,318878498248466;67;Bajo (0-100 min);0
H;300,9;310,4;1457;43,8;44,05395277668095;-0,2539527766809542;69;Bajo (0-100 min);0
M;301,0;310,6;1460;53,6;43,893869915297856;9,706130084702146;74;Bajo (0-100 min);0
L;301,0;310,5;1601;33,2;37,0743389905951;-3,874338990595099;77;Bajo (0-100 min);0
L;300,9;310,5;1570;40,1;38,56284088998053;1,5371591100194735;79;Bajo (0-100 min);0
L;300,9;310,5;1565;35,9;38,803480828090194;-2,9034808280901956;81;Bajo (0-100 min);0
L;301,0;310,5;1378;44,4;47,86941378257203;-3,4694137825720333;83;Bajo (0-100 min);0
L;300,9;310,5;2288;16,1;3,786575134040625;12,313424865959377;85;Bajo (0-100 min);0
M;300,9;310,4;1375;44,7;48,01157151857649;-3,3115715185764856;87;Bajo (0-100 min);0
L;300,9;310,4;1788;27,8;28,00829263679409;-0,20829263679408783;90;Bajo (0-100 min);0
M;300,9;310,4;1576;40,4;38,27365892285146;2,1263410771485383;92;Bajo (0-100 min);0
M;300,8;310,3;1868;24,5;24,13012250248368;0,3698774975163204;95;Bajo (0-100 min);0
L;300,7;310,1;1261;56,6;53,535084861240016;3,064915138759986;98;Bajo (0-100 min);0
M;300,6;310,0;1542;33,9;39,92501497277051;-6,025014972770514;100;Bajo (0-100 min);0
L;300,6;310,0;1438;53,8;44,959337646007256;8,840662353992741;103;Moderado (100-200 min);0
L;300,6;310,0;1511;36,9;41,422544467498945;-4,522544467498946;105;Moderado (100-200 min);0
L;300,6;310,0;1635;31,0;35,41589117427889;-4,41589117427889;107;Moderado (100-200 min);0
L;300,6;309,9;1428;48,8;45,450274990452066;3,3497250095479316;109;Moderado (100-200 min);0
M;300,5;309,8;1410;44,4;46,320365382351454;-1,9203653823514557;111;Moderado (100-200 min);0
L;300,5;309,9;1423;47,9;45,67737770204428;2,2226222979557164;114;Moderado (100-200 min);0
M;300,5;309,9;1552;41,3;39,42858126032307;1,8714187396769262;116;Moderado (100-200 min);0
M;300,5;310,0;1406;50,2;46,485745702352524;3,7142542976474786;119;Moderado (100-200 min);0
L;300,5;309,9;1443;48,3;44,702792266473736;3,597207733526261;122;Moderado (100-200 min);0
M;300,5;309,9;1343;63,7;49,544152026105294;14,155847973894709;124;Moderado (100-200 min);0
M;300,6;310,0;1486;41,2;42,61672489569838;-1,4167248956983798;127;Moderado (100-200 min);0
L;300,6;310,1;1297;50,0;51,75632041483775;-1,7563204148377523;130;Moderado (100-200 min);0
L;300,6;310,1;1495;42,3;42,16594852380064;0,1340514761993603;132;Moderado (100-200 min);0
L;300,5;309,9;1382;46,5;47,647919415838885;-1,147919415838885;134;Moderado (100-200 min);0
M;300,4;309,8;1356;44,4;48,90543884534012;-4,505438845340123;136;Moderado (100-200 min);0
H;300,3;309,7;1452;41,5;44,25391384621751;-2,7539138462175075;139;Moderado (100-200 min);0
H;300,3;309,7;1582;30,8;37,95443395920884;-7,154433959208841;144;Moderado (100-200 min);0
M;300,4;309,8;1517;40,3;41,09865859605837;-0,7986585960583739;149;Moderado (100-200 min);0
L;300,5;310,0;1413;44,5;46,12194232299143;-1,6219423229914298;152;Moderado (100-200 min);0
L;300,4;309,9;1496;31,8;42,10074111516755;-10,30074111516755;154;Moderado (100-200 min);0
L;300,3;309,8;1466;41,2;43,55197506346971;-2,351975063469709;156;Moderado (100-200 min);0
M;300,3;309,8;1617;40,8;36,23774876834343;4,5622512316565675;158;Moderado (100-200 min);0
L;300,2;309,8;1506;41,8;41,599789438551554;0,2002105614484435;161;Moderado (100-200 min);0
L;300,2;309,8;1401;49,3;46,68329234668426;2,6167076533157356;163;Moderado (100-200 min);0
H;300,2;309,9;1906;22,9;22,214170459059456;0,6858295409405422;165;Moderado (100-200 min);0
L;300,2;309,9;1566;36,4;38,67614653115909;-2,2761465311590925;170;Moderado (100-200 min);0
L;300,2;310,0;1493;47,3;42,19877261026747;5,101227389732529;172;Moderado (100-200 min);0
L;300,3;310,1;1483;39,9;42,68167742919156;-2,7816774291915607;174;Moderado (100-200 min);0
M;300,2;309,9;1569;31,2;38,52635101088395;-7,3263510108839505;176;Moderado (100-200 min);0
M;300,2;310,0;1664;30,7;33,91221569515787;-3,2122156951578695;179;Moderado (100-200 min);0
L;300,2;310,0;1486;40,1;42,53025696621166;-2,430256966211658;182;Moderado (100-200 min);0
L;300,2;310,0;1389;53,6;47,226330836742534;6,373669163257468;184;Moderado (100-200 min);0
L;300,1;310,0;1511;41,7;41,30525239199271;0,39474760800729314;186;Moderado (100-200 min);0
M;300,2;310,1;1485;40,5;42,56301528612048;-2,063015286120482;188;Moderado (100-200 min);0
L;300,2;310,2;1440;42,9;44,72888812842667;-1,8288881284266694;191;Moderado (100-200 min);0
L;300,2;310,2;1378;43,9;47,729959959449474;-3,829959959449475;193;Moderado (100-200 min);0
M;300,1;310,1;1501;39,3;41,77161356361638;-2,47161356361638;195;Moderado (100-200 min);0
M;300,2;310,1;1474;44,0;43,0882141608656;0,9117858391344029;198;Moderado (100-200 min);0
L;300,2;310,1;1392;47,9;47,05710698069726;0,8428930193027355;201;Alto (>200 min);0
M;300,3;310,2;1429;44,7;45,263866203710535;-0,563866203710532;203;Alto (>200 min);0
L;300,3;310,3;1362;60,3;48,495168899421785;11,804831100578212;206;Alto (>200 min);1
L;300,3;310,3;1704;29,5;32,08740821226583;-2,587408212265828;0;Bajo (0-100 min);0
L;300,3;310,2;1492;52,3;42,36393517694015;9,936064823059844;2;Bajo (0-100 min);0
M;300,3;310,2;1442;39,5;44,783863451560194;-5,283863451560194;4;Bajo (0-100 min);0
M;300,2;310,2;1438;51,5;44,96404074384366;6,535959256156339;7;Bajo (0-100 min);0
M;300,1;310,1;1402;46,6;46,70509486515146;-0,10509486515145738;10;Bajo (0-100 min);0
L;300,1;310,1;1684;30,8;33,04596647409925;-2,2459664740992515;13;Bajo (0-100 min);0
L;300,2;310,2;1530;48,5;40,50259396985653;7,997406030143473;15;Bajo (0-100 min);0
L;300,1;310,1;1569;43,5;38,61225246884278;4,887747531157217;17;Bajo (0-100 min);0
L;300,1;310,1;1650;31,6;34,68803025273263;-3,0880302527326293;19;Bajo (0-100 min);0
L;300,2;310,2;1415;49,6;46,067376754208574;3,5326232457914273;21;Bajo (0-100 min);0
L;300,2;310,2;1600;31,5;37,106577049274456;-5,606577049274456;23;Bajo (0-100 min);0
L;300,2;310,1;1523;42,3;40,84523900441767;1,4547609955823262;25;Bajo (0-100 min);0
M;300,2;310,2;1628;30,3;35,747568996885036;-5,447568996885035;27;Bajo (0-100 min);0
L;300,2;310,3;1331;52,1;50,11745652364929;1,9825434763507133;30;Bajo (0-100 min);0
L;300,3;310,3;2158;16,8;10,076758962097465;6,723241037902536;32;Bajo (0-100 min);0
L;300,2;310,3;1445;50,9;44,59358631704005;6,306413682959949;34;Bajo (0-100 min);0
M;300,2;310,3;1593;36,1;37,424645911014466;-1,3246459110144642;36;Bajo (0-100 min);0
L;300,3;310,4;1672;29,2;33,59665108142231;-4,396651081422309;39;Bajo (0-100 min);0
M;300,4;310,5;1644;31,4;34,95127123495054;-3,5512712349505406;41;Bajo (0-100 min);0
L;300,4;310,5;1402;54,3;46,66874480681908;7,63125519318092;44;Bajo (0-100 min);0
L;300,4;310,4;1286;56,8;52,296123320271285;4,503876679728712;46;Bajo (0-100 min);0
L;300,4;310,4;1486;46,3;42,60889416983371;3,6911058301662862;48;Bajo (0-100 min);0
L;300,3;310,3;1345;46,3;49,43570601486145;-3,135706014861455;50;Bajo (0-100 min);0
L;300,3;310,3;1629;34,1;35,680471969604525;-1,580471969604524;52;Bajo (0-100 min);0
M;300,2;310,2;1429;43,8;45,36457296694586;-1,5645729669458603;54;Bajo (0-100 min);0
L;300,1;310,1;1306;64,7;51,31891787217371;13,381082127826296;57;Bajo (0-100 min);0
L;300,1;310,1;1380;52,6;47,73369606396517;4,866303936034832;59;Bajo (0-100 min);0
M;300,1;310,1;1443;49,3;44,68118918245917;4,618810817540826;61;Bajo (0-100 min);0
H;300,1;310,1;1426;42,7;45,502221071775864;-2,802221071775861;64;Bajo (0-100 min);0
L;300,0;310,0;1486;41,8;42,59262353147005;-0,7926235314700563;69;Bajo (0-100 min);0
M;300,0;309,9;1530;34,5;40,471421292885395;-5,971421292885395;71;Bajo (0-100 min);0
L;300,0;309,9;1507;41,4;41,58302496040347;-0,18302496040347194;74;Bajo (0-100 min);0
L;300,0;309,9;1608;33,4;36,69023015028871;-3,290230150288714;76;Bajo (0-100 min);0
L;300,0;309,8;1474;40,6;43,18932399834506;-2,5893239983450584;78;Bajo (0-100 min);0
L;300,0;309,7;1326;61,9;50,36641866220464;11,533581337795361;80;Bajo (0-100 min);0
M;299,8;309,6;1434;48,0;45,12321930094477;2,8767806990552316;82;Bajo (0-100 min);0
L;299,8;309,6;1526;41,7;40,665530552936346;1,0344694470636568;85;Bajo (0-100 min);0
L;299,8;309,7;1483;39,6;42,73529774103781;-3,1352977410378102;87;Bajo (0-100 min);0
L;299,8;309,7;1457;51,9;43,99293890285232;7,907061097147675;89;Bajo (0-100 min);0
M;299,7;309,6;1540;34,4;39,97173769502844;-5,571737695028439;91;Bajo (0-100 min);0
L;299,8;309,7;1707;29,1;31,882023451816004;-2,782023451816002;94;Bajo (0-100 min);0
L;299,8;309,7;1624;34,2;35,90009650654365;-1,7000965065436446;96;Bajo (0-100 min);0
M;299,8;309,6;1331;50,2;50,099342476936634;0,10065752306336861;98;Bajo (0-100 min);0
L;299,8;309,7;1431;40,3;45,24306401270941;-4,943064012709414;101;Moderado (100-200 min);0
M;299,8;309,7;1705;28,5;31,972116264454783;-3,472116264454783;103;Moderado (100-200 min);0
M;299,8;309,8;1427;45,2;45,42185982691466;-0,22185982691465966;106;Moderado (100-200 min);0
M;299,9;309,8;1625;41,2;35,84201874161203;5,357981258387973;109;Moderado (100-200 min);0
L;299,9;309,8;1477;47,7;43,00720112165891;4,692798878341094;112;Moderado (100-200 min);0
M;300,0;309,9;1651;28,1;34,579238075740605;-6,479238075740604;114;Moderado (100-200 min);0
L;299,9;309,8;1716;28,2;31,429000597325125;-3,2290005973251255;117;Moderado (100-200 min);0
H;299,9;309,8;1400;48,7;46,73094437220646;1,9690556277935443;119;Moderado (100-200 min);0
M;299,8;309,7;1556;37,7;39,17219838067854;-1,4721983806785346;124;Moderado (100-200 min);0
L;299,8;309,7;1429;42,6;45,32037953702058;-2,7203795370205768;127;Moderado (100-200 min);0
H;299,7;309,6;1433;49,6;45,125040075514896;4,4749599244851055;129;Moderado (100-200 min);0
M;299,8;309,7;1320;61,7;50,593838937975505;11,106161062024498;134;Moderado (100-200 min);0
L;299,8;309,6;1374;51,6;47,98759879719279;3,612401202807213;137;Moderado (100-200 min);0
L;299,8;309,6;1598;31,0;37,138082533949685;-6,138082533949685;139;Moderado (100-200 min);0
M;299,8;309,7;1910;21,8;22,015686178469352;-0,21568617846935112;141;Moderado (100-200 min);0
L;299,7;309,6;1399;51,3;46,7603394073866;4,539660592613394;144;Moderado (100-200 min);0
L;299,7;309,6;1720;27,1;31,21324606322115;-4,113246063221148;146;Moderado (100-200 min);0
H;299,8;309,7;1368;47,4;48,258742239624056;-0,8587422396240569;148;Moderado (100-200 min);0
L;299,8;309,8;1749;33,4;29,792515619240582;3,6074843807594164;153;Moderado (100-200 min);0
L;299,8;309,8;1542;39,4;39,815738756796804;-0,41573875679680583;155;Moderado (100-200 min);0
L;299,8;309,9;1553;36,6;39,27035994108583;-2,6703599410858274;157;Moderado (100-200 min);0
M;299,9;309,9;1639;42,1;35,11527698740475;6,9847230125952535;159;Moderado (100-200 min);0
L;299,9;310,0;1447;45,9;44,40015839564481;1,4998416043551899;162;Moderado (100-200 min);0
M;299,8;310,0;1397;48,1;46,80880425933462;1,2911957406653798;164;Moderado (100-200 min);0
L;299,8;310,0;1361;53,8;48,549980112955694;5,250019887044303;167;Moderado (100-200 min);0
M;299,8;310,0;1460;37,1;43,754042562241395;-6,6540425622413935;169;Moderado (100-200 min);0
M;299,8;310,0;1632;33,7;35,422063438214536;-1,7220634382145334;172;Moderado (100-200 min);0
L;299,8;310,0;1697;36,0;32,27194769211233;3,7280523078876726;175;Moderado (100-200 min);0
L;299,8;310,1;1553;42,0;39,23300647993707;2,7669935200629325;177;Moderado (100-200 min);0
M;299,9;310,1;1362;56,3;48,49265395321982;7,807346046780175;179;Moderado (100-200 min);0
M;299,9;310,0;1484;42,1;42,59326699282144;-0,4932669928214395;182;Moderado (100-200 min);0
H;299,9;310,1;1447;51,4;44,37171079752578;7,02828920247422;185;Moderado (100-200 min);0
M;300,0;310,2;1393;51,2;46,98322050767279;4,216779492327213;190;Moderado (100-200 min);0
L;300,0;310,2;1760;26,9;29,20765859210099;-2,3076585921009922;193;Moderado (100-200 min);0
L;300,0;310,1;1477;34,6;42,92261826549168;-8,322618265491677;195;Moderado (100-200 min);0
L;299,9;310,1;1681;29,1;33,03039218532295;-3,930392185322951;197;Moderado (100-200 min);0
M;300,0;310,1;1314;53,5;50,81347848584627;2,686521514153732;199;Moderado (100-200 min);0
L;300,0;310,1;1762;28,0;29,115197564555807;-1,1151975645558068;202;Alto (>200 min);0
L;299,9;310,0;1402;44,7;46,54787931393402;-1,8478793139340155;204;Alto (>200 min);0
M;300,1;310,2;1429;42,0;45,23904656626285;-3,23904656626285;206;Alto (>200 min);0
M;300,2;310,3;1448;40,1;44,31676951868451;-4,216769518684508;209;Alto (>200 min);0
H;300,2;310,4;1501;42,9;41,73663665036812;1,1633633496318794;212;Alto (>200 min);0
L;300,3;310,5;1522;39,1;40,71599913299784;-1,6159991329978354;217;Alto (>200 min);0
L;300,3;310,4;1493;37,5;42,13008686252999;-4,630086862529993;219;Alto (>200 min);0
M;300,2;310,3;1704;29,4;31,910021053076612;-2,5100210530766134;221;Alto (>200 min);0
H;300,2;310,3;1408;42,5;46,41100019260381;-3,911000192603808;0;Bajo (0-100 min);0
L;300,2;310,4;1518;41,8;41,068932220982795;0,7310677790172022;5;Bajo (0-100 min);0
L;300,3;310,4;1742;25,9;30,23069836866992;-4,330698368669921;7;Bajo (0-100 min);0
M;300,4;310,5;1500;43,0;41,949045278047464;1,050954721952536;9;Bajo (0-100 min);0
L;300,4;310,5;2424;14,5;-2,8012633805526903;17,30126338055269;12;Bajo (0-100 min);0
L;300,4;310,5;1818;25,1;26,544983007395473;-1,4449830073954715;14;Bajo (0-100 min);0
M;300,4;310,6;1545;35,6;39,75333502654994;-4,153335026549939;16;Bajo (0-100 min);0
L;300,4;310,6;1429;46,9;45,36880125618944;1,531198743810556;19;Bajo (0-100 min);0
M;300,4;310,6;1448;44,9;44,447154081493586;0,4528459185064122;21;Bajo (0-100 min);0
L;300,4;310,6;1384;48,7;47,544331566721105;1,1556684332788976;24;Bajo (0-100 min);0
L;300,4;310,5;1578;32,8;38,158834873101874;-5,358834873101877;26;Bajo (0-100 min);0
L;300,5;310,5;1695;26,7;32,50246439871366;-5,8024643987136635;28;Bajo (0-100 min);0
L;300,5;310,6;1543;36,2;39,850952224140244;-3,650952224140241;30;Bajo (0-100 min);0
M;300,4;310,5;1540;33,4;39,994613170536184;-6,594613170536185;32;Bajo (0-100 min);0
L;300,2;310,4;1808;25,8;27,002081452043704;-1,2020814520437035;35;Bajo (0-100 min);0
M;300,3;310,4;1293;49,7;51,95260494820113;-2,2526049482011246;37;Bajo (0-100 min);0
L;300,2;310,3;1202;59,5;56,35723370302159;3,142766296978408;40;Bajo (0-100 min);0
M;300,2;310,3;1704;29,2;32,044558383114435;-2,8445583831144354;42;Bajo (0-100 min);0
M;300,2;310,3;1478;38,1;42,987173879779284;-4,887173879779283;45;Bajo (0-100 min);0
L;300,2;310,3;1514;38,7;41,24148839498376;-2,541488394983759;48;Bajo (0-100 min);0
M;300,1;310,3;1350;48,8;49,17099804449985;-0,3709980444998493;50;Bajo (0-100 min);0
L;300,1;310,2;1475;54,2;43,12632519500078;11,073674804999222;53;Bajo (0-100 min);0
H;300,0;310,1;1714;28,7;31,550257753940947;-2,850257753940948;55;Bajo (0-100 min);0
L;300,0;310,1;1465;40,9;43,60522852331961;-2,7052285233196116;60;Bajo (0-100 min);0
L;299,9;310,2;1288;69,6;52,15314968032173;17,446850319678262;62;Bajo (0-100 min);1
L;300,0;310,2;1675;29,7;33,4210491868713;-3,7210491868713014;64;Bajo (0-100 min);0
L;300,0;310,2;1486;36,4;42,57255698982337;-6,17255698982337;66;Bajo (0-100 min);0
M;300,0;310,2;1443;58,7;44,653484856541795;14,046515143458208;68;Bajo (0-100 min);0
M;300,1;310,3;1345;57,1;49,39735748389042;7,702642516109584;71;Bajo (0-100 min);0
M;300,2;310,4;1202;61,7;56,320518447749414;5,3794815522505885;74;Bajo (0-100 min);0
M;300,1;310,4;1480;37,1;42,843822164567904;-5,743822164567902;77;Bajo (0-100 min);0
M;300,2;310,4;1530;35,7;40,43141827489938;-4,731418274899376;80;Bajo (0-100 min);0
M;300,2;310,6;1983;20,8;18,468672847873844;2,331327152126157;83;Bajo (0-100 min);0
L;300,3;310,6;1433;53,8;45,11344677834359;8,68655322165641;86;Bajo (0-100 min);0
L;300,3;310,6;1806;24,4;27,04806468976615;-2,6480646897661515;88;Bajo (0-100 min);0
L;300,2;310,5;1416;46,7;45,933605330151266;0,7663946698487365;90;Bajo (0-100 min);0
M;300,1;310,4;1556;38,1;39,15197222941426;-1,051972229414261;92;Bajo (0-100 min);0
L;300,1;310,5;1627;29,2;35,70012402649371;-6,500124026493712;95;Bajo (0-100 min);0
L;300,1;310,6;1809;24,3;26,873449532043328;-2,573449532043327;97;Bajo (0-100 min);0
M;300,1;310,5;1329;57,4;50,12884925637942;7,271150743620581;99;Bajo (0-100 min);0
H;300,0;310,4;1881;21,9;23,393869113951716;-1,4938691139517175;102;Moderado (100-200 min);0
L;300,1;310,5;1500;39,8;41,84154073607407;-2,041540736074076;107;Moderado (100-200 min);0
L;300,1;310,5;1532;36,0;40,29032137527521;-4,290321375275212;109;Moderado (100-200 min);0
L;300,1;310,5;1492;50,9;42,22596335289295;8,674036647107052;111;Moderado (100-200 min);0
L;300,2;310,6;1431;42,3;45,17872828652878;-2,8787282865287835;113;Moderado (100-200 min);0
L;300,1;310,4;1554;39,4;39,23154256931265;0,1684574306873472;115;Moderado (100-200 min);0
L;300,1;310,5;1494;44,2;42,12459646231804;2,0754035376819644;117;Moderado (100-200 min);0
L;300,1;310,6;1374;45,4;47,92336813733724;-2,5233681373372434;119;Moderado (100-200 min);0
L;300,1;310,5;1394;44,3;46,96445301155811;-2,664453011558116;121;Moderado (100-200 min);0
M;300,0;310,5;1790;25,7;27,773930028945145;-2,0739300289451457;123;Moderado (100-200 min);0
L;300,1;310,5;1356;45,8;48,80098291418816;-3,000982914188164;126;Moderado (100-200 min);0
M;300,0;310,4;1385;52,1;47,394927710176724;4,705072289823278;128;Moderado (100-200 min);0
L;300,0;310,4;1333;49,1;49,91096163900148;-0,8109616390014764;131;Moderado (100-200 min);0
L;300,0;310,4;1505;44,9;41,57973412017036;3,320265879829641;133;Moderado (100-200 min);0
L;300,0;310,5;1606;33,5;36,67577863143864;-3,1757786314386394;135;Moderado (100-200 min);0
H;300,0;310,5;1558;36,7;38,99884964665822;-2,298849646658219;137;Moderado (100-200 min);0
L;300,0;310,5;1412;52,4;46,06567155691315;6,3343284430868465;142;Moderado (100-200 min);0
L;299,9;310,4;1408;38,4;46,257761133009325;-7,857761133009326;144;Moderado (100-200 min);0
L;299,9;310,3;1268;53,3;53,047426759267054;0,25257324073294285;146;Moderado (100-200 min);0
L;299,9;310,4;1470;50,0;43,25217967081207;6,747820329187931;148;Moderado (100-200 min);0
L;299,9;310,4;1497;47,0;41,94310345851436;5,056896541485642;150;Moderado (100-200 min);0
L;299,9;310,3;1638;29,1;35,12432413900734;-6,024324139007341;152;Moderado (100-200 min);0
H;299,9;310,3;1535;43,9;40,11096978773959;3,789030212260407;154;Moderado (100-200 min);0
L;299,8;310,2;1654;32,7;34,3440830951202;-1,6440830951201946;159;Moderado (100-200 min);0
H;299,8;310,2;1411;49,7;46,11073690188471;3,589263098115296;161;Moderado (100-200 min);0
L;299,8;310,2;1911;23,5;21,89266402579078;1,6073359742092208;166;Moderado (100-200 min);0
H;299,8;310,2;1573;33,3;38,26003765407718;-4,960037654077183;168;Moderado (100-200 min);0
L;299,9;310,2;1479;46,3;42,819853230850356;3,4801467691496413;173;Moderado (100-200 min);0
M;299,9;310,4;1820;26,6;26,281865935446376;0,31813406455362525;175;Moderado (100-200 min);0
L;299,9;310,4;1419;45,7;45,69949162965156;0,0005083703484416446;178;Moderado (100-200 min);0
M;299,9;310,5;1335;52,9;49,75483263546247;3,145167364537528;180;Moderado (100-200 min);0
M;299,9;310,5;1576;39,4;38,08127806211971;1,3187219378802908;183;Moderado (100-200 min);0
L;300,0;310,5;1517;42,2;40,947594809776305;1,2524051902236977;186;Moderado (100-200 min);0
M;299,9;310,4;1576;34,3;38,088680714757956;-3,788680714757959;188;Moderado (100-200 min);0
H;299,8;310,2;1537;36,6;39,98618140378341;-3,386181403783411;191;Moderado (100-200 min);0
L;299,8;310,3;1524;34,2;40,60083488529074;-6,400834885290735;196;Moderado (100-200 min);0
M;299,8;310,3;1805;23,7;26,990886729134502;-3,2908867291345025;198;Moderado (100-200 min);0
M;299,9;310,4;1367;53,3;48,200493454561474;5,099506545438523;201;Alto (>200 min);0
L;299,8;310,4;1694;30,3;32,35079431606867;-2,0507943160686715;204;Alto (>200 min);0
L;299,9;310,4;1328;49,9;50,085451986891755;-0,18545198689175635;206;Alto (>200 min);0
H;299,9;310,5;1549;42,8;39,37006093413238;3,4299390658676145;208;Alto (>200 min);0
L;299,9;310,5;1539;32,8;39,85058920515598;-7,05058920515598;213;Alto (>200 min);0
L;299,8;310,5;1496;38,8;41,920234660944175;-3,1202346609441776;215;Alto (>200 min);0
L;299,8;310,4;1579;36,4;38,073414191526545;-1,6734141915265468;0;Bajo (0-100 min);0
L;299,7;310,3;1386;46,6;47,418514780966255;-0,8185147809662539;2;Bajo (0-100 min);0
L;299,7;310,3;1505;37,7;41,65400463624735;-3,9540046362473475;4;Bajo (0-100 min);0
M;299,7;310,3;1661;34,5;34,09763519261992;0,4023648073800814;6;Bajo (0-100 min);0
L;299,6;310,2;1468;48,0;43,441984176863905;4,558015823136095;9;Bajo (0-100 min);0
L;299,6;310,1;1384;49,8;47,519646539908734;2,2803534600912627;11;Bajo (0-100 min);0
L;299,6;310,2;1381;60,5;47,65226854000098;12,847731459999018;13;Bajo (0-100 min);0
L;299,6;310,2;1469;47,0;43,38904591598922;3,6109540840107783;15;Bajo (0-100 min);0
L;299,6;310,2;1627;36,6;35,73581921296133;0,86418078703867;17;Bajo (0-100 min);0
H;299,7;310,3;1462;40,4;43,72516163542113;-3,325161635421132;19;Bajo (0-100 min);0
L;299,7;310,2;1633;36,5;35,451268609319975;1,0487313906800253;24;Bajo (0-100 min);0
L;299,7;310,2;1469;39,5;43,39206066976628;-3,8920606697662805;26;Bajo (0-100 min);0
L;299,7;310,2;1458;43,4;43,923272386077336;-0,5232723860773376;28;Bajo (0-100 min);0
M;299,7;310,2;1440;42,8;44,79348451029;-1,9934845102900027;30;Bajo (0-100 min);0
L;299,8;310,3;1687;30,4;32,82947989105912;-2,429479891059124;33;Bajo (0-100 min);0
M;299,7;310,3;1429;47,7;45,31128073239686;2,3887192676031432;35;Bajo (0-100 min);0
L;299,6;310,2;1588;34,1;37,60875206215974;-3,5087520621597363;38;Bajo (0-100 min);0
L;299,6;310,2;1333;51,2;49,95654942532701;1,2434505746729911;40;Bajo (0-100 min);0
L;299,6;310,1;1487;42,9;42,50819791971699;0,3918020802830071;42;Bajo (0-100 min);0
M;299,5;310,1;1659;31,5;34,16568798995564;-2,665687989955643;44;Bajo (0-100 min);0
M;299,4;310,0;1512;43,2;41,28232000798903;1,9176799920109744;47;Bajo (0-100 min);0
L;299,5;310,1;1585;35,2;37,74489695659825;-2,5448969565982438;50;Bajo (0-100 min);0
L;299,5;310,0;1502;38,5;41,77413068994285;-3,274130689942851;52;Bajo (0-100 min);0
L;299,5;310,0;1594;35,1;37,31719354713017;-2,217193547130165;54;Bajo (0-100 min);0
L;299,5;310,0;1412;48,9;46,12970094218062;2,770299057819379;56;Bajo (0-100 min);0
L;299,5;309,9;1402;51,7;46,6236447074084;5,0763552925916;58;Bajo (0-100 min);0
L;299,6;310,1;2057;20,4;14,890350097062289;5,50964990293771;60;Bajo (0-100 min);0
H;299,6;310,1;1531;36,8;40,362306108992016;-3,5623061089920185;62;Bajo (0-100 min);0
M;299,5;310,1;1359;61,1;48,67698998052271;12,423010019477289;67;Bajo (0-100 min);0
M;299,6;310,2;1620;30,0;36,03498454548862;-6,034984545488619;70;Bajo (0-100 min);0
M;299,6;310,1;1646;29,6;34,784746036312356;-5,1847460363123545;73;Bajo (0-100 min);0
M;299,6;310,1;1455;46,1;44,032359493469144;2,067640506530857;76;Bajo (0-100 min);0
L;299,6;310,2;1512;44,0;41,25851210635182;2,741487893648177;79;Bajo (0-100 min);0
L;299,6;310,2;1473;42,7;43,14572545426933;-0,4457254542693292;81;Bajo (0-100 min);0
L;299,6;310,1;1553;38,0;39,281092546476366;-1,2810925464763656;83;Bajo (0-100 min);0
L;299,5;310,0;1379;50,4;47,70604917161171;2,6939508283882887;85;Bajo (0-100 min);0
M;299,4;309,9;1567;40,6;38,59984184526363;2,0001581547363685;87;Bajo (0-100 min);0
L;299,5;310,0;1481;43,1;42,76257091620949;0,33742908379051073;90;Bajo (0-100 min);0
L;299,5;310,0;1349;52,7;49,153646826248426;3,5463531737515765;92;Bajo (0-100 min);0
L;299,5;310,0;1388;52,4;47,26342705754796;5,136572942452041;94;Bajo (0-100 min);0
M;299,6;310,1;1357;48,7;48,76333310017689;-0,06333310017688376;96;Bajo (0-100 min);0
L;299,6;310,2;1743;24,8;30,056466541683754;-5,2564665416837535;99;Bajo (0-100 min);0
L;299,7;310,3;1495;43,1;42,06538522926268;1,0346147707373206;101;Moderado (100-200 min);0
L;299,8;310,4;1698;28,3;32,2329919220377;-3,932991922037697;103;Moderado (100-200 min);0
M;299,7;310,4;1410;44,5;46,16765165438235;-1,6676516543823467;105;Moderado (100-200 min);0
L;299,7;310,4;1614;36,2;36,28595637994811;-0,08595637994810801;108;Moderado (100-200 min);0
M;299,8;310,5;1375;53,9;47,85901740022497;6,0409825997750275;110;Moderado (100-200 min);0
M;299,8;310,6;1574;31,8;38,208304595674925;-6,408304595674924;113;Moderado (100-200 min);0
H;299,8;310,6;1423;44,6;45,518772864822495;-0,9187728648224933;116;Moderado (100-200 min);0
M;299,8;310,6;1694;31,3;32,39085619008134;-1,090856190081336;121;Moderado (100-200 min);0
L;299,8;310,6;1707;32,5;31,759029188391118;0,7409708116088822;124;Moderado (100-200 min);0
M;299,7;310,5;1490;41,2;42,26641689063637;-1,0664168906363685;126;Moderado (100-200 min);0
L;299,7;310,6;1675;31,3;33,29370490188955;-1,9937049018895472;129;Moderado (100-200 min);0
M;299,7;310,5;1492;39,3;42,1658016052572;-2,8658016052572037;131;Moderado (100-200 min);0
M;299,7;310,5;1594;35,4;37,223826560246465;-1,8238265602464665;134;Moderado (100-200 min);0
L;299,7;310,6;1479;38,0;42,77970348156878;-4,779703481568781;137;Moderado (100-200 min);0
M;299,7;310,6;1572;38,0;38,274337709055864;-0,27433770905586385;139;Moderado (100-200 min);0
L;299,7;310,6;1616;35,1;36,1412231866585;-1,041223186658499;142;Moderado (100-200 min);0
L;299,7;310,6;1737;26,1;30,279855782539133;-4,179855782539132;144;Moderado (100-200 min);0
M;299,7;310,7;1498;37,8;41,84163439188577;-4,041634391885772;146;Moderado (100-200 min);0
L;299,6;310,6;1642;35,1;34,86553516715209;0,23446483284791242;149;Moderado (100-200 min);0
M;299,6;310,6;1633;34,2;35,29988962406268;-1,0998896240626763;151;Moderado (100-200 min);0
L;299,8;310,8;1409;51,9;46,14589132595361;5,754108674046385;154;Moderado (100-200 min);0
M;299,8;310,8;1463;43,5;43,52924211174968;-0,0292421117496815;156;Moderado (100-200 min);0
L;299,8;310,8;1376;48,6;47,740278080082504;0,8597219199174972;159;Moderado (100-200 min);0
L;299,8;310,8;1553;32,2;39,166907412750234;-6,966907412750231;161;Moderado (100-200 min);0
M;299,8;310,8;1530;35,2;40,27926268546405;-5,079262685464045;163;Moderado (100-200 min);0
L;299,8;310,9;1545;40,7;39,53941774575642;1,160582254243586;166;Moderado (100-200 min);0
H;299,8;310,9;1427;47,2;45,25249283999212;1,9475071600078806;168;Moderado (100-200 min);0
L;299,9;310,9;1292;51,1;51,79788223447474;-0,69788223447474;173;Moderado (100-200 min);0
L;299,8;310,9;2084;17,6;13,42962189057053;4,170378109429471;175;Moderado (100-200 min);0
L;299,9;311,0;1747;27,6;29,748688621469967;-2,148688621469965;177;Moderado (100-200 min);0
L;300,0;311,1;1425;47,8;45,341325906865954;2,458674093134043;179;Moderado (100-200 min);0
L;300,0;311,0;1637;33,6;35,084113878642576;-1,4841138786425745;181;Moderado (100-200 min);0
M;300,1;311,1;1616;35,2;36,0997336242692;-0,8997336242691958;183;Moderado (100-200 min);0
L;300,1;311,1;1619;33,4;35,95219291958128;-2,5521929195812803;186;Moderado (100-200 min);0
L;300,1;311,2;1489;39,1;42,2352508916028;-3,1352508916028015;188;Moderado (100-200 min);0
M;300,1;311,2;1452;42,4;44,02560698011984;-1,6256069801198407;190;Moderado (100-200 min);0
M;300,1;311,3;1495;41,0;41,92976040880575;-0,9297604088057483;193;Moderado (100-200 min);0
M;300,2;311,4;1427;39,7;45,22077414514746;-5,520774145147456;196;Moderado (100-200 min);0
L;300,1;311,4;1572;36,2;38,1850856120966;-1,9850856120965972;199;Moderado (100-200 min);0
L;300,1;311,3;1547;40,0;39,405458822827825;0,5945411771721751;201;Alto (>200 min);0
M;300,1;311,4;1342;48,5;49,32066402236663;-0,8206640223666284;203;Alto (>200 min);0
L;300,0;311,2;1351;44,1;48,89359048578102;-4,793590485781017;206;Alto (>200 min);0
L;300,0;311,3;1407;47,3;46,16892333355967;1,131076666440329;208;Alto (>200 min);0
M;300,1;311,4;1575;29,8;38,03153206584275;-8,231532065842746;210;Alto (>200 min);0
M;300,0;311,4;1791;24,1;27,55741082407551;-3,4574108240755095;213;Alto (>200 min);0
M;300,0;311,4;1692;29,0;32,349590348811105;-3,3495903488111054;216;Alto (>200 min);1
L;300,0;311,4;1634;31,9;35,32079759370474;-3,420797593704741;0;Bajo (0-100 min);0
M;300,0;311,4;1864;23,3;24,180709552260254;-0,880709552260253;2;Bajo (0-100 min);0
L;300,0;311,4;1590;33,6;37,44789927453617;-3,847899274536168;5;Bajo (0-100 min);0
M;300,0;311,4;1384;46,1;47,42269378239215;-1,3226937823921503;7;Bajo (0-100 min);0
M;300,0;311,4;1352;61,8;48,9701551172123;12,829844882787697;10;Bajo (0-100 min);0
L;300,1;311,4;1484;43,1;42,58660359212489;0,5133964078751134;13;Bajo (0-100 min);0
M;300,1;311,4;1913;21,9;21,809218240334545;0,09078175966545388;15;Bajo (0-100 min);0
L;300,0;311,4;1508;38,2;41,40927604241042;-3,2092760424104156;18;Bajo (0-100 min);0
L;299,9;311,3;1504;40,7;41,601365618506584;-0,9013656185065813;20;Bajo (0-100 min);0
L;300,0;311,4;1487;41,2;42,42327084533229;-1,2232708453322871;22;Bajo (0-100 min);0
L;299,8;311,3;1727;30,0;30,787492363642002;-0,7874923636420021;24;Bajo (0-100 min);0
L;299,9;311,3;1647;27,5;34,671561940199176;-7,171561940199176;26;Bajo (0-100 min);0
L;300,0;311,3;1493;41,4;42,13935011457341;-0,739350114573412;28;Bajo (0-100 min);0
L;300,0;311,4;1655;29,6;34,28124821412764;-4,681248214127642;30;Bajo (0-100 min);0
M;299,9;311,4;1337;54,8;49,668766837479204;5,131233162520793;32;Bajo (0-100 min);0
L;300,0;311,5;1601;36,9;36,88147551334441;0,01852448665558626;35;Bajo (0-100 min);0
H;300,1;311,6;1589;37,9;37,46123759166896;0,4387624083310371;37;Bajo (0-100 min);0
L;300,2;311,7;1286;55,1;52,13147609717334;2,968523902826661;42;Bajo (0-100 min);0
L;300,2;311,7;1553;41,3;39,199528756820335;2,100471243179662;44;Bajo (0-100 min);0
L;300,2;311,8;1379;51,0;47,61344643565199;3,386553564348013;46;Bajo (0-100 min);0
M;300,3;311,9;1677;30,8;33,180333306905105;-2,3803333069051043;48;Bajo (0-100 min);0
L;300,3;311,8;1488;38,4;42,34225018327839;-3,9422501832783894;51;Bajo (0-100 min);0
L;300,3;311,8;1418;45,9;45,730751051903034;0,1692489480969641;53;Bajo (0-100 min);0
L;300,3;311,8;1451;41,0;44,13110306140395;-3,131103061403948;55;Bajo (0-100 min);0
L;300,3;311,8;1508;43,1;41,369167958099325;1,7308320419006762;57;Bajo (0-100 min);0
L;300,3;311,7;1579;33,6;37,94039271760844;-4,340392717608438;59;Bajo (0-100 min);0
H;300,3;311,7;1432;47,7;45,05789807315083;2,642101926849172;61;Bajo (0-100 min);0
L;300,2;311,6;1446;47,3;44,37601749905562;2,9239825009443763;66;Bajo (0-100 min);0
M;300,2;311,7;1597;39,5;37,050630525312386;2,4493694746876145;68;Bajo (0-100 min);0
M;300,2;311,7;1397;50,2;46,73410164977125;3,4658983502287555;71;Bajo (0-100 min);0
L;300,1;311,6;1530;36,6;40,290717351740106;-3,690717351740105;74;Bajo (0-100 min);0
M;300,1;311,6;1433;51,4;44,98679122227097;6,413208777729025;76;Bajo (0-100 min);0
L;300,0;311,5;1591;32,0;37,33269118173407;-5,33269118173407;79;Bajo (0-100 min);0
L;300,0;311,5;1445;41,6;44,40176790757623;-2,8017679075762274;81;Bajo (0-100 min);0
L;300,0;311,5;1749;28,3;29,67796126831469;-1,3779612683146887;83;Bajo (0-100 min);0
L;300,0;311,3;1703;30,4;31,926496381367723;-1,5264963813677248;85;Bajo (0-100 min);0
H;300,1;311,4;1518;46,9;40,884411397832146;6,015588602167853;87;Bajo (0-100 min);0
L;300,1;311,3;1535;42,3;40,06852734556647;2,2314726544335244;92;Bajo (0-100 min);0
M;300,1;311,4;1390;52,1;47,078014763091446;5,021985236908556;94;Bajo (0-100 min);0
H;300,3;311,6;1801;23,6;27,17183660533604;-3,5718366053360384;97;Bajo (0-100 min);0
H;300,3;311,6;1463;41,6;43,53695541803522;-1,9369554180352182;102;Moderado (100-200 min);0
L;300,3;311,6;1560;37,7;38,83562031113416;-1,1356203111341543;107;Moderado (100-200 min);0
L;300,3;311,6;1607;33,5;36,55797150483184;-3,0579715048318405;109;Moderado (100-200 min);0
L;300,4;311,6;1332;54,6;49,885623872933955;4,714376127066046;111;Moderado (100-200 min);0
L;300,3;311,7;1365;53,3;48,26353279288769;5,0364672071123096;113;Moderado (100-200 min);0
M;300,3;311,6;1617;32,5;36,069175576655084;-3,569175576655084;115;Moderado (100-200 min);0
M;300,3;311,6;1304;62,8;51,225081857239985;11,574918142760012;118;Moderado (100-200 min);0
L;300,3;311,7;1989;22,3;18,038055018377957;4,261944981622044;121;Moderado (100-200 min);0
H;300,3;311,6;1339;53,4;49,52632179175321;3,873678208246787;123;Moderado (100-200 min);0
L;300,2;311,5;1492;41,8;42,112861689325975;-0,31286168932597747;128;Moderado (100-200 min);0
M;300,1;311,3;1518;40,2;40,863253053032196;-0,663253053032193;130;Moderado (100-200 min);0
L;300,1;311,3;1479;39,5;42,74971479575395;-3,2497147957539525;133;Moderado (100-200 min);0
M;300,1;311,3;1523;34,1;40,617351878552334;-6,517351878552333;135;Moderado (100-200 min);0
M;300,2;311,4;1570;35,3;38,33907319936754;-3,039073199367543;138;Moderado (100-200 min);0
H;300,2;311,4;1506;36,1;41,436250684595066;-5,336250684595065;141;Moderado (100-200 min);0
M;300,2;311,6;1510;47,5;41,21645678258151;6,28354321741849;146;Moderado (100-200 min);0
L;300,2;311,6;1671;28,8;33,41719258525718;-4,6171925852571825;149;Moderado (100-200 min);0
M;300,3;311,6;1312;53,4;50,81284984817866;2,5871501518213407;151;Moderado (100-200 min);0
L;300,3;311,6;1595;38,8;37,10529282742622;1,6947071725737786;154;Moderado (100-200 min);0
L;300,3;311,7;1635;31,8;35,155483750408564;-3,3554837504085633;156;Moderado (100-200 min);0
L;300,3;311,7;1707;33,6;31,667119201600485;1,9328807983995162;158;Moderado (100-200 min);0
L;300,3;311,7;1545;43,5;39,51105400264633;3,9889459973536674;160;Moderado (100-200 min);0
M;300,2;311,6;1751;28,0;29,533131341694105;-1,533131341694105;162;Moderado (100-200 min);0
M;300,4;311,8;1707;30,0;31,661979697543558;-1,6619796975435577;165;Moderado (100-200 min);0
L;300,4;311,8;1320;57,9;50,40160457594551;7,498395424054486;168;Moderado (100-200 min);0
M;300,3;311,7;1319;51,4;50,44840826294099;0,9515917370590117;170;Moderado (100-200 min);0
L;300,2;311,7;1448;54,2;44,18757780509381;10,012422194906193;173;Moderado (100-200 min);0
L;300,2;311,8;1436;48,2;44,75605747248813;3,4439425275118722;175;Moderado (100-200 min);0
L;300,3;311,9;1609;34,0;36,37652305627006;-2,3765230562700594;177;Moderado (100-200 min);0
L;300,2;311,8;1464;44,5;43,39704942009871;1,1029505799012895;179;Moderado (100-200 min);0
M;300,3;311,8;1483;45,1;42,486684656333075;2,613315343666926;181;Moderado (100-200 min);0
M;300,2;311,8;1748;28,5;29,639560559254555;-1,139560559254555;184;Moderado (100-200 min);0
L;300,3;311,8;1746;26,3;29,74544541399802;-3,4454454139980193;187;Moderado (100-200 min);0
L;300,2;311,8;1410;51,4;46,004679371953735;5,395320628046264;189;Moderado (100-200 min);0
L;300,2;311,7;1640;30,8;34,87575200912621;-4,075752009126209;191;Moderado (100-200 min);0
H;300,3;311,7;1655;29,9;34,1591017641615;-4,2591017641615;193;Moderado (100-200 min);0
M;300,3;311,7;1646;28,9;34,59120140548486;-5,691201405484861;198;Moderado (100-200 min);0
L;300,4;311,8;1589;42,0;37,34950021512404;4,6504997848759615;201;Alto (>200 min);0
L;300,5;311,9;1546;39,4;39,43054981415573;-0,030549814155733657;203;Alto (>200 min);0
L;300,5;311,9;1511;41,8;41,12404864327232;0,6759513567276798;205;Alto (>200 min);0
L;300,5;311,9;1750;28,3;29,548102934525758;-1,2481029345257575;207;Alto (>200 min);0
M;300,5;311,9;1730;27,5;30,51517231813888;-3,0151723181388803;209;Alto (>200 min);0
L;300,6;311,9;1372;60,1;47,861649346164384;12,238350653835617;212;Alto (>200 min);1
L;300,5;311,8;1524;38,9;40,498872689024594;-1,5988726890245957;214;Alto (>200 min);1
L;300,4;311,8;1601;36,1;36,919429303065414;-0,8194293030654123;0;Bajo (0-100 min);0
M;300,5;311,8;1636;34,4;35,23420646409609;-0,8342064640960913;2;Bajo (0-100 min);0
L;300,4;311,8;2261;14,9;4,952775674934614;9,947224325065386;5;Bajo (0-100 min);0
L;300,4;311,8;1636;32,3;35,21916602718715;-2,9191660271871527;7;Bajo (0-100 min);0
M;300,4;311,9;1335;58,3;49,78351967794808;8,516480322051919;9;Bajo (0-100 min);0
M;300,3;311,7;1236;57,5;54,58673814898735;2,913261851012649;12;Bajo (0-100 min);0
L;300,3;311,7;1445;47,3;44,462899726051965;2,8371002739480318;15;Bajo (0-100 min);0
L;300,2;311,5;1500;40,8;41,80886082845149;-1,0088608284514962;17;Bajo (0-100 min);0
L;300,2;311,6;1999;21,0;17,63031071902806;3,36968928097194;19;Bajo (0-100 min);0
L;300,2;311,6;1529;35,5;40,39026346774489;-4,890263467744887;21;Bajo (0-100 min);0
M;300,2;311,6;1467;40,7;43,391335298767686;-2,691335298767683;23;Bajo (0-100 min);0
L;300,1;311,5;1334;54,0;49,82996650099785;4,170033499002152;26;Bajo (0-100 min);0
M;300,1;311,5;1343;46,2;49,39260562330429;-3,1926056233042885;28;Bajo (0-100 min);0
L;300,2;311,5;1639;31,1;35,066758827379076;-3,966758827379074;31;Bajo (0-100 min);0
H;300,1;311,5;1383;49,1;47,45170240931636;1,6482975906836401;33;Bajo (0-100 min);0
L;300,1;311,4;1660;31,4;34,04437463499078;-2,6443746349907826;38;Bajo (0-100 min);0
L;300,1;311,3;1470;45,2;43,255471746260035;1,9445282537399677;40;Bajo (0-100 min);0
M;300,1;311,3;1748;26,6;29,79080947920449;-3,190809479204489;42;Bajo (0-100 min);0
L;300,1;311,4;1467;35,7;43,38583893076506;-7,685838930765058;45;Bajo (0-100 min);0
M;300,1;311,4;1617;39,3;36,12004126533901;3,1799587346609854;47;Bajo (0-100 min);0
H;300,1;311,4;1377;56,7;47,74065757780709;8,959342422192911;50;Bajo (0-100 min);0
M;300,0;311,3;1629;32,1;35,53276313505704;-3,432763135057037;55;Bajo (0-100 min);0
L;300,0;311,2;1504;37,9;41,595247710615574;-3,6952477106155754;58;Bajo (0-100 min);0
L;300,0;311,2;1418;47,3;45,75860665444391;1,541393345556088;60;Bajo (0-100 min);0
L;300,0;311,2;1629;31,7;35,5386625773038;-3,838662577303804;62;Bajo (0-100 min);0
L;300,1;311,3;2579;12,5;-10,469917115993326;22,969917115993326;64;Bajo (0-100 min);1
L;300,1;311,3;1305;64,7;51,226653911708766;13,473346088291237;66;Bajo (0-100 min);0
M;300,2;311,4;1450;38,5;44,203121127097134;-5,703121127097134;68;Bajo (0-100 min);0
L;300,2;311,3;1487;36,9;42,42016769121834;-5,52016769121834;71;Bajo (0-100 min);0
M;300,2;311,3;1587;31,2;37,575801510803814;-6,375801510803814;73;Bajo (0-100 min);0
M;300,3;311,5;1528;40,9;40,4197969012265;0,48020309877350087;76;Bajo (0-100 min);0
M;300,4;311,6;1401;49,9;46,5680997898818;3,3319002101181994;79;Bajo (0-100 min);0
L;300,3;311,5;1446;45,0;44,386434905470935;0,6135650945290649;82;Bajo (0-100 min);0
L;300,2;311,4;1425;44,2;45,40181118647102;-1,2018111864710193;84;Bajo (0-100 min);0
L;300,2;311,4;1891;22,6;22,83256653577216;-0,23256653577215758;86;Bajo (0-100 min);0
H;300,2;311,5;1454;42,8;43,983213825764416;-1,183213825764419;88;Bajo (0-100 min);0
L;300,1;311,4;1430;40,9;45,14162118027797;-4,241621180277974;93;Bajo (0-100 min);0
L;300,2;311,4;1495;43,6;42,00353945030173;1,5964605496982713;95;Bajo (0-100 min);0
L;300,3;311,4;1544;41,6;39,64031579552918;1,9596842044708183;97;Bajo (0-100 min);0
M;300,3;311,4;1554;34,3;39,1545262881354;-4,854526288135403;99;Bajo (0-100 min);0
M;300,2;311,3;1491;37,3;42,20315341134941;-4,903153411349415;102;Moderado (100-200 min);0
L;300,3;311,3;1525;40,7;40,56560759688458;0,13439240311542022;105;Moderado (100-200 min);0
L;300,3;311,3;1505;39,6;41,532676980497705;-1,9326769804977033;107;Moderado (100-200 min);0
M;300,3;311,4;1371;50,2;48,009449471320146;2,1905505286798572;109;Moderado (100-200 min);0
L;300,3;311,3;1332;60,5;49,90707189265886;10,592928107341137;112;Moderado (100-200 min);0
L;300,3;311,4;1471;37,0;43,16282847531839;-6,162828475318392;114;Moderado (100-200 min);0
M;300,4;311,5;1750;27,3;29,649859310875883;-2,349859310875882;116;Moderado (100-200 min);0
M;300,3;311,4;1386;48,1;47,27550397385927;0,8244960261407286;119;Moderado (100-200 min);0
M;300,4;311,4;1355;56,2;48,78581908990941;7,414180910090593;122;Moderado (100-200 min);0
M;300,3;311,3;1377;53,8;47,71801268860385;6,081987311396148;125;Moderado (100-200 min);0
L;300,3;311,1;1388;49,4;47,205364303548;2,1946356964519964;128;Moderado (100-200 min);0
M;300,3;311,1;1350;58,7;49,04414902176528;9,655850978234724;130;Moderado (100-200 min);0
M;300,4;311,2;1831;23,4;25,747845052680475;-2,3478450526804764;133;Moderado (100-200 min);0
M;300,3;311,2;1381;65,2;47,52719119126672;17,67280880873328;136;Moderado (100-200 min);1
M;300,3;311,2;1783;25,6;28,056627236186863;-2,4566272361868613;139;Moderado (100-200 min);0
L;300,3;311,0;1613;34,7;36,309560826872726;-1,6095608268727233;142;Moderado (100-200 min);0
M;300,2;311,0;2370;14,7;-0,36369747752343073;15,06369747752343;144;Moderado (100-200 min);0
L;300,2;311,0;1627;33,7;35,61651957416056;-1,91651957416056;147;Moderado (100-200 min);0
L;300,2;311,0;1255;71,8;53,6304666122548;18,169533387745197;149;Moderado (100-200 min);1
H;300,2;311,0;1777;27,5;28,349218698343027;-0,8492186983430265;151;Moderado (100-200 min);0
L;300,3;311,1;1606;30,9;36,62687808341699;-5,726878083416992;156;Moderado (100-200 min);0
L;300,3;311,1;1676;28,6;33,23537079400938;-4,635370794009376;158;Moderado (100-200 min);0
L;300,3;311,1;1605;37,1;36,672300292334256;0,42769970766574517;160;Moderado (100-200 min);0
L;300,4;311,1;1487;37,4;42,39665779750018;-4,996657797500184;162;Moderado (100-200 min);0
L;300,4;311,2;1471;46,5;43,158851983695435;3,3411480163045653;164;Moderado (100-200 min);0
M;300,3;311,1;1477;44,2;42,866655262789294;1,3333447372107088;166;Moderado (100-200 min);0
L;300,4;311,2;1530;32,0;40,297804805403125;-8,297804805403125;169;Moderado (100-200 min);0
L;300,4;311,2;1673;28,9;33,37100754787869;-4,471007547878692;171;Moderado (100-200 min);0
L;300,4;311,2;1436;56,8;44,84708957644182;11,95291042355818;173;Moderado (100-200 min);0
L;300,4;311,3;1495;51,2;41,977136535119776;9,222863464880227;175;Moderado (100-200 min);0
M;300,4;311,2;1366;56,1;48,23408723467498;7,865912765325021;177;Moderado (100-200 min);0
H;300,4;311,2;1489;45,3;42,27511096595941;3,0248890340405836;180;Moderado (100-200 min);0
L;300,3;311,1;1480;46,6;42,70708887496951;3,892911125030494;185;Moderado (100-200 min);0
L;300,4;311,2;1472;37,3;43,09313643449313;-5,793136434493135;187;Moderado (100-200 min);0
L;300,4;311,1;1397;50,8;46,73494113023589;4,065058869764108;189;Moderado (100-200 min);0
L;300,4;311,1;1589;35,5;37,43514101740016;-1,9351410174001629;191;Moderado (100-200 min);0
L;300,4;311,1;1405;54,1;46,34450567185108;7,75549432814892;193;Moderado (100-200 min);0
L;300,4;311,1;2013;20,1;16,898395603719482;3,201604396280519;195;Moderado (100-200 min);0
L;300,4;311,0;1802;26,0;27,126493938693585;-1,126493938693585;197;Moderado (100-200 min);0
M;300,4;311,0;1433;46,1;44,99515508768713;1,1048449123128705;199;Moderado (100-200 min);0
M;300,5;311,1;1296;61,3;51,627744273344746;9,672255726655251;202;Alto (>200 min);1
M;300,5;311,2;1551;36,6;39,26502820558181;-2,6650282055818053;205;Alto (>200 min);0
L;300,5;311,2;1270;67,5;52,87121833575933;14,62878166424067;208;Alto (>200 min);1
L;300,6;311,3;1531;38,5;40,387801597026794;-1,8878015970267938;0;Bajo (0-100 min);0
H;300,5;311,2;1397;45,2;46,87561303415292;-1,6756130341529172;2;Bajo (0-100 min);0
L;300,5;311,1;1547;37,2;39,618721231756595;-2,4187212317565923;7;Bajo (0-100 min);0
L;300,5;311,0;2074;18,9;14,106490847960636;4,793509152039363;9;Bajo (0-100 min);0
L;300,5;311,1;1491;42,6;42,327718074186535;0,27228192581346633;11;Bajo (0-100 min);0
L;300,5;311,0;1759;28,3;29,358502782750254;-1,058502782750253;13;Bajo (0-100 min);0
M;300,4;311,0;1595;35,4;37,28801243226633;-1,8880124322663292;15;Bajo (0-100 min);0
L;300,4;311,2;1351;62,0;49,08002190630142;12,919978093698582;18;Bajo (0-100 min);0
L;300,4;311,2;1705;28,7;31,934783782028358;-3,2347837820283587;20;Bajo (0-100 min);0
L;300,4;311,2;1406;43,6;46,41344085200578;-2,813440852005776;22;Bajo (0-100 min);0
L;300,4;311,3;1639;34,6;35,11690624284364;-0,5169062428436391;24;Bajo (0-100 min);0
H;300,4;311,3;2026;20,3;16,373523338462974;3,926476661537027;26;Bajo (0-100 min);0
M;300,4;311,3;1350;56,5;49,107518989840045;7,392481010159955;31;Bajo (0-100 min);0
M;300,5;311,3;1468;41,1;43,401968280555856;-2,3019682805558546;34;Bajo (0-100 min);0
L;300,5;311,4;1642;27,1;34,96197121851158;-7,861971218511577;37;Bajo (0-100 min);0
L;300,5;311,3;1490;41,8;42,33278040117207;-0,5327804011720758;39;Bajo (0-100 min);0
M;300,5;311,3;1507;43,4;41,50799048587667;1,8920095141233304;41;Bajo (0-100 min);0
L;300,5;311,4;1611;32,7;36,45799750284853;-3,757997502848525;44;Bajo (0-100 min);0
M;300,5;311,4;1743;27,6;30,063915172026626;-2,463915172026624;46;Bajo (0-100 min);0
L;300,5;311,3;1475;46,3;43,05169379471811;3,248306205281885;49;Bajo (0-100 min);0
L;300,5;311,4;1432;47,5;45,12146098281958;2,3785390171804224;51;Bajo (0-100 min);0
L;300,5;311,4;1442;47,0;44,635671475425795;2,364328524574205;53;Bajo (0-100 min);0
M;300,6;311,4;1468;40,4;43,386306303758545;-2,986306303758546;55;Bajo (0-100 min);0
L;300,5;311,4;1556;45,3;39,11104966362081;6,188950336379186;58;Bajo (0-100 min);0
M;300,5;311,4;1312;51,4;50,92613210008555;0,47386789991444545;60;Bajo (0-100 min);0
L;300,6;311,5;1459;47,0;43,804990450877725;3,1950095491222754;63;Bajo (0-100 min);0
L;300,5;311,5;1651;36,9;34,49390792711176;2,406092072888235;65;Bajo (0-100 min);0
L;300,5;311,5;1490;38,4;42,28941409845738;-3,8894140984573795;67;Bajo (0-100 min);0
M;300,6;311,6;1473;31,5;43,111319325283084;-11,611319325283084;69;Bajo (0-100 min);0
L;300,6;311,7;1734;29,9;30,45803147931876;-0,5580314793187604;72;Bajo (0-100 min);0
L;300,6;311,7;1507;45,5;41,44982721087958;4,050172789120417;74;Bajo (0-100 min);0
L;300,6;311,7;1556;34,9;39,07532114517681;-4,1753211451768095;76;Bajo (0-100 min);0
H;300,5;311,6;1351;53,5;49,00156529101929;4,49843470898071;78;Bajo (0-100 min);0
L;300,5;311,7;1445;44,8;44,434355394601965;0,3656446053980318;83;Bajo (0-100 min);0
L;300,5;311,7;1619;32,7;36,00627061637039;-3,3062706163703837;85;Bajo (0-100 min);0
M;300,5;311,7;1269;64,0;52,95478780105955;11,045212198940447;87;Bajo (0-100 min);0
L;300,5;311,6;1534;37,7;40,13010679352821;-2,4301067935282106;90;Bajo (0-100 min);0
L;300,5;311,6;1444;49,3;44,48718025615747;4,812819743842525;92;Bajo (0-100 min);0
L;300,5;311,6;1744;26,8;29,957088135696857;-3,1570881356968563;94;Bajo (0-100 min);0
L;300,4;311,5;1441;44,6;44,62933799216192;-0,029337992161920567;96;Bajo (0-100 min);0
M;300,3;311,3;1506;40,7;41,49101279755916;-0,791012797559155;98;Bajo (0-100 min);0
L;300,3;311,4;1526;38,5;40,50902470935036;-2,0090247093503635;101;Moderado (100-200 min);0
L;300,4;311,5;1704;29,7;31,88734714463113;-2,1873471446311292;103;Moderado (100-200 min);0
H;300,4;311,4;1445;52,4;44,44001970521629;7,959980294783712;105;Moderado (100-200 min);0
L;300,5;311,5;1661;35,9;33,97579939630107;1,924200603698928;110;Moderado (100-200 min);0
L;300,5;311,4;1466;41,8;43,42903965607148;-1,629039656071484;112;Moderado (100-200 min);0
L;300,4;311,3;1608;35,1;36,550549295934005;-1,4505492959340032;114;Moderado (100-200 min);0
M;300,4;311,4;1352;57,3;48,93561461018456;8,364385389815439;116;Moderado (100-200 min);0
M;300,4;311,4;1604;31,7;36,729345110139256;-5,029345110139257;119;Moderado (100-200 min);0
H;300,4;311,4;1427;50,7;45,29895775149282;5,401042248507181;122;Moderado (100-200 min);0
L;300,4;311,4;1424;44,6;45,4404856146148;-0,8404856146147992;127;Moderado (100-200 min);0
L;300,4;311,4;1662;29,3;33,912968535568474;-4,6129685355684735;129;Moderado (100-200 min);0
L;300,4;311,4;1936;23,9;20,642020787313854;3,257979212686145;131;Moderado (100-200 min);0
L;300,4;311,4;1728;31,7;30,713672554570294;0,9863274454297049;133;Moderado (100-200 min);0
L;300,4;311,4;1552;28,8;39,23560817141937;-10,435608171419371;135;Moderado (100-200 min);0
H;300,4;311,5;1662;29,0;33,89579501538557;-4,895795015385573;137;Moderado (100-200 min);0
L;300,3;311,4;1343;57,7;49,34064813146711;8,35935186853289;142;Moderado (100-200 min);0
M;300,4;311,5;1476;32,6;42,898258903258245;-10,298258903258244;144;Moderado (100-200 min);0
L;300,3;311,4;1346;51,1;49,19160421638772;1,908395783612285;147;Moderado (100-200 min);0
L;300,4;311,5;1492;44,6;42,119642802075845;2,4803571979241568;149;Moderado (100-200 min);0
M;300,3;311,5;1540;41,5;39,78228295514308;1,7177170448569186;151;Moderado (100-200 min);0
L;300,4;311,5;1596;32,5;37,079307287273174;-4,579307287273174;154;Moderado (100-200 min);0
L;300,5;311,6;1541;47,8;39,74150044270763;8,058499557292365;156;Moderado (100-200 min);0
L;300,5;311,6;1661;30,0;33,928561668288495;-3,928561668288495;158;Moderado (100-200 min);0
M;300,4;311,6;1359;55,4;48,541222216436374;6,8587777835636246;160;Moderado (100-200 min);0
L;300,5;311,6;1528;42,4;40,365811392440435;2,034188607559564;163;Moderado (100-200 min);0
M;300,5;311,6;1246;52,9;54,02118175751393;-1,1211817575139307;165;Moderado (100-200 min);0
L;300,5;311,6;1575;32,5;38,08590777055089;-5,5859077705508895;168;Moderado (100-200 min);0
M;300,5;311,6;1658;30,4;34,06482829504028;-3,66482829504028;170;Moderado (100-200 min);0
L;300,5;311,6;1385;54,8;47,28358938761596;7,5164106123840355;173;Moderado (100-200 min);0
H;300,5;311,7;1454;50,3;43,92935004929163;6,370649950708369;175;Moderado (100-200 min);0
L;300,5;311,6;1497;40,5;41,85432162481996;-1,3543216248199599;180;Moderado (100-200 min);0
M;300,6;311,7;1424;50,8;45,38823011485857;5,411769885141425;182;Moderado (100-200 min);0
L;300,6;311,7;1528;43,9;40,349397810447385;3,550602189552613;185;Moderado (100-200 min);0
L;300,6;311,8;1539;37,0;39,8040189947364;-2,8040189947364027;187;Moderado (100-200 min);0
L;300,7;311,8;1336;58,4;49,64481002442192;8,755189975578077;189;Moderado (100-200 min);1
L;300,5;311,6;1525;37,6;40,490052336060344;-2,890052336060343;191;Moderado (100-200 min);0
M;300,5;311,6;1456;51,1;43,830124574984765;7,269875425015236;193;Moderado (100-200 min);0
M;300,5;311,7;2141;17,2;10,643097736122733;6,556902263877266;196;Moderado (100-200 min);0
M;300,5;311,6;1476;39,1;42,8570423498057;-3,757042349805701;199;Moderado (100-200 min);0
L;300,5;311,6;1509;47,2;41,25664275411087;5,943357245889132;202;Alto (>200 min);0
L;300,5;311,6;1447;45,4;44,25771458513368;1,142285414866322;204;Alto (>200 min);0
L;300,6;311,7;1448;49,1;44,207904477355235;4,892095522644766;206;Alto (>200 min);0
L;300,6;311,7;1428;52,6;45,17497386096836;7,425026139031644;208;Alto (>200 min);0
M;300,6;311,7;1389;52,1;47,06218720888587;5,037812791114135;210;Alto (>200 min);0
L;300,7;311,7;1635;32,4;35,157771897972175;-2,7577718979721766;213;Alto (>200 min);0
L;300,7;311,7;1395;43,7;46,77913981563599;-3,0791398156359904;215;Alto (>200 min);0
L;300,7;311,8;1443;43,7;44,44190170101649;-0,7419017010164879;217;Alto (>200 min);0
M;300,7;311,7;1412;49,1;45,95284668994911;3,1471533100508893;219;Alto (>200 min);0
L;300,7;311,7;1524;43,5;40,52658534793608;2,973414652063923;222;Alto (>200 min);0
M;300,7;311,8;1407;42,4;46,18007113385459;-3,780071133854591;224;Alto (>200 min);0
L;300,8;311,7;1397;43,5;46,68454570481686;-3,1845457048168626;227;Alto (>200 min);0
M;300,7;311,7;1504;36,9;41,48989670557049;-4,589896705570489;229;Alto (>200 min);0
M;300,7;311,7;2097;18,9;12,769464477746613;6,1305355222533855;232;Alto (>200 min);1
L;300,6;311,7;1553;39,8;39,277729029153896;0,5222709708461011;0;Bajo (0-100 min);0
L;300,6;311,7;1432;39,2;45,13609001249029;-5,93609001249029;2;Bajo (0-100 min);0
M;300,5;311,6;1577;36,5;38,11231376325212;-1,6123137632521178;4;Bajo (0-100 min);0
M;300,5;311,5;1370;56,1;48,145945974229555;7,954054025770446;7;Bajo (0-100 min);0
H;300,5;311,6;1506;36,2;41,54623684079403;-5,3462368407940275;10;Bajo (0-100 min);0
L;300,6;311,6;1964;21,4;19,373448823040007;2,026551176959991;15;Bajo (0-100 min);0
H;300,6;311,7;1500;36,7;41,83166911493849;-5,131669114938489;17;Bajo (0-100 min);0
L;300,6;311,7;1488;47,7;42,409054645362545;5,290945354637458;22;Bajo (0-100 min);0
H;300,6;311,5;1282;60,2;52,40617051045245;7,793829489547555;24;Bajo (0-100 min);0
L;300,5;311,4;1400;45,1;46,68771244753328;-1,5877124475332778;29;Bajo (0-100 min);0
L;300,6;311,5;1419;38,6;45,766187005150684;-7,166187005150682;31;Bajo (0-100 min);0
M;300,7;311,5;1441;40,6;44,71053635228435;-4,110536352284349;33;Bajo (0-100 min);0
M;300,7;311,6;1348;62,5;49,200983420201595;13,299016579798405;36;Bajo (0-100 min);0
H;300,8;311,7;1468;38,7;43,387414772899994;-4,6874147728999915;39;Bajo (0-100 min);0
M;300,7;311,7;1701;30,8;32,08850361583736;-1,2885036158373602;44;Bajo (0-100 min);0
H;300,7;311,7;1864;23,6;24,192382159112576;-0,5923821591125744;47;Bajo (0-100 min);0
M;300,6;311,6;1630;31,8;35,52080175067452;-3,7208017506745215;52;Bajo (0-100 min);0
L;300,5;311,5;1316;49,7;50,72501492864638;-1,025014928646378;55;Bajo (0-100 min);0
L;300,5;311,5;1708;31,2;31,739488875764565;-0,5394888757645653;57;Bajo (0-100 min);0
H;300,5;311,4;1679;27,5;33,15357660529673;-5,653576605296728;59;Bajo (0-100 min);0
L;300,5;311,4;1709;32,3;31,696959688311104;0,6030403116888934;64;Bajo (0-100 min);0
L;300,5;311,4;1445;41,5;44,48061471878046;-2,9806147187804584;66;Bajo (0-100 min);0
M;300,5;311,4;1390;51,9;47,14268614190164;4,757313858098357;68;Bajo (0-100 min);0
L;300,4;311,4;1309;55,5;51,051867921102854;4,448132078897146;71;Bajo (0-100 min);0
L;300,5;311,5;1499;37,6;41,849046799980854;-4,249046799980853;73;Bajo (0-100 min);0
M;300,5;311,4;2072;18,8;14,109099449974291;4,6909005500257095;75;Bajo (0-100 min);0
L;300,5;311,5;1487;43,0;42,42643233040491;0,5735676695950929;78;Bajo (0-100 min);0
L;300,5;311,5;1302;49,6;51,38422561455606;-1,7842256145560569;80;Bajo (0-100 min);0
M;300,5;311,5;1378;48,2;47,70214654694706;0,49785345305294015;82;Bajo (0-100 min);0
L;300,5;311,6;1365;53,0;48,31830323884587;4,681696761154129;85;Bajo (0-100 min);0
H;300,6;311,7;1427;44,6;45,314346719353374;-0,7143467193533724;87;Bajo (0-100 min);0
H;300,6;311,7;1535;33,3;40,08029668574978;-6,780296685749782;92;Bajo (0-100 min);0
H;300,5;311,6;1476;41,7;42,93370607977138;-1,2337060797713804;97;Bajo (0-100 min);0
L;300,5;311,6;1425;42,4;45,39980816850443;-2,9998081685044298;102;Moderado (100-200 min);0
L;300,5;311,7;1409;54,7;46,16200235469968;8,537997645300322;104;Moderado (100-200 min);0
L;300,5;311,6;1730;30,2;30,62606968915118;-0,4260696891511806;106;Moderado (100-200 min);0
M;300,5;311,6;1454;41,4;43,99086827602329;-2,5908682760232935;108;Moderado (100-200 min);0
L;300,6;311,7;1744;26,9;29,944432579682516;-3,0444325796825176;111;Moderado (100-200 min);0
M;300,8;311,9;1761;29,0;29,11988612901365;-0,11988612901365059;113;Moderado (100-200 min);0
M;300,7;311,9;1657;30,9;34,14292639132016;-3,242926391320161;116;Moderado (100-200 min);0
L;300,7;311,8;1420;47,0;45,62941749330451;1,3705825066954915;119;Moderado (100-200 min);0
H;300,7;311,9;1329;59,2;50,02375890701704;9,176241092982963;121;Moderado (100-200 min);0
L;300,6;311,9;1472;44,2;43,08342442297515;1,1165755770248538;126;Moderado (100-200 min);0
L;300,6;312,0;1566;30,1;38,518469342145046;-8,418469342145045;128;Moderado (100-200 min);0
L;300,6;312,0;1430;42,7;45,1032597709849;-2,4032597709848957;130;Moderado (100-200 min);0
L;300,6;312,0;1481;40,9;42,631896445881665;-1,7318964458816666;132;Moderado (100-200 min);0
L;300,6;312,0;1670;29,4;33,47738222214663;-4,077382222146632;134;Moderado (100-200 min);0
L;300,6;312,0;1406;55,1;46,26103725261598;8,838962747384024;136;Moderado (100-200 min);0
H;300,6;312,1;1354;46,9;48,76666210801952;-1,8666621080195185;138;Moderado (100-200 min);0
M;300,5;312,0;1985;19,3;18,204317008882132;1,0956829911178687;143;Moderado (100-200 min);0
M;300,5;312,0;1263;60,8;53,167532836861284;7,632467163138713;146;Moderado (100-200 min);0
L;300,5;311,9;1576;31,1;38,01827760371889;-6,9182776037188916;149;Moderado (100-200 min);0
L;300,5;312,0;1453;45,1;43,96233516783879;1,1376648321612137;151;Moderado (100-200 min);0
L;300,5;312,0;1478;39,0;42,75011621494154;-3,750116214941542;153;Moderado (100-200 min);0
M;300,5;311,9;1323;57,9;50,26621128670274;7,633788713297257;155;Moderado (100-200 min);0
L;300,5;311,9;1710;28,4;31,522076777126333;-3,1220767771263347;158;Moderado (100-200 min);0
L;300,4;311,7;1314;59,5;50,70934987432979;8,790650125670211;160;Moderado (100-200 min);0
L;300,4;311,7;1460;39,6;43,63726672770466;-4,037266727704662;162;Moderado (100-200 min);0
M;300,4;311,7;1508;45,4;41,311189291702114;4,088810708297885;164;Moderado (100-200 min);0
M;300,5;311,8;1331;55,3;49,88092366536895;5,41907633463105;167;Moderado (100-200 min);0
L;300,4;311,7;1515;47,4;40,96767925262605;6,43232074737395;170;Moderado (100-200 min);0
L;300,4;311,6;1674;33,0;33,27718459851488;-0,27718459851487864;172;Moderado (100-200 min);0
L;300,4;311,7;1444;51,2;44,403105540559444;6,7968944594405585;174;Moderado (100-200 min);0
M;300,4;311,7;1398;42,6;46,62931929637856;-4,02931929637856;176;Moderado (100-200 min);0
M;300,4;311,7;1832;24,2;25,609039190891323;-1,409039190891324;179;Moderado (100-200 min);0
M;300,5;311,8;1591;42,0;37,278205865372904;4,721794134627096;182;Moderado (100-200 min);0
M;300,4;311,7;1478;39,9;42,74826447359845;-2,848264473598448;185;Moderado (100-200 min);0
M;300,4;311,8;1362;47,6;48,35257002462099;-0,7525700246209865;188;Moderado (100-200 min);0
L;300,5;311,8;1368;57,9;48,07102584176261;9,828974158237386;191;Moderado (100-200 min);1
M;300,3;311,7;1723;28,3;30,86595494454583;-2,5659549445458296;193;Moderado (100-200 min);0
L;300,4;311,8;1689;30,8;32,5103952710797;-1,710395271079701;196;Moderado (100-200 min);0
L;300,4;311,8;1272;59,2;52,703630645684306;6,496369354315696;198;Moderado (100-200 min);1
M;300,4;311,7;1511;33,0;41,138845615554715;-8,138845615554715;200;Moderado (100-200 min);0
H;300,4;311,6;1715;30,8;31,268311019737432;-0,46831101973743117;203;Alto (>200 min);0
M;300,3;311,5;1400;43,8;46,67578349773238;-2,8757834977323853;0;Bajo (0-100 min);0
L;300,4;311,6;1200;76,6;56,359376354504505;20,24062364549549;3;Bajo (0-100 min);1
M;300,4;311,7;1555;38,7;39,15454892191426;-0,45454892191425955;5;Bajo (0-100 min);0
H;300,3;311,6;1427;56,2;45,35103697564327;10,848963024356735;8;Bajo (0-100 min);0
L;300,3;311,4;1318;52,7;50,64832094422359;2,051679055776411;13;Bajo (0-100 min);0
H;300,2;311,4;1319;54,6;50,58710669320165;4,012893306798354;15;Bajo (0-100 min);0
M;300,2;311,4;1960;20,9;19,540597029375228;1,359402970624771;20;Bajo (0-100 min);0
L;300,3;311,5;1552;38,9;39,29734486379529;-0,3973448637952899;23;Bajo (0-100 min);0
L;300,3;311,5;1548;32,2;39,48955617220473;-7,289556172204726;25;Bajo (0-100 min);0
L;300,3;311,6;1709;29,5;31,67988290145918;-2,1798829014591803;27;Bajo (0-100 min);0
H;300,3;311,5;1464;41,0;43,554554646241115;-2,5545546462411153;29;Bajo (0-100 min);0
L;300,3;311,4;1759;24,8;29,275511537311388;-4,475511537311387;34;Bajo (0-100 min);0
L;300,3;311,5;1634;31,9;35,31642636083175;-3,4164263608317498;36;Bajo (0-100 min);0
L;300,3;311,5;1663;33,6;33,91049288913358;-0,3104928891335774;38;Bajo (0-100 min);0
M;300,3;311,5;1445;47,3;44,46643095339233;2,833569046607664;40;Bajo (0-100 min);0
L;300,3;311,5;1695;25,6;32,3570187127475;-6,757018712747495;43;Bajo (0-100 min);0
L;300,4;311,6;1517;39,0;40,97593332131029;-1,9759333213102934;45;Bajo (0-100 min);0
L;300,5;311,7;1811;26,8;26,736534711364335;0,06346528863566547;47;Bajo (0-100 min);0
L;300,4;311,6;1815;23,5;26,541195249858657;-3,0411952498586565;49;Bajo (0-100 min);0
L;300,4;311,7;1513;40,0;41,15397753031981;-1,153977530319807;51;Bajo (0-100 min);0
M;300,4;311,6;1518;36,4;40,92149185004413;-4,521491850044129;53;Bajo (0-100 min);0
L;300,3;311,5;1667;28,8;33,703249476809304;-4,903249476809304;56;Bajo (0-100 min);0
L;300,3;311,5;1403;60,1;46,48690450727865;13,61309549272135;58;Bajo (0-100 min);0
L;300,2;311,5;1383;42,1;47,44269147996155;-5,342691479961552;60;Bajo (0-100 min);0
L;300,3;311,5;1466;46,2;43,43289441538117;2,7671055846188324;62;Bajo (0-100 min);0
L;300,3;311,5;1378;47,5;47,693110618609964;-0,19311061860996404;64;Bajo (0-100 min);0
M;300,2;311,5;1547;40,9;39,49588657794931;1,404113422050692;66;Bajo (0-100 min);0
L;300,2;311,5;1495;38,5;42,01192050677406;-3,511920506774061;69;Bajo (0-100 min);0
L;300,1;311,4;1729;29,3;30,677996214215394;-1,3779962142153934;71;Bajo (0-100 min);0
L;300,1;311,4;1418;47,7;45,73779684059558;1,9622031594044245;73;Bajo (0-100 min);0
H;300,1;311,4;1485;40,4;42,491575440288656;-2,0915754402886577;75;Bajo (0-100 min);0
L;300,1;311,5;1434;40,8;44,946516850404734;-4,146516850404737;80;Bajo (0-100 min);0
M;300,2;311,6;1415;55,8;45,86527933663089;9,934720663369106;82;Bajo (0-100 min);0
H;300,1;311,6;1674;29,6;33,30872701775376;-3,708727017753759;85;Bajo (0-100 min);0
L;300,1;311,5;1454;52,4;43,970428204442705;8,429571795557294;90;Bajo (0-100 min);0
L;300,0;311,4;1476;39,0;42,90337340833288;-3,9033734083328824;92;Bajo (0-100 min);0
L;300,0;311,5;1812;28,3;26,618689940047012;1,6813100599529882;94;Bajo (0-100 min);0
L;300,0;311,4;1374;41,9;47,84008721697342;-5,940087216973424;96;Bajo (0-100 min);0
M;300,1;311,4;1524;40,6;40,5855719624776;0,014428037522399961;98;Bajo (0-100 min);0
L;300,0;311,4;1383;49,6;47,40047152369264;2,199528476307364;101;Moderado (100-200 min);0
L;299,9;311,3;1429;58,2;45,17112961477728;13,028870385222724;103;Moderado (100-200 min);0
M;299,8;311,3;1517;41,2;40,89662457983529;0,30337542016471275;105;Moderado (100-200 min);0
M;299,9;311,4;1480;44,9;42,68635079546986;2,2136492045301353;108;Moderado (100-200 min);0
L;299,9;311,4;1706;28,8;31,739225667630556;-2,9392256676305557;111;Moderado (100-200 min);0
L;300,0;311,5;1349;48,6;49,026864992534605;-0,42686499253460397;113;Moderado (100-200 min);0
M;300,0;311,5;1451;49,0;44,085641552719615;4,914358447280385;115;Moderado (100-200 min);0
L;299,9;311,4;1627;36,7;35,559826177578564;1,1401738224214384;118;Moderado (100-200 min);0
M;300,0;311,4;1537;35,4;39,92818205113805;-4,528182051138053;120;Moderado (100-200 min);0
L;300,1;311,5;2218;17,0;6,946152142007165;10,053847857992835;123;Moderado (100-200 min);0
M;300,0;311,4;1466;39,0;43,3628567338757;-4,362856733875702;125;Moderado (100-200 min);0
L;300,0;311,5;1666;32,0;33,66371529962543;-1,66371529962543;128;Moderado (100-200 min);0
L;300,0;311,5;1455;41,7;43,88065295598257;-2,1806529559825663;130;Moderado (100-200 min);0
L;300,0;311,4;1927;24,6;21,031997205699277;3,5680027943007246;132;Moderado (100-200 min);0
M;299,9;311,3;1703;28,4;31,87838531584614;-3,4783853158461397;134;Moderado (100-200 min);0
L;299,8;311,2;1533;35,9;40,10887581698482;-4,208875816984822;137;Moderado (100-200 min);0
H;299,8;311,3;1785;25,4;27,892197243518304;-2,492197243518305;139;Moderado (100-200 min);0
L;299,8;311,2;2142;16,6;10,610579093174291;5,9894209068257105;144;Moderado (100-200 min);0
L;299,8;311,2;1369;46,2;48,04440664106093;-1,844406641060928;146;Moderado (100-200 min);0
M;299,8;311,2;1706;29,2;31,722455221691792;-2,522455221691793;148;Moderado (100-200 min);0
L;299,9;311,3;1802;24,4;27,07117368719571;-2,6711736871957115;151;Moderado (100-200 min);0
H;299,9;311,3;1413;41,8;45,90840743019386;-4,108407430193864;153;Moderado (100-200 min);0
L;300,0;311,3;1484;53,2;42,47749910642902;10,722500893570981;158;Moderado (100-200 min);0
L;299,9;311,3;1535;38,1;39,99485337039555;-1,894853370395552;160;Moderado (100-200 min);0
M;299,9;311,2;1579;35,5;37,873651131810895;-2,3736511318108953;162;Moderado (100-200 min);0
L;299,8;311,1;1300;64,2;51,38286227027469;12,81713772972531;165;Moderado (100-200 min);0
M;299,8;311,1;1452;44,3;44,020207345448185;0,27979265455181235;167;Moderado (100-200 min);0
M;299,8;311,1;1562;35,7;38,69080326283561;-2,9908032628356054;170;Moderado (100-200 min);0
L;299,8;311,2;1664;28,3;33,73766753920792;-5,437667539207919;173;Moderado (100-200 min);0
H;299,9;311,2;1495;35,8;41,9318851590856;-6,131885159085606;175;Moderado (100-200 min);0
M;300,0;311,4;1533;42,6;40,07680025819445;2,5231997418055485;180;Moderado (100-200 min);0
L;300,0;311,4;1484;37,0;42,447548297918516;-5,447548297918516;183;Moderado (100-200 min);0
L;300,0;311,4;1604;38,7;36,63460952349938;2,0653904765006246;185;Moderado (100-200 min);0
L;300,0;311,4;1483;45,6;42,49297050683578;3,1070294931642195;187;Moderado (100-200 min);0
L;300,1;311,5;1549;34,7;39,29529946854235;-4,5952994685423505;189;Moderado (100-200 min);0
L;300,1;311,4;1604;35,0;36,641382303255156;-1,6413823032551562;191;Moderado (100-200 min);0
L;300,2;311,5;1685;31,0;32,71728181945827;-1,7172818194582717;193;Moderado (100-200 min);0
L;300,2;311,6;1372;49,2;47,86277902662195;1,3372209733780522;195;Moderado (100-200 min);0
L;300,3;311,6;1374;47,4;47,77570096776024;-0,3757009677602383;197;Moderado (100-200 min);0
L;300,2;311,6;1606;31,0;36,527473255985065;-5,527473255985065;199;Moderado (100-200 min);0
L;300,1;311,5;1471;47,2;43,063713322811424;4,136286677188579;201;Alto (>200 min);0
L;300,1;311,5;1659;31,1;33,95762772877662;-2,8576277287766203;203;Alto (>200 min);0
M;300,1;311,7;1400;48,5;46,476818253510906;2,0231817464890938;205;Alto (>200 min);0
L;300,1;311,7;1503;42,6;41,486414578799945;1,1135854212000567;208;Alto (>200 min);0
L;300,2;311,8;1798;23,2;27,19858733915374;-3,9985873391537403;210;Alto (>200 min);0
M;300,2;311,6;1608;35,0;36,420845129039954;-1,4208451290399537;212;Alto (>200 min);0
L;300,2;311,6;1322;50,9;50,269178407718634;0,6308215922813645;215;Alto (>200 min);0
H;300,2;311,6;1547;37,7;39,371233514775305;-1,6712335147753024;217;Alto (>200 min);0
M;300,3;311,7;1374;47,9;47,74575015924973;0,1542498407502677;222;Alto (>200 min);1
M;300,3;311,7;1447;36,8;44,377316544587636;-7,577316544587639;0;Bajo (0-100 min);0
L;300,4;311,7;1373;47,2;47,97006273774768;-0,7700627377476792;3;Bajo (0-100 min);0
L;300,3;311,7;1515;37,5;41,08041169899326;-3,5804116989932595;5;Bajo (0-100 min);0
L;300,3;311,7;1317;56,5;50,6677771692474;5,832222830752599;7;Bajo (0-100 min);0
L;300,3;311,8;1551;37,2;39,32281393038503;-2,1228139303850284;9;Bajo (0-100 min);0
M;300,3;311,8;1592;32,1;37,335736902284104;-5,235736902284103;11;Bajo (0-100 min);0
L;300,4;311,8;1433;42,2;45,044916619963736;-2,8449166199637332;14;Bajo (0-100 min);0
L;300,5;311,9;1432;43,1;45,09196377158576;-1,991963771585759;16;Bajo (0-100 min);0
L;300,5;311,9;1350;51,7;49,06160819661317;2,638391803386831;18;Bajo (0-100 min);0
M;300,5;311,9;1370;44,8;48,091532392217076;-3,2915323922170785;20;Bajo (0-100 min);0
L;300,5;312,0;1415;44,6;45,898828561502526;-1,2988285615025248;23;Bajo (0-100 min);0
L;300,5;312,0;1498;42,9;41,87774908599191;1,0222509140080902;25;Bajo (0-100 min);0
M;300,5;312,0;1382;54,1;47,493966920827155;6,606033079172846;27;Bajo (0-100 min);0
M;300,5;311,9;1511;44,5;41,255579552527166;3,2444204474728338;30;Bajo (0-100 min);0
L;300,5;311,9;1330;59,5;50,01890671268165;9,481093287318352;33;Bajo (0-100 min);0
L;300,5;311,9;1383;50,5;47,45068612817795;3,0493138718220507;35;Bajo (0-100 min);0
L;300,5;311,9;1431;49,4;45,12460869217541;4,2753913078245915;37;Bajo (0-100 min);0
L;300,5;312,0;1461;38,1;43,65908591216005;-5,55908591216005;39;Bajo (0-100 min);0
H;300,4;311,9;1438;46,7;44,7713194525606;1,9286805474394058;41;Bajo (0-100 min);0
M;300,5;312,0;1779;27,7;28,253520431116577;-0,5535204311165778;46;Bajo (0-100 min);0
M;300,6;312,1;1293;52,3;51,78770138215461;0,5122986178453885;49;Bajo (0-100 min);0
L;300,6;312,2;1308;54,7;51,04785644244697;3,652143557553032;52;Bajo (0-100 min);0
L;300,6;312,3;1532;37,2;40,187179500586915;-2,9871795005869117;54;Bajo (0-100 min);0
L;300,7;312,4;1470;38,6;43,18837306392298;-4,58837306392298;56;Bajo (0-100 min);0
L;300,7;312,3;1548;37,9;39,42059741553048;-1,5205974155304816;58;Bajo (0-100 min);0
L;300,7;312,3;1898;24,0;22,46907381005834;1,5309261899416597;60;Bajo (0-100 min);0
H;300,7;312,2;1335;49,0;49,744049799513554;-0,7440497995135544;62;Bajo (0-100 min);0
L;300,7;312,3;1420;53,8;45,612697570398296;8,1873024296017;67;Bajo (0-100 min);0
L;300,7;312,3;1418;49,0;45,70805161940728;3,2919483805927214;69;Bajo (0-100 min);0
M;300,8;312,3;1535;40,3;40,05168114501906;0,24831885498093698;71;Bajo (0-100 min);0
H;300,7;312,4;1457;47,2;43,80441635650262;3,395583643497382;74;Bajo (0-100 min);0
L;300,8;312,4;1493;39,1;42,06851007224585;-2,9685100722458486;79;Bajo (0-100 min);0
H;300,7;312,3;1670;27,3;33,4950176726003;-6,195017672600297;81;Bajo (0-100 min);0
H;300,7;312,3;1446;45,4;44,33927269947321;1,0607273005267857;86;Bajo (0-100 min);0
L;300,8;312,4;1465;59,1;43,415492441503396;15,684507558496605;91;Bajo (0-100 min);1
L;300,7;312,3;1590;36,3;37,360288786269834;-1,0602887862698367;93;Bajo (0-100 min);0
M;300,6;312,2;2174;18,5;9,07634409863051;9,42365590136949;95;Bajo (0-100 min);0
L;300,7;312,4;1590;37,9;37,34537008167417;0,5546299183258299;98;Bajo (0-100 min);0
L;300,7;312,3;1577;33,2;37,984599736002636;-4,784599736002633;100;Bajo (0-100 min);0
M;300,7;312,4;1371;61,7;47,948233565241665;13,751766434758338;102;Moderado (100-200 min);0
L;300,8;312,4;1767;25,6;28,779523799293415;-3,1795237992934133;105;Moderado (100-200 min);0
L;300,8;312,5;1517;39,2;40,87401733534258;-1,674017335342576;107;Moderado (100-200 min);0
M;300,9;312,6;1555;40,6;39,032347928655604;1,5676520713443978;109;Moderado (100-200 min);0
L;300,9;312,7;1416;43,8;45,750511962783456;-1,9505119627834588;112;Moderado (100-200 min);0
M;300,8;312,6;1588;35,6;37,41916271163907;-1,8191627116390663;114;Moderado (100-200 min);0
L;300,8;312,6;1422;50,0;45,456060426290094;4,543939573709906;117;Moderado (100-200 min);0
L;300,8;312,6;1376;53,6;47,68227418210921;5,9177258178907906;119;Moderado (100-200 min);0
L;300,8;312,5;1434;50,7;44,88307112772132;5,81692887227868;121;Moderado (100-200 min);0
L;300,8;312,5;1423;47,3;45,41428284403237;1,885717155967626;123;Moderado (100-200 min);0
L;300,9;312,4;1364;52,5;48,29251187550167;4,207488124498333;125;Moderado (100-200 min);0
L;300,8;312,4;1825;23,8;25,954127962373725;-2,1541279623737246;127;Moderado (100-200 min);0
L;300,8;312,4;1365;44,5;48,229794414088246;-3,7297944140882464;129;Moderado (100-200 min);0
M;300,7;312,3;1430;47,2;45,08030854086851;2,119691459131495;131;Moderado (100-200 min);0
L;300,8;312,3;1435;44,8;44,84719298771036;-0,04719298771036051;134;Moderado (100-200 min);0
M;300,8;312,4;1811;25,1;26,625364331415273;-1,5253643314152718;136;Moderado (100-200 min);0
M;300,8;312,4;1465;43,7;43,37941539210778;0,3205846078922221;139;Moderado (100-200 min);0
L;300,9;312,4;1372;51,0;47,89230554957221;3,1076944504277932;142;Moderado (100-200 min);0
L;300,8;312,3;1858;26,3;24,354366572555463;1,9456334274445375;144;Moderado (100-200 min);0
L;300,7;312,3;1715;26,8;31,266874998366703;-4,466874998366702;146;Moderado (100-200 min);0
L;300,7;312,2;1590;38,5;37,33011117912098;1,1698888208790166;148;Moderado (100-200 min);0
M;300,8;312,2;1664;25,7;33,756171781842674;-8,056171781842675;150;Moderado (100-200 min);0
L;300,7;312,1;1512;36,9;41,1149469483772;-4,214946948377204;153;Moderado (100-200 min);0
L;300,7;312,1;1498;44,0;41,79144455378894;2,208555446211058;155;Moderado (100-200 min);0
L;300,7;312,1;1395;41,9;46,7780902025212;-4,8780902025212;157;Moderado (100-200 min);0
H;300,7;312,1;1490;43,1;42,175867170607816;0,9241328293921853;159;Moderado (100-200 min);0
H;300,8;312,1;1527;35,1;40,39153225665081;-5,291532256650811;164;Moderado (100-200 min);0
L;300,8;312,1;1512;37,1;41,114203676175556;-4,014203676175555;169;Moderado (100-200 min);0
L;300,9;312,1;1474;42,4;42,96427080532305;-0,564270805323055;171;Moderado (100-200 min);0
L;300,8;312,1;1505;41,3;41,450197663294205;-0,15019766329420747;173;Moderado (100-200 min);0
L;300,8;312,0;1496;40,0;41,895712798821755;-1,895712798821755;175;Moderado (100-200 min);0
L;300,8;312,0;1382;49,3;47,41507337425654;1,8849266257434607;177;Moderado (100-200 min);0
L;300,7;311,9;1419;47,7;45,62158913264326;2,0784108673567445;179;Moderado (100-200 min);0
L;300,7;311,9;1462;39,7;43,537654845141866;-3,837654845141863;181;Moderado (100-200 min);0
M;300,8;312,0;1450;45,0;44,11741692346642;0,882583076533578;183;Moderado (100-200 min);0
H;300,7;311,9;1389;46,5;47,06918678727998;-0,5691867872799818;186;Moderado (100-200 min);0
M;300,7;311,9;1697;28,2;32,1494108136303;-3,9494108136302977;191;Moderado (100-200 min);0
L;300,7;311,9;1335;57,1;49,67831994952649;7,421680050473512;194;Moderado (100-200 min);1
L;300,7;311,9;1476;42,0;42,848379951402514;-0,8483799514025137;196;Moderado (100-200 min);0
L;300,6;311,7;1497;43,6;41,84091446360988;1,759085536390124;198;Moderado (100-200 min);0
M;300,6;311,6;1669;29,2;33,52084762339572;-4,320847623395718;200;Moderado (100-200 min);0
L;300,6;311,6;1455;48,0;43,8823195636578;4,117680436342198;203;Alto (>200 min);0
L;300,7;311,7;1499;38,4;41,75007837876945;-3,350078378769453;205;Alto (>200 min);0
L;300,7;311,8;1478;41,9;42,754415713465846;-0,8544157134658477;207;Alto (>200 min);0
L;300,8;311,8;1928;21,8;20,971311548900893;0,8286884510991079;209;Alto (>200 min);0
M;300,8;311,9;1621;28,3;35,826236977863196;-7,526236977863196;211;Alto (>200 min);0
M;300,8;311,9;1356;44,3;48,65756903283704;-4,357569032837041;214;Alto (>200 min);0
L;300,8;311,7;1490;46,4;42,188199194652846;4,211800805347153;217;Alto (>200 min);0
L;300,8;311,7;1578;31,4;37,924976570641086;-6,524976570641087;219;Alto (>200 min);0
L;300,8;311,7;1681;31,3;32,93532450112586;-1,6353245011258615;221;Alto (>200 min);0
L;300,8;311,8;1417;43,4;45,70781885297826;-2,307818852978258;223;Alto (>200 min);0
M;300,7;311,7;1532;40,0;40,306012663788955;-0,3060126637889553;0;Bajo (0-100 min);0
M;300,7;311,7;1499;38,9;41,90190262830934;-3,001902628309338;3;Bajo (0-100 min);0
L;300,8;311,7;1432;45,8;45,155648413567775;0,6443515864322222;6;Bajo (0-100 min);0
L;300,8;311,7;1753;29,0;29,60855506940232;-0,6085550694023212;8;Bajo (0-100 min);0
L;300,8;311,7;1414;49,0;46,024357327388955;2,9756426726110448;10;Bajo (0-100 min);0
L;300,8;311,7;1655;32,2;34,35155435924194;-2,151554359241935;12;Bajo (0-100 min);0
L;300,8;311,6;1516;35,6;41,092791355799434;-5,492791355799433;14;Bajo (0-100 min);0
L;300,8;311,7;1426;45,5;45,43870413981174;0,06129586018825961;16;Bajo (0-100 min);0
L;300,8;311,7;1479;39,4;42,87048355530804;-3,470483555308043;18;Bajo (0-100 min);0
M;300,7;311,5;1569;36,4;38,5214426181995;-2,1214426181995023;20;Bajo (0-100 min);0
L;300,8;311,6;1568;36,0;38,56773816462578;-2,56773816462578;23;Bajo (0-100 min);0
M;300,9;311,8;1843;24,5;25,23732284036723;-0,7373228403672307;25;Bajo (0-100 min);0
M;300,9;311,9;1480;40,9;42,8034999273467;-1,9034999273467008;28;Bajo (0-100 min);0
L;301,0;312,0;1447;36,8;44,39951162418035;-7,5995116241803515;31;Bajo (0-100 min);0
L;301,0;311,9;1454;41,9;44,07016868450421;-2,170168684504212;33;Bajo (0-100 min);0
M;300,9;311,9;1310;56,1;51,031105740015676;5,068894259984326;35;Bajo (0-100 min);0
H;300,9;311,9;1513;38,0;41,19783909528167;-3,1978390952816724;38;Bajo (0-100 min);0
H;300,9;311,9;2140;16,5;10,829330247258483;5,670669752741517;43;Bajo (0-100 min);0
L;301,0;312,1;1377;49,9;47,7655777362519;2,1344222637480996;48;Bajo (0-100 min);0
L;301,0;312,1;1585;32,3;37,690919548212484;-5,390919548212487;50;Bajo (0-100 min);0
H;301,1;312,2;1491;42,6;42,24182926195594;0,3581707380440591;52;Bajo (0-100 min);0
L;301,0;312,2;1264;59,0;53,22008776699931;5,779912233000687;57;Bajo (0-100 min);0
L;301,0;312,2;1372;47,0;47,98829254898294;-0,9882925489829404;59;Bajo (0-100 min);0
L;301,0;312,2;1510;39,9;41,303638439959656;-1,403638439959657;61;Bajo (0-100 min);0
L;300,9;312,1;1423;40,2;45,51530428117494;-5,315304281174939;63;Bajo (0-100 min);0
L;301,1;312,3;1464;35,3;43,52847071770056;-8,22847071770056;65;Bajo (0-100 min);0
L;301,0;312,2;1602;35,9;36,843694876364005;-0,9436948763640061;67;Bajo (0-100 min);0
M;301,0;312,2;1629;32,6;35,53461866406629;-2,934618664066292;69;Bajo (0-100 min);0
L;300,9;312,2;1811;23,2;26,7070708321069;-3,5070708321069013;72;Bajo (0-100 min);0
L;300,9;312,1;1711;28,8;31,559591270355416;-2,759591270355415;74;Bajo (0-100 min);0
M;300,9;312,1;1297;48,6;51,60754075585933;-3,0075407558593312;76;Bajo (0-100 min);0
L;301,0;312,1;1405;46,1;46,38627634357745;-0,28627634357744824;79;Bajo (0-100 min);0
L;301,1;312,2;1397;54,9;46,77232390310108;8,127676096898917;81;Bajo (0-100 min);0
L;301,1;312,3;1682;29,7;32,95750054952696;-3,257500549526963;83;Bajo (0-100 min);0
L;301,2;312,3;1528;38,4;40,42528872390119;-2,025288723901191;85;Bajo (0-100 min);0
M;301,2;312,3;1548;38,3;39,455212919505094;-1,1552129195050966;87;Bajo (0-100 min);0
H;301,2;312,4;1395;47,8;46,851377769436176;0,9486222305638208;90;Bajo (0-100 min);0
L;301,2;312,4;1378;59,0;47,67090644836138;11,329093551638621;95;Bajo (0-100 min);0
L;301,2;312,4;1480;53,5;42,729683008546395;10,770316991453605;97;Bajo (0-100 min);0
M;301,2;312,4;1428;36,6;45,24646854256689;-8,646468542566886;99;Bajo (0-100 min);0
M;301,2;312,4;1505;39,6;41,51520924006192;-1,9152092400619196;102;Moderado (100-200 min);0
L;301,0;312,3;1445;36,4;44,40726806324503;-8,007268063245029;105;Moderado (100-200 min);0
L;301,0;312,3;1488;42,6;42,32333377574363;0,276666224256374;107;Moderado (100-200 min);0
L;301,0;312,2;1601;33,0;36,860556087843065;-3,860556087843065;109;Moderado (100-200 min);0
L;301,0;312,3;1550;34,9;39,31775231354638;-4,41775231354638;111;Moderado (100-200 min);0
L;301,0;312,2;1540;34,1;39,811696078774155;-5,711696078774153;113;Moderado (100-200 min);0
L;301,1;312,3;1587;34,5;37,53416900478511;-3,034169004785113;115;Moderado (100-200 min);0
H;301,0;312,2;1489;40,3;42,27854977270294;-1,9785497727029409;117;Moderado (100-200 min);0
L;301,1;312,3;1486;34,9;42,42019936813819;-7,520199368138194;122;Moderado (100-200 min);0
L;301,1;312,4;1430;37,9;45,119538742342655;-7,219538742342657;124;Moderado (100-200 min);0
M;301,1;312,4;1809;25,1;26,763584875563836;-1,663584875563835;126;Moderado (100-200 min);0
L;301,1;312,3;1534;39,0;40,09036390615694;-1,090363906156938;129;Moderado (100-200 min);0
M;301,1;312,3;1852;25,9;24,688556451092175;1,2114435489078232;131;Moderado (100-200 min);0
L;301,1;312,3;1595;31,9;37,13245946846417;-5,232459468464171;134;Moderado (100-200 min);0
L;301,0;312,3;1424;43,5;45,40096952588186;-1,9009695258818624;136;Moderado (100-200 min);0
L;301,0;312,2;1776;28,8;28,363749339626224;0,43625066037377636;138;Moderado (100-200 min);0
M;301,0;312,2;1499;41,5;41,77697655619857;-0,2769765561985693;140;Moderado (100-200 min);0
M;301,0;312,2;2710;9,7;-16,87234882636772;26,57234882636772;143;Moderado (100-200 min);1
L;300,9;312,1;1359;51,7;48,552353350743104;3,147646649256899;146;Moderado (100-200 min);0
M;300,9;312,1;1617;31,0;36,056263677692165;-5,056263677692165;148;Moderado (100-200 min);0
M;300,8;312,0;1443;53,3;44,48046869763178;8,819531302368219;151;Moderado (100-200 min);0
L;300,8;312,0;1374;50,2;47,81978933136045;2,380210668639556;154;Moderado (100-200 min);0
M;300,9;312,1;1851;23,0;24,717951486272312;-1,7179514862723124;156;Moderado (100-200 min);0
M;300,8;312,0;1274;67,3;52,65889427540478;14,641105724595214;159;Moderado (100-200 min);0
L;300,9;312,0;1533;44,0;40,124906778388095;3,8750932216119054;162;Moderado (100-200 min);0
L;300,8;312,0;1477;37,3;42,8241244202793;-5,5241244202793;164;Moderado (100-200 min);0
L;300,9;312,1;1462;46,0;43,54917238770453;2,4508276122954697;166;Moderado (100-200 min);0
M;301,0;312,1;1664;28,4;33,776368388796726;-5,3763683887967275;168;Moderado (100-200 min);0
L;300,8;311,9;1414;41,1;45,88102753364058;-4,781027533640575;171;Moderado (100-200 min);0
H;300,9;312,0;2129;17,8;11,253175819897596;6,546824180102405;173;Moderado (100-200 min);0
L;300,8;311,8;1323;61,1;50,29393227860831;10,806067721391692;178;Moderado (100-200 min);0
L;300,8;311,8;1427;43,3;45,25585157939286;-1,9558515793928635;180;Moderado (100-200 min);0
M;300,9;312,0;1375;56,1;47,76159816710967;8,338401832890334;182;Moderado (100-200 min);0
M;300,9;312,0;1402;50,7;46,45177034961622;4,248229650383784;185;Moderado (100-200 min);0
L;300,9;312,0;1500;44,2;41,70350982340641;2,4964901765935963;188;Moderado (100-200 min);0
M;301,0;312,0;1558;37,5;38,904428501331786;-1,404428501331786;190;Moderado (100-200 min);0
M;300,9;312,0;1447;41,4;44,26646917153991;-2,8664691715399115;193;Moderado (100-200 min);0
L;301,0;312,0;1518;39,3;40,837064058166554;-1,537064058166557;196;Moderado (100-200 min);0
L;301,0;311,9;1889;23,5;22,87969990760654;0,6203000923934603;198;Moderado (100-200 min);0
L;301,0;312,1;1675;30,7;33,219602095830446;-2,5196020958304466;200;Moderado (100-200 min);0
H;300,9;312,0;1720;27,9;31,038688816615327;-3,1386888166153284;202;Alto (>200 min);0
M;301,0;312,0;1499;34,6;41,74894036531777;-7,14894036531777;207;Alto (>200 min);0
L;300,9;312,0;1441;43,8;44,54426366141368;-0,744263661413683;210;Alto (>200 min);0
H;300,9;312,0;1397;42,7;46,67362015783234;-3,973620157832336;212;Alto (>200 min);0
L;300,9;312,0;1493;38,7;42,0207136806315;-3,320713680631499;217;Alto (>200 min);0
M;300,8;312,0;1422;50,7;45,44636076802616;5,2536392319738425;219;Alto (>200 min);0
L;300,7;311,9;1399;50,2;46,55784270323096;3,6421572967690423;222;Alto (>200 min);1
L;300,6;311,9;1425;44,9;45,28591270970327;-0,38591270970326974;224;Alto (>200 min);0
L;300,6;311,8;1501;44,8;41,61499432071122;3,1850056792887784;226;Alto (>200 min);0
M;300,6;311,9;1629;35,3;35,57483181470246;-0,2748318147024662;0;Bajo (0-100 min);0
L;300,6;312,0;1490;42,2;42,29299584883031;-0,09299584883030576;3;Bajo (0-100 min);0
L;300,7;312,0;1550;32,4;39,39705726735522;-6,997057267355224;5;Bajo (0-100 min);0
L;300,8;312,0;1416;46,5;45,896272847724845;0,6037271522751553;7;Bajo (0-100 min);0
L;300,7;311,9;1485;38,8;42,55307245570419;-3,753072455704192;9;Bajo (0-100 min);0
L;300,7;311,8;1564;36,8;38,736868177611456;-1,9368681776114585;11;Bajo (0-100 min);0
L;300,7;311,7;1910;19,7;21,990219769557203;-2,290219769557204;13;Bajo (0-100 min);0
L;300,7;311,7;1460;46,1;43,781599924269415;2,3184000757305867;15;Bajo (0-100 min);0
L;300,7;311,8;1603;34,1;36,84364198812802;-2,7436419881280187;17;Bajo (0-100 min);0
L;300,7;311,8;1486;47,3;42,50828845266349;4,791711547336504;19;Bajo (0-100 min);0
L;300,8;311,9;1560;31,8;38,92318837676824;-7,123188376768237;21;Bajo (0-100 min);0
L;300,8;311,9;1498;39,3;41,924260207791036;-2,624260207791039;23;Bajo (0-100 min);0
H;300,8;311,9;1431;48,5;45,16747518731499;3,3325248126850084;25;Bajo (0-100 min);0
L;300,8;311,9;1486;45,1;42,50014252782361;2,5998574721763887;30;Bajo (0-100 min);0
L;300,7;311,9;1486;35,8;42,487356906501894;-6,687356906501897;32;Bajo (0-100 min);0
L;300,7;311,8;1441;38,1;44,67630271123774;-6,576302711237737;34;Bajo (0-100 min);0
M;300,7;311,9;1366;55,1;48,29578604974658;6,80421395025342;36;Bajo (0-100 min);0
L;300,6;311,8;1471;41,4;43,20840338332189;-1,8084033833218882;39;Bajo (0-100 min);0
L;300,6;311,9;1463;38,2;43,5831685319153;-5,383168531915295;41;Bajo (0-100 min);0
L;300,6;311,9;1413;41,3;46,00309680653533;-4,703096806535335;43;Bajo (0-100 min);0
H;300,6;311,9;1604;30,5;36,75172532339984;-6,251725323399839;45;Bajo (0-100 min);0
L;300,7;312,0;1401;51,1;46,57910085888117;4,520899141118832;50;Bajo (0-100 min);0
L;300,6;311,8;1652;27,2;34,43305054003554;-7,2330505400355385;52;Bajo (0-100 min);0
L;300,5;311,9;1403;45,7;46,46783303545425;-0,7678330354542453;54;Bajo (0-100 min);0
L;300,5;311,9;1887;21,7;23,02687305015123;-1,3268730501512316;56;Bajo (0-100 min);0
L;300,4;311,8;1405;47,9;46,36784762295754;1,5321523770424577;58;Bajo (0-100 min);0
H;300,2;311,6;1496;41,1;41,959095645218554;-0,8590956452185523;60;Bajo (0-100 min);0
L;300,1;311,5;1499;43,4;41,80992999782589;1,5900700021741088;65;Bajo (0-100 min);0
L;300,2;311,5;1549;37,2;39,3982777133531;-2,1982777133531;67;Bajo (0-100 min);0
L;300,3;311,6;1515;44,9;41,04346964508272;3,8565303549172754;69;Bajo (0-100 min);0
L;300,2;311,6;1540;37,7;39,81996828125525;-2,1199682812552467;71;Bajo (0-100 min);0
H;300,2;311,5;1426;44,3;45,350489535307;-1,0504895353070012;73;Bajo (0-100 min);0
M;300,2;311,6;1465;41,4;43,44685427240234;-2,046854272402342;78;Bajo (0-100 min);0
M;300,3;311,6;1359;54,1;48,589316615969764;5,510683384030237;81;Bajo (0-100 min);0
M;300,3;311,7;1551;36,4;39,27760421932134;-2,8776042193213414;84;Bajo (0-100 min);0
L;300,5;311,8;1596;34,8;37,10746521046724;-2,3074652104672424;87;Bajo (0-100 min);0
M;300,5;311,9;1670;26,3;33,51108272364175;-7,2110827236417485;89;Bajo (0-100 min);0
L;300,4;311,9;1868;21,3;23,908676816478668;-2,608676816478667;92;Bajo (0-100 min);0
M;300,6;312,0;1490;39,8;42,22459977601778;-2,4245997760177858;94;Bajo (0-100 min);0
M;300,5;311,9;1676;35,2;33,214498103874426;1,9855018961255766;97;Bajo (0-100 min);0
M;300,5;311,9;1875;22,1;23,574945977941347;-1,4749459779413456;100;Bajo (0-100 min);0
M;300,5;312,0;1867;23,0;23,948959521339003;-0,9489595213390025;103;Moderado (100-200 min);0
L;300,5;312,0;1646;29,5;34,649431869502706;-5,149431869502706;106;Moderado (100-200 min);0
H;300,5;312,0;1375;43,2;47,77208730787367;-4,572087307873666;108;Moderado (100-200 min);0
L;300,5;312,0;1558;36,7;38,90589004675279;-2,205890046752785;113;Moderado (100-200 min);0
L;300,4;312,0;1631;34,9;35,357814457314255;-0,45781445731425663;115;Moderado (100-200 min);0
L;300,4;312,0;1366;43,0;48,189898117483835;-5,1898981174838354;117;Moderado (100-200 min);0
L;300,3;311,8;1360;48,0;48,49000563159743;-0,4900056315974268;119;Moderado (100-200 min);0
L;300,3;311,8;1547;39,7;39,43234866726285;0,26765133273715236;121;Moderado (100-200 min);0
L;300,3;311,7;1571;31,2;38,2797190226828;-7,079719022682799;123;Moderado (100-200 min);0
L;300,2;311,5;1528;36,1;40,37168583570491;-4,271685835704908;125;Moderado (100-200 min);0
H;300,2;311,5;1432;43,6;45,01933107653554;-1,419331076535542;127;Moderado (100-200 min);0
L;300,2;311,6;1356;53,5;48,68498822915739;4,8150117708426095;132;Moderado (100-200 min);0
H;300,1;311,5;1422;46,2;45,48707372623743;0,7129262737625695;134;Moderado (100-200 min);0
L;300,1;311,4;1438;42,2;44,71961830367199;-2,51961830367199;139;Moderado (100-200 min);0
L;300,2;311,4;1483;44,4;42,55010916770036;1,8498908322996357;141;Moderado (100-200 min);0
L;300,2;311,4;1331;49,8;49,909757671743904;-0,10975767174390683;143;Moderado (100-200 min);0
L;300,2;311,4;1463;37,5;43,51567534092201;-6,015675340922009;145;Moderado (100-200 min);0
L;300,1;311,4;1446;40,6;44,32617642450422;-3,7261764245042173;147;Moderado (100-200 min);0
L;300,1;311,4;1356;45,7;48,68324988713347;-2,983249887133468;149;Moderado (100-200 min);0
L;300,1;311,3;1676;30,3;33,1957458512852;-2,895745851285202;151;Moderado (100-200 min);0
L;300,1;311,4;1910;23,0;21,850782612422844;1,1492173875771563;153;Moderado (100-200 min);0
L;300,2;311,6;1375;56,9;47,74755734535094;9,152442654649057;155;Moderado (100-200 min);0
M;300,2;311,6;1513;40,8;41,06290323632766;-0,26290323632765933;157;Moderado (100-200 min);0
L;300,2;311,6;1511;35,7;41,15750568014089;-5,4575056801408905;160;Moderado (100-200 min);0
H;300,2;311,6;1662;28,8;33,84327938501461;-5,0432793850146105;162;Moderado (100-200 min);0
L;300,2;311,7;1493;48,3;42,01279909975789;6,287200900242105;167;Moderado (100-200 min);0
M;300,2;311,7;1555;37,4;39,00872084795212;-1,608720847952121;169;Moderado (100-200 min);0
L;300,3;311,7;1452;41,5;44,00589730241886;-2,505897302418859;172;Moderado (100-200 min);0
L;300,2;311,6;1500;39,0;41,67969813410304;-2,6796981341030417;174;Moderado (100-200 min);0
L;300,2;311,7;1603;30,5;36,678885385970865;-6,178885385970865;176;Moderado (100-200 min);0
L;300,3;311,7;1682;27,8;32,86280284019141;-5,062802840191406;178;Moderado (100-200 min);0
L;300,3;311,8;1567;37,7;38,41943136670946;-0,7194313667094576;180;Moderado (100-200 min);0
L;300,3;311,8;1413;46,0;45,87593713015347;0,12406286984653292;182;Moderado (100-200 min);0
M;300,3;311,9;1429;41,6;45,08841516594134;-3,4884151659413405;184;Moderado (100-200 min);0
L;300,3;311,9;1692;31,5;32,34943073919351;-0,8494307391935081;187;Moderado (100-200 min);0
L;300,4;311,9;1476;48,7;42,819793954982025;5,880206045017978;189;Moderado (100-200 min);0
M;300,4;312,0;1596;30,4;36,99569450194593;-6,595694501945928;191;Moderado (100-200 min);0
H;300,3;311,9;1390;49,0;46,96961567229291;2,0303843277070897;194;Moderado (100-200 min);0
M;300,3;311,8;1607;33,7;36,46800567998115;-2,768005679981144;199;Moderado (100-200 min);0
L;300,3;311,7;1821;26,3;26,11318478716157;0,1868152128384324;202;Alto (>200 min);0
H;300,3;311,8;2141;18,5;10,603359394079387;7,896640605920613;204;Alto (>200 min);0
M;300,4;311,8;1553;33,1;39,08691804276639;-5,986918042766391;209;Alto (>200 min);1
M;300,4;311,8;1442;45,1;44,61958142540205;0,4804185745979481;0;Bajo (0-100 min);0
L;300,4;311,7;1459;45,6;43,80520058352787;1,7947994164721308;3;Bajo (0-100 min);0
H;300,4;311,8;2496;13,5;-6,427952304619545;19,927952304619545;5;Bajo (0-100 min);0
L;300,4;311,8;1367;57,2;48,244212600961916;8,955787399038087;10;Bajo (0-100 min);0
L;300,3;311,8;2004;19,6;17,38238986059342;2,217610139406581;12;Bajo (0-100 min);0
L;300,3;311,7;1406;47,5;46,352367889556696;1,147632110443304;14;Bajo (0-100 min);0
L;300,3;311,8;1548;33,0;39,46283858311553;-6,462838583115527;16;Bajo (0-100 min);0
L;300,3;311,7;1333;55,2;49,88465143689055;5,315348563109453;18;Bajo (0-100 min);0
L;300,2;311,6;1767;26,4;28,865001204285782;-2,465001204285784;20;Bajo (0-100 min);0
L;300,2;311,6;1827;27,0;25,957780211880472;1,042219788119528;22;Bajo (0-100 min);0
M;300,2;311,6;1533;46,4;40,194294133356735;6,205705866643264;24;Bajo (0-100 min);0
H;300,2;311,5;1515;36,8;41,07491533099062;-4,274915330990623;27;Bajo (0-100 min);0
L;300,2;311,4;1568;41,0;38,51560060951665;2,484399390483347;32;Bajo (0-100 min);0
L;300,2;311,4;1452;47,8;44,13181844435191;3,66818155564809;34;Bajo (0-100 min);0
L;300,2;311,4;1433;37,9;45,0504591982648;-7,150459198264798;36;Bajo (0-100 min);0
M;300,1;311,3;1650;33,8;34,53982161061004;-0,7398216106100435;38;Bajo (0-100 min);0
L;300,1;311,4;1629;31,3;35,5434073401107;-4,243407340110696;41;Bajo (0-100 min);0
L;300,0;311,3;1520;39,2;40,820503034731054;-1,6205030347310512;43;Bajo (0-100 min);0
H;300,0;311,2;1393;43,1;46,9805964748858;-3,880596474885799;45;Bajo (0-100 min);0
H;299,9;311,2;1364;49,6;48,36998629928354;1,2300137007164622;50;Bajo (0-100 min);0
M;299,9;311,3;1389;50,0;47,14435185218211;2,855648147817888;55;Bajo (0-100 min);0
L;299,8;311,1;1466;46,1;43,42413149598083;2,6758685040191708;58;Bajo (0-100 min);0
L;299,7;311,1;1650;32,4;34,50047800981672;-2,100478009816719;60;Bajo (0-100 min);0
L;299,6;311,0;1554;36,3;39,1480015183341;-2,848001518334101;62;Bajo (0-100 min);0
M;299,6;310,9;1474;39,7;43,031949362578004;-3,3319493625780012;64;Bajo (0-100 min);0
H;299,5;310,8;1600;32,4;36,92756547244847;-4,527565472448472;67;Bajo (0-100 min);0
L;299,5;310,8;1356;54,9;48,74039309332599;6,159606906674007;72;Bajo (0-100 min);0
L;299,5;310,8;1571;38,2;38,32673449738496;-0,1267344973849589;74;Bajo (0-100 min);0
L;299,6;310,9;1658;28,0;34,1120622353867;-6,112062235386702;76;Bajo (0-100 min);0
L;299,6;310,8;1393;49,9;46,955306574173235;2,944693425826763;78;Bajo (0-100 min);0
M;299,7;311,0;1448;49,8;44,279189783965386;5,5208102160346115;80;Bajo (0-100 min);0
L;299,7;310,9;1477;40,4;42,88366538568844;-2,4836653856884396;83;Bajo (0-100 min);0
M;299,7;311,0;1506;42,7;41,466571235373316;1,2334287646266873;85;Bajo (0-100 min);0
M;299,7;310,9;1685;32,1;32,8067523820618;-0,7067523820618007;88;Bajo (0-100 min);0
L;299,6;310,9;1533;31,8;40,15436686997938;-8,354366869979376;91;Bajo (0-100 min);0
L;299,5;310,8;1447;41,0;44,31760408149444;-3,317604081494437;93;Bajo (0-100 min);0
M;299,5;310,7;1488;39,5;42,34168773201046;-2,841687732010463;95;Bajo (0-100 min);0
M;299,6;310,8;1427;50,4;45,293701060450566;5,106298939549433;98;Bajo (0-100 min);0
M;299,5;310,7;1424;41,3;45,43661040165076;-4,136610401650763;101;Moderado (100-200 min);0
L;299,5;310,7;1472;40,9;43,10978136045247;-2,2097813604524745;104;Moderado (100-200 min);0
L;299,5;310,7;1438;45,7;44,754851559868825;0,9451484401311774;106;Moderado (100-200 min);0
L;299,6;310,8;1507;42,4;41,411894632474706;0,9881053675252929;108;Moderado (100-200 min);0
L;299,6;310,7;1393;52,1;46,942415886526454;5,157584113473547;110;Moderado (100-200 min);0
L;299,5;310,8;1283;52,4;52,24561885361313;0,15438114638686784;112;Moderado (100-200 min);0
L;299,6;310,8;1644;30,9;34,77266273236869;-3,8726627323686884;114;Moderado (100-200 min);0
L;299,6;310,8;1498;46,9;41,841739458210846;5,058260541789153;116;Moderado (100-200 min);0
L;299,6;310,8;1400;40,8;46,586241958441946;-5,786241958441948;118;Moderado (100-200 min);0
H;299,6;310,9;1679;31,2;33,061990383069215;-1,861990383069216;120;Moderado (100-200 min);0
M;299,7;311,1;1618;30,3;36,00133982250086;-5,701339822500859;125;Moderado (100-200 min);0
H;299,6;311,0;1714;30,2;31,349814823378253;-1,1498148233782537;128;Moderado (100-200 min);0
L;299,6;311,0;1574;35,0;38,1260649554318;-3,1260649554318007;133;Moderado (100-200 min);0
L;299,7;311,1;1574;36,4;38,124683477353585;-1,7246834773535866;135;Moderado (100-200 min);0
L;299,6;310,9;1472;40,9;43,0739394426893;-2,173939442689303;137;Moderado (100-200 min);0
L;299,6;311,0;1552;33,2;39,18698517766242;-5,986985177662419;139;Moderado (100-200 min);0
L;299,7;311,1;1603;31,4;36,71574358487245;-5,31574358487245;141;Moderado (100-200 min);0
H;299,7;311,1;1353;47,1;48,82139779953857;-1,7213977995385719;143;Moderado (100-200 min);0
L;299,7;311,1;1690;30,6;32,49719156458221;-1,897191564582208;148;Moderado (100-200 min);0
M;299,8;311,2;1745;26,3;29,83223545299132;-3,532235452991319;150;Moderado (100-200 min);0
L;299,9;311,3;1522;45,7;40,629686792868746;5,070313207131257;153;Moderado (100-200 min);0
H;300,0;311,4;1641;34,5;34,865298380463116;-0,36529838046311625;155;Moderado (100-200 min);0
L;299,9;311,4;1596;28,9;37,029546280064544;-8,129546280064545;160;Moderado (100-200 min);0
H;299,9;311,4;1497;37,0;41,82247740999588;-4,8224774099958765;162;Moderado (100-200 min);0
L;299,9;311,3;1371;52,3;47,931887404863154;4,368112595136843;167;Moderado (100-200 min);0
M;299,9;311,3;1445;41,2;44,34666559665462;-3,146665596654614;169;Moderado (100-200 min);0
L;299,8;311,2;1564;40,0;38,581282114426706;1,4187178855732938;172;Moderado (100-200 min);0
L;299,7;311,1;1439;44,9;44,63323588425075;0,26676411574924686;174;Moderado (100-200 min);0
L;299,7;311,2;1352;52,1;48,83386277916237;3,266137220837635;176;Moderado (100-200 min);0
L;299,8;311,3;1560;35,4;38,75932632343622;-3,359326323436221;178;Moderado (100-200 min);0
M;299,7;311,2;1616;42,3;36,04569811751856;6,254301882481435;180;Moderado (100-200 min);0
L;299,7;311,2;1835;23,7;25,437573397580866;-1,7375733975808672;183;Moderado (100-200 min);0
M;299,7;311,1;1649;32,7;34,4549559900492;-1,7549559900491971;185;Moderado (100-200 min);0
L;299,8;311,1;1452;47,3;44,0044236363376;3,2955763636623985;188;Moderado (100-200 min);0
L;299,8;311,1;2144;17,7;10,490308673386647;7,209691326613353;190;Moderado (100-200 min);0
L;299,7;311,1;1554;41,0;39,0504145752009;1,9495854247991034;192;Moderado (100-200 min);0
L;299,7;311,0;1827;25,4;25,839056135263462;-0,43905613526346343;194;Moderado (100-200 min);0
L;299,6;310,9;1448;46,3;44,19188184894605;2,1081181510539437;196;Moderado (100-200 min);0
M;299,6;310,9;1530;38,8;40,219231003135675;-1,4192310031356783;198;Moderado (100-200 min);0
L;299,7;311,0;1983;21,0;18,27892866565732;2,7210713343426782;201;Alto (>200 min);0
M;299,7;310,9;1620;37,2;35,86817871506645;1,3318212849335538;203;Alto (>200 min);0
M;299,6;310,9;1630;29,8;35,37035519154669;-5,5703551915466925;206;Alto (>200 min);0
L;299,6;310,9;1229;65,2;54,78798088575187;10,412019114248132;209;Alto (>200 min);1
L;299,5;310,8;1873;22,3;23,59831841609871;-1,2983184160987093;211;Alto (>200 min);0
L;299,4;310,7;1426;45,7;45,24429094939697;0,45570905060303346;213;Alto (>200 min);0
L;299,4;310,8;1376;53,9;47,65305854540004;6,2469414545999555;215;Alto (>200 min);1
L;299,4;310,8;1622;33,6;35,73811242875187;-2,1381124287518674;217;Alto (>200 min);0
M;299,4;310,7;1492;45,7;42,043491758007306;3,6565082419926966;219;Alto (>200 min);0
M;299,3;310,7;1374;48,9;47,744532836117045;1,1554671638829532;222;Alto (>200 min);0
L;299,2;310,7;1737;27,0;30,15140302841594;-3,1514030284159418;225;Alto (>200 min);1
L;299,3;310,8;1426;42,4;45,38193976654283;-2,9819397665428298;0;Bajo (0-100 min);0
M;299,3;310,9;1826;25,1;25,99782399744221;-0,8978239974422095;2;Bajo (0-100 min);0
L;299,3;310,9;1669;32,4;33,59886404479117;-1,198864044791172;5;Bajo (0-100 min);0
M;299,4;310,9;1473;40,1;43,100654666575075;-3,0006546665750733;7;Bajo (0-100 min);0
L;299,4;310,9;1751;27,8;29,635240794323785;-1,8352407943237843;10;Bajo (0-100 min);0
M;299,4;310,9;1446;47,3;44,40446964250258;2,895530357497414;12;Bajo (0-100 min);0
L;299,3;310,8;1483;43,5;42,61023379569356;0,88976620430644;15;Bajo (0-100 min);0
L;299,2;310,7;1535;42,6;40,090320108576826;2,5096798914231755;17;Bajo (0-100 min);0
L;299,2;310,7;1477;44,0;42,89767742079871;1,1023225792012923;19;Bajo (0-100 min);0
L;299,3;310,8;1391;46,9;47,06115809694031;-0,16115809694031213;21;Bajo (0-100 min);0
H;299,2;310,7;1636;29,4;35,1945188776791;-5,794518877679103;23;Bajo (0-100 min);0
L;299,2;310,6;1675;33,3;33,31320497200836;-0,013204972008360016;28;Bajo (0-100 min);0
H;299,2;310,5;1329;48,9;50,07916831651357;-1,179168316513568;30;Bajo (0-100 min);0
M;299,2;310,5;1548;33,5;39,46954038618439;-5,969540386184391;35;Bajo (0-100 min);0
L;299,2;310,5;1391;45,8;47,070580433533344;-1,2705804335333468;38;Bajo (0-100 min);0
L;299,1;310,5;1437;43,1;44,83007784600104;-1,7300778460010378;40;Bajo (0-100 min);0
L;299,2;310,6;1370;61,9;48,073414557838255;13,826585442161743;42;Bajo (0-100 min);0
L;299,1;310,6;1577;37,1;38,035902588568845;-0,9359025885688439;44;Bajo (0-100 min);0
L;299,1;310,5;1485;37,8;42,50099398921552;-4,700993989215526;46;Bajo (0-100 min);0
L;299,0;310,4;1504;34,3;41,57922508220639;-7,279225082206395;48;Bajo (0-100 min);0
M;298,9;310,3;1551;35,2;39,3014545435908;-4,101454543590798;50;Bajo (0-100 min);0
M;299,1;310,5;1428;43,0;45,25616464575847;-2,256164645758467;53;Bajo (0-100 min);0
L;299,0;310,5;1755;27,9;29,406465507265654;-1,5064655072656556;56;Bajo (0-100 min);0
L;299,1;310,5;1329;54,9;50,04684096010257;4,853159039897427;58;Bajo (0-100 min);0
L;299,1;310,5;1496;35,2;41,9577565897726;-6,7577565897725975;60;Bajo (0-100 min);0
L;299,1;310,5;1532;36,6;40,21282271017282;-3,6128227101728214;62;Bajo (0-100 min);0
L;299,1;310,5;1389;61,4;47,13661354691429;14,263386453085708;64;Bajo (0-100 min);0
M;299,1;310,4;1524;51,4;40,60840600560866;10,791593994391341;66;Bajo (0-100 min);0
M;299,1;310,4;1422;49,3;45,545871419444936;3,7541285805550615;69;Bajo (0-100 min);0
L;299,1;310,5;1739;27,4;30,1805803102677;-2,780580310267702;72;Bajo (0-100 min);0
L;299,1;310,5;1736;26,9;30,324362988976908;-3,4243629889769096;74;Bajo (0-100 min);0
L;299,1;310,5;1419;48,8;45,67473539355847;3,125264606441526;76;Bajo (0-100 min);0
L;299,1;310,6;1326;49,7;50,16593406667146;-0,4659340666714584;78;Bajo (0-100 min);0
M;299,1;310,6;1449;43,2;44,20770940315163;-1,0077094031516296;80;Bajo (0-100 min);0
L;299,2;310,6;1534;39,7;40,10030347397504;-0,4003034739750362;83;Bajo (0-100 min);0
M;299,2;310,6;1443;50,9;44,505805566304524;6,394194433695475;85;Bajo (0-100 min);0
L;299,2;310,6;1498;41,1;41,83997611720463;-0,7399761172046269;88;Bajo (0-100 min);0
L;299,1;310,6;1796;26,0;27,39545884521425;-1,3954588452142502;90;Bajo (0-100 min);0
L;299,1;310,4;1519;45,3;40,831007419020516;4,4689925809794815;92;Bajo (0-100 min);0
L;299,0;310,4;1339;49,6;49,53537514374028;0,06462485625971937;94;Bajo (0-100 min);0
L;299,0;310,4;1483;41,5;42,560149256515615;-1,060149256515615;96;Bajo (0-100 min);0
M;298,9;310,2;2099;20,0;12,737649097085868;7,262350902914132;98;Bajo (0-100 min);0
M;299,0;310,3;1689;29,7;32,59125419090639;-2,891254190906391;101;Moderado (100-200 min);0
H;299,1;310,4;1369;54,5;48,086282611706174;6,413717388293826;104;Moderado (100-200 min);0
L;299,0;310,4;1512;38,8;41,14594812766428;-2,345948127664286;109;Moderado (100-200 min);0
M;299,0;310,3;1303;68,6;51,27718920323792;17,322810796762077;111;Moderado (100-200 min);1
L;299,0;310,3;1552;39,9;39,21620559229331;0,6837944077066851;114;Moderado (100-200 min);0
L;299,0;310,4;1713;28,0;31,406532321547775;-3,4065323215477754;116;Moderado (100-200 min);0
L;298,9;310,3;1456;44,1;43,851065211802236;0,24893478819776504;118;Moderado (100-200 min);0
L;299,0;310,4;1524;39,8;40,55653691410836;-0,7565369141083593;120;Moderado (100-200 min);0
M;299,0;310,4;1394;45,2;46,850755564746834;-1,6507555647468308;122;Moderado (100-200 min);0
L;299,0;310,4;1981;21,2;18,42089511512434;2,779104884875661;125;Moderado (100-200 min);0
L;299,0;310,4;1565;36,1;38,56570186002872;-2,465701860028716;127;Moderado (100-200 min);0
L;299,1;310,4;1657;31,0;34,12004712814626;-3,120047128146261;129;Moderado (100-200 min);0
M;299,0;310,4;1625;37,1;35,65697765723192;1,4430223427680815;131;Moderado (100-200 min);0
L;299,0;310,4;1606;31,1;36,57486680594908;-5,474866805949077;134;Moderado (100-200 min);0
H;299,0;310,5;1336;56,8;49,63793293600285;7,162067063997149;136;Moderado (100-200 min);0
M;299,0;310,6;1587;34,2;37,467428176649335;-3,2674281766493323;141;Moderado (100-200 min);0
L;299,1;310,6;1602;39,7;36,750026326488886;2,949973673511117;144;Moderado (100-200 min);0
L;299,1;310,5;1471;38,4;43,10383428544455;-4,70383428544455;146;Moderado (100-200 min);0
H;299,1;310,6;1332;48,0;49,82274992476814;-1,8227499247681394;148;Moderado (100-200 min);0
H;299,2;310,6;1434;48,4;44,89055408029614;3,5094459197038574;153;Moderado (100-200 min);0
L;299,1;310,6;1921;23,9;21,290770979374987;2,609229020625012;158;Moderado (100-200 min);0
H;299,2;310,6;1704;30,6;31,809562824863733;-1,2095628248637311;160;Moderado (100-200 min);0
M;299,1;310,6;1397;49,5;46,66211170592554;2,8378882940744603;165;Moderado (100-200 min);0
H;299,1;310,6;1791;28,0;27,578976788447523;0,4210232115524768;168;Moderado (100-200 min);0
L;299,1;310,6;1818;24,1;26,26764576056259;-2,167645760562589;173;Moderado (100-200 min);0
L;299,2;310,7;1540;36,3;39,72942333914844;-3,4294233391484426;175;Moderado (100-200 min);0
M;299,2;310,8;1502;39,8;41,55704737874875;-1,7570473787487515;177;Moderado (100-200 min);0
H;299,2;310,8;1761;30,4;29,01177747080184;1,3882225291981598;180;Moderado (100-200 min);0
M;299,1;310,8;1517;38,4;40,81332268074914;-2,4133226807491397;185;Moderado (100-200 min);0
L;299,1;310,7;1309;51,1;50,8953835214268;0,2046164785732003;188;Moderado (100-200 min);0
L;298,9;310,6;1363;52,6;48,267330163979366;4,332669836020635;190;Moderado (100-200 min);0
M;299,0;310,6;1787;22,2;27,743370371620408;-5,543370371620409;192;Moderado (100-200 min);0
L;298,9;310,5;1640;29,2;34,860002389653786;-5,660002389653787;195;Moderado (100-200 min);0
M;298,9;310,6;1720;25,3;30,973048124626906;-5,673048124626906;197;Moderado (100-200 min);0
L;298,8;310,5;1384;52,8;47,24269115600384;5,557308843996154;200;Moderado (100-200 min);0
H;298,8;310,5;1294;55,8;51,5997646186331;4,200235381366895;202;Alto (>200 min);0
L;298,8;310,5;1464;46,4;43,36313954361522;3,0368604563847796;207;Alto (>200 min);0
L;298,8;310,6;1803;25,4;26,933170186228654;-1,5331701862286558;209;Alto (>200 min);0
L;298,8;310,6;1602;39,1;36,66582154558349;2,434178454416511;211;Alto (>200 min);0
H;298,9;310,6;1519;38,8;40,695177011241356;-1,8951770112413584;213;Alto (>200 min);0
M;298,9;310,7;1638;33,6;34,91725137231827;-1,3172513723182675;218;Alto (>200 min);0
H;298,9;310,6;1615;33,0;36,0400157184533;-3,040015718453297;221;Alto (>200 min);0
L;298,8;310,6;1651;33,3;34,45140738657376;-1,1514073865737657;0;Bajo (0-100 min);0
L;298,9;310,6;1387;52,7;47,24634482797333;5,4536551720266715;2;Bajo (0-100 min);0
M;298,8;310,5;1678;32,8;33,15198864250153;-0,3519886425015315;4;Bajo (0-100 min);0
L;298,9;310,6;1585;38,1;37,653718121349;0,4462818786509999;7;Bajo (0-100 min);0
M;298,8;310,6;1640;33,8;34,977357866514616;-1,177357866514619;9;Bajo (0-100 min);0
L;298,9;310,6;1406;43,8;46,318684811711535;-2,5186848117115375;12;Bajo (0-100 min);0
M;298,9;310,6;1679;35,8;33,09616569315714;2,7038343068428574;14;Bajo (0-100 min);0
L;298,9;310,5;1717;26,9;31,26478362757812;-4,36478362757812;17;Bajo (0-100 min);0
H;298,9;310,5;1429;39,9;45,210725770853;-5,310725770853004;19;Bajo (0-100 min);0
M;298,9;310,4;1533;44,4;40,181550934667285;4,218449065332713;24;Bajo (0-100 min);0
M;298,9;310,5;1525;38,5;40,555564478064944;-2,0555644780649445;27;Bajo (0-100 min);0
L;298,9;310,4;1739;26,3;30,200743585245363;-3,900743585245362;30;Bajo (0-100 min);0
L;298,9;310,3;1436;39,0;44,884275852640656;-5,884275852640656;32;Bajo (0-100 min);0
M;298,8;310,2;1595;33,1;37,18249878759927;-4,08249878759927;34;Bajo (0-100 min);0
H;298,7;310,1;1435;45,6;44,92870299173564;0,6712970082643608;37;Bajo (0-100 min);0
L;298,7;310,0;1637;31,8;35,15352244492735;-3,3535224449273464;42;Bajo (0-100 min);0
L;298,7;310,1;1558;37,6;38,96672030223711;-1,3667203022371055;44;Bajo (0-100 min);0
M;298,7;310,1;1644;34,1;34,8003549376258;-0,7003549376257965;46;Bajo (0-100 min);0
L;298,7;310,1;1641;31,1;34,94338601113927;-3,843386011139266;49;Bajo (0-100 min);0
L;298,8;310,2;1504;41,0;41,57672680199263;-0,5767268019926277;51;Bajo (0-100 min);0
M;298,7;310,1;1506;50,7;41,47824459988741;9,221755400112592;53;Bajo (0-100 min);0
H;298,8;310,1;1380;44,0;47,58927953745945;-3,589279537459447;56;Bajo (0-100 min);0
M;298,7;310,1;1549;42,5;39,38980068121156;3,110199318788439;61;Bajo (0-100 min);0
M;298,7;310,1;1402;69,7;46,506554431558214;23,19344556844179;64;Bajo (0-100 min);1
L;298,7;310,1;1401;45,3;46,55272824567122;-1,2527282456712214;67;Bajo (0-100 min);0
M;298,7;310,0;1459;40,2;43,75352519128333;-3,5535251912833274;69;Bajo (0-100 min);0
L;298,7;309,9;1465;39,7;43,47185927611168;-3,7718592761116767;72;Bajo (0-100 min);0
M;298,8;310,0;1295;52,7;51,703344847072636;0,9966551529273673;74;Bajo (0-100 min);0
M;298,8;310,0;1529;38,5;40,36879068163149;-1,8687906816314879;77;Bajo (0-100 min);0
M;298,8;310,0;1484;44,9;42,545824202554634;2,3541757974453645;80;Bajo (0-100 min);0
L;298,8;309,9;1739;30,6;30,20542949202561;0,3945705079743931;83;Bajo (0-100 min);0
H;298,7;309,8;1422;40,7;45,555680164293896;-4,855680164293894;85;Bajo (0-100 min);0
L;298,8;309,8;1463;40,0;43,57763073153597;-3,5776307315359688;90;Bajo (0-100 min);0
L;298,7;309,7;1667;30,4;33,6965653299842;-3,2965653299842046;92;Bajo (0-100 min);0
H;298,7;309,7;1565;39,3;38,63478234901623;0,6652176509837702;94;Bajo (0-100 min);0
L;298,7;309,7;1393;45,7;46,96074863147715;-1,2607486314771492;99;Bajo (0-100 min);0
M;298,8;309,7;1453;47,7;44,06481005000207;3,6351899499979297;101;Moderado (100-200 min);0
L;298,8;309,6;1442;50,0;44,60643083973434;5,393569160265663;104;Moderado (100-200 min);0
L;298,7;309,6;1364;44,9;48,371078335030596;-3,4710783350305974;106;Moderado (100-200 min);0
H;298,7;309,5;1453;40,4;44,07058775993556;-3,6705877599355645;108;Moderado (100-200 min);0
M;298,7;309,5;1394;46,0;46,92411888627045;-0,924118886270449;113;Moderado (100-200 min);0
M;298,7;309,5;1500;38,8;41,788429322458796;-2,988429322458799;116;Moderado (100-200 min);0
H;298,6;309,5;1523;34,2;40,66103361283605;-6,461033612836047;119;Moderado (100-200 min);0
M;298,7;309,6;1254;57,1;53,684698708532586;3,415301291467415;124;Moderado (100-200 min);0
L;298,6;309,5;1325;52,2;50,243889451915734;1,9561105480842684;127;Moderado (100-200 min);0
L;298,8;309,7;1424;49,6;45,44819536582798;4,151804634172024;129;Moderado (100-200 min);0
L;298,8;309,7;1505;39,0;41,523973149717825;-2,5239731497178255;131;Moderado (100-200 min);0
M;298,8;309,7;1392;48,7;46,99490509545238;1,7050949045476216;133;Moderado (100-200 min);0
L;298,8;309,7;1529;44,0;40,35792801093359;3,642071989066409;136;Moderado (100-200 min);0
M;298,8;309,7;1477;48,5;42,87471354495409;5,625286455045909;138;Moderado (100-200 min);0
M;298,8;309,7;1459;47,3;43,74417406397101;3,555825936028988;141;Moderado (100-200 min);0
M;299,0;309,8;2240;15,9;5,9305635957473015;9,969436404252699;144;Moderado (100-200 min);0
L;298,9;309,7;1449;48,8;44,235233140729086;4,564766859270911;147;Moderado (100-200 min);0
M;298,8;309,7;1589;35,3;37,442439361375115;-2,142439361375118;149;Moderado (100-200 min);0
L;298,8;309,7;1740;28,5;30,127461461053095;-1,6274614610530946;152;Moderado (100-200 min);0
M;298,8;309,7;1499;40,3;41,797258008417145;-1,4972580084171483;154;Moderado (100-200 min);0
M;298,8;309,7;1480;38,1;42,7151471571343;-4,615147157134295;157;Moderado (100-200 min);0
L;298,8;309,7;1751;29,6;29,588733692784622;0,011266307215379356;160;Moderado (100-200 min);0
L;298,7;309,7;1510;40,6;41,247247829218445;-0,6472478292184434;162;Moderado (100-200 min);0
H;298,8;309,8;1437;48,2;44,78115631925705;3,4188436807429525;164;Moderado (100-200 min);0
L;298,8;309,7;1609;40,4;36,45883466345567;3,94116533654433;169;Moderado (100-200 min);0
H;298,8;309,8;1490;35,9;42,20917770877465;-6,309177708774648;171;Moderado (100-200 min);0
L;298,7;309,7;1601;35,7;36,829720053757086;-1,129720053757083;176;Moderado (100-200 min);0
L;298,7;309,6;1665;31,1;33,73994522116781;-2,6399452211678067;178;Moderado (100-200 min);0
M;298,7;309,6;1452;42,7;44,053740136925406;-1,3537401369254027;180;Moderado (100-200 min);0
M;298,7;309,5;1487;33,6;42,367643960447076;-8,767643960447074;183;Moderado (100-200 min);0
M;298,7;309,6;1382;48,1;47,439234584767085;0,6607654152329161;186;Moderado (100-200 min);0
M;298,7;309,6;1686;26,2;32,71467634030981;-6,5146763403098085;189;Moderado (100-200 min);0
L;298,6;309,6;1491;36,9;42,14472190533729;-5,244721905337293;192;Moderado (100-200 min);0
L;298,7;309,6;1442;55,6;44,52750396118732;11,07249603881268;194;Moderado (100-200 min);0
L;298,6;309,6;1390;50,3;47,0330070842776;3,2669929157223976;196;Moderado (100-200 min);0
L;298,7;309,6;1502;46,7;41,61877975839053;5,081220241609472;198;Moderado (100-200 min);0
M;298,6;309,6;1344;59,4;49,25771762970523;10,142282370294765;200;Moderado (100-200 min);0
L;298,5;309,5;1385;46,3;47,26976726409529;-0,9697672640952959;203;Alto (>200 min);1
L;298,7;309,7;1547;37,4;39,57714857202012;-2,1771485720201227;0;Bajo (0-100 min);0
M;298,6;309,6;1525;42,4;40,64095348272044;1,7590465172795575;2;Bajo (0-100 min);0
L;298,6;309,6;1540;35,8;39,91226922162976;-4,112269221629759;5;Bajo (0-100 min);0
L;298,6;309,5;1450;44,3;44,280503362875976;0,019496637124021277;7;Bajo (0-100 min);0
L;298,6;309,6;1353;62,5;48,96541655478988;13,534583445210117;9;Bajo (0-100 min);0
L;298,8;309,7;1582;45,0;37,885161286289126;7,114838713710874;11;Bajo (0-100 min);0
L;298,9;309,8;1396;49,0;46,89150493245376;2,1084950675462366;13;Bajo (0-100 min);0
M;298,8;309,8;1551;36,6;39,37228170759634;-2,772281707596342;15;Bajo (0-100 min);0
M;298,9;309,8;1836;22,8;25,57914983837366;-2,779149838373659;18;Bajo (0-100 min);0
L;298,9;309,8;1390;49,9;47,17606386908921;2,7239361309107863;21;Bajo (0-100 min);0
L;298,9;309,8;1534;42,1;40,200837981864545;1,8991620181354563;23;Bajo (0-100 min);0
L;298,8;309,7;1953;20,6;19,90761719476324;0,6923828052367611;25;Bajo (0-100 min);0
L;298,8;309,8;1634;33,6;35,34368618012831;-1,7436861801283072;27;Bajo (0-100 min);0
L;298,7;309,7;1881;21,7;23,380189701466637;-1,680189701466638;29;Bajo (0-100 min);0
M;298,8;309,7;1448;44,8;44,35956556220516;0,4404344377948348;31;Bajo (0-100 min);0
M;298,7;309,7;1362;50,5;48,510890489907524;1,9891095100924758;34;Bajo (0-100 min);0
L;298,8;309,7;1225;63,4;55,1546403541821;8,2453596458179;37;Bajo (0-100 min);0
M;298,8;309,6;1384;48,2;47,46414570007093;0,7358542999290734;39;Bajo (0-100 min);0
L;298,8;309,8;1334;49,3;49,86100101226131;-0,5610010122613147;42;Bajo (0-100 min);0
L;298,8;309,7;1336;50,3;49,77380122108633;0,5261987789136668;44;Bajo (0-100 min);0
M;298,8;309,9;1331;61,6;49,99211980196208;11,607880198037918;46;Bajo (0-100 min);0
L;298,8;309,9;1629;31,9;35,55813333570618;-3,6581333357061823;49;Bajo (0-100 min);0
L;298,9;310,0;1776;25,7;28,437743291694087;-2,7377432916940876;51;Bajo (0-100 min);0
H;298,8;310,0;1530;38,3;40,33840057662907;-2,0384005766290727;53;Bajo (0-100 min);0
L;298,9;310,0;1719;27,3;31,192913948237027;-3,8929139482370267;58;Bajo (0-100 min);0
M;298,8;309,9;1495;35,2;42,0393020583839;-6,8393020583839;60;Bajo (0-100 min);0
L;298,8;309,7;1450;43,1;44,23865693654096;-1,1386569365409613;63;Bajo (0-100 min);0
H;298,8;309,8;1563;38,8;38,75355789140647;0,04644210859352427;65;Bajo (0-100 min);0
M;298,9;309,9;1501;37,1;41,75249663915532;-4,652496639155316;70;Bajo (0-100 min);0
L;298,8;309,9;1351;47,2;49,00325386767244;-1,8032538676724386;73;Bajo (0-100 min);0
L;298,9;309,9;1365;46,5;48,33503225240795;-1,8350322524079488;75;Bajo (0-100 min);0
L;298,8;309,9;1525;39,7;40,57366587904937;-0,8736658790493692;77;Bajo (0-100 min);0
M;298,8;309,8;1288;61,9;52,06090858622946;9,83909141377054;79;Bajo (0-100 min);0
L;298,6;309,6;1423;42,7;45,520545296484585;-2,820545296484582;82;Bajo (0-100 min);0
M;298,5;309,6;1502;39,4;41,68189792884466;-2,281897928844664;84;Bajo (0-100 min);0
L;298,5;309,5;1428;43,5;45,274522389691455;-1,7745223896914553;87;Bajo (0-100 min);0
M;298,6;309,5;1566;38,1;38,6011506915984;-0,5011506915983972;89;Bajo (0-100 min);0
M;298,5;309,5;1483;44,8;42,60718973020007;2,192810269799928;92;Bajo (0-100 min);0
H;298,6;309,6;1593;33,3;37,27790737990077;-3,9779073799007705;95;Bajo (0-100 min);0
L;298,5;309,6;1724;26,4;30,918716452261638;-4,518716452261639;100;Bajo (0-100 min);0
L;298,5;309,7;2617;12,1;-12,340713759052576;24,440713759052578;102;Moderado (100-200 min);1
L;298,6;309,7;1294;59,4;51,740142534891035;7,6598574651089635;104;Moderado (100-200 min);0
L;298,6;309,6;1533;40,7;40,17535750476143;0,5246424952385738;106;Moderado (100-200 min);0
H;298,5;309,4;1671;31,8;33,50174234204184;-1,701742342041836;108;Moderado (100-200 min);0
L;298,5;309,5;1370;52,4;48,06384117721552;4,336158822784476;113;Moderado (100-200 min);0
L;298,5;309,6;1462;45,1;43,595743355785885;1,5042566442141165;115;Moderado (100-200 min);0
L;298,4;309,5;1545;36,6;39,574542147962;-2,974542147961998;117;Moderado (100-200 min);0
M;298,4;309,5;1484;41,7;42,52718534928457;-0,8271853492845693;119;Moderado (100-200 min);0
M;298,4;309,5;1344;45,3;49,30493869172961;-4,004938691729613;122;Moderado (100-200 min);0
L;298,4;309,5;1357;50,1;48,67311169003939;1,42688830996061;125;Moderado (100-200 min);0
M;298,5;309,6;1572;33,0;38,25957482641163;-5,2595748264116295;127;Moderado (100-200 min);0
L;298,5;309,6;1861;26,9;24,261446027457808;2,6385539725421907;130;Moderado (100-200 min);0
L;298,5;309,5;1548;44,5;39,42926459185541;5,070735408144593;132;Moderado (100-200 min);0
L;298,6;309,8;1496;37,7;41,92385050095526;-4,223850500955258;134;Moderado (100-200 min);0
M;298,6;309,7;1314;49,7;50,747518574622674;-1,0475185746226714;136;Moderado (100-200 min);0
M;298,6;309,7;1422;49,7;45,51497175141057;4,185028248589433;139;Moderado (100-200 min);0
L;298,6;309,8;1842;20,1;25,161531783109595;-5,061531783109594;142;Moderado (100-200 min);0
M;298,7;309,9;1434;53,0;44,9190312227254;8,080968777274599;144;Moderado (100-200 min);0
M;298,8;310,1;1585;31,3;37,59301437609969;-6,293014376099688;147;Moderado (100-200 min);0
H;298,8;310,1;1704;30,7;31,82775262618504;-1,127752626185039;150;Moderado (100-200 min);0
L;298,9;310,2;1971;23,2;18,893672202558065;4,306327797441934;155;Moderado (100-200 min);0
L;299,0;310,3;1431;39,9;45,04375076260429;-5,1437507626042915;157;Moderado (100-200 min);0
L;298,9;310,4;1546;37,7;39,45051204713912;-1,750512047139118;159;Moderado (100-200 min);0
L;298,9;310,3;1496;36,3;41,881601000376115;-5,581601000376118;161;Moderado (100-200 min);0
H;298,9;310,3;1243;63,0;54,13254110414293;8,86745889585707;163;Moderado (100-200 min);0
L;299,0;310,4;1452;46,2;44,00732120312934;2,1926787968706662;168;Moderado (100-200 min);0
L;299,1;310,6;1380;44,7;47,48164038485075;-2,7816403848507463;170;Moderado (100-200 min);0
L;299,2;310,6;1567;38,4;38,4352658314464;-0,035265831446402274;172;Moderado (100-200 min);0
L;299,1;310,5;1628;35,9;35,47949447702759;0,4205055229724053;174;Moderado (100-200 min);0
L;299,1;310,4;1505;46,1;41,445873398381416;4,654126601618586;176;Moderado (100-200 min);0
M;299,0;310,3;1827;28,0;25,850229692202454;2,149770307797546;178;Moderado (100-200 min);0
L;299,0;310,3;1577;40,0;37,95513230167284;2,0448676983271596;181;Moderado (100-200 min);0
L;298,9;310,2;1304;57,2;51,17452326713099;6,025476732869009;183;Moderado (100-200 min);0
H;298,9;310,1;1324;54,6;50,21560814135186;4,384391858648144;185;Moderado (100-200 min);0
L;298,8;310,0;1537;39,9;39,8964302569108;0,003569743089201438;190;Moderado (100-200 min);0
M;298,8;310,1;1501;48,7;41,627197037110655;7,072802962889348;192;Moderado (100-200 min);0
M;298,7;309,9;1654;29,1;34,22640082369186;-5,12640082369186;195;Moderado (100-200 min);0
M;298,7;310,0;1519;38,1;40,75085033901878;-2,650850339018781;198;Moderado (100-200 min);0
L;298,7;309,9;1371;51,3;47,92719339768262;3,3728066023173753;201;Alto (>200 min);0
L;298,7;309,8;1181;65,9;57,138290508951876;8,76170949104813;203;Alto (>200 min);1
L;298,6;309,8;1469;42,8;43,178059533963804;-0,37805953396380687;205;Alto (>200 min);0
L;298,6;309,8;1637;34,6;35,04054653393361;-0,4405465339336061;207;Alto (>200 min);0
L;298,6;309,8;1370;56,0;48,12657293941373;7,873427060586273;0;Bajo (0-100 min);0
L;298,6;309,9;1630;30,6;35,522465328345376;-4,922465328345375;2;Bajo (0-100 min);0
L;298,6;310,0;1517;39,0;40,98223659546297;-1,9822365954629717;4;Bajo (0-100 min);0
M;298,6;309,9;1668;32,3;33,67917097895365;-1,3791709789536526;6;Bajo (0-100 min);0
M;298,6;309,9;1818;24,9;26,412621708331855;-1,5126217083318565;9;Bajo (0-100 min);0
M;298,6;310,0;1541;36,9;39,8139366410915;-2,913936641091503;12;Bajo (0-100 min);0
L;298,5;309,9;1482;42,1;42,6688492455046;-0,5688492455046017;15;Bajo (0-100 min);0
L;298,6;310,1;1439;49,9;44,73873816591934;5,161261834080662;17;Bajo (0-100 min);0
L;298,5;310,0;1492;41,2;42,17039584910237;-0,970395849102367;19;Bajo (0-100 min);0
L;298,4;309,9;1725;27,8;30,884900186243925;-3,0849001862439245;21;Bajo (0-100 min);0
L;298,4;310,0;1559;44,2;38,911388827473736;5,288611172526267;23;Bajo (0-100 min);0
L;298,5;310,0;1435;42,5;44,92631811084105;-2,426318110841052;25;Bajo (0-100 min);0
M;298,6;310,0;1512;37,5;41,20709282446205;-3,707092824462052;27;Bajo (0-100 min);0
L;298,6;309,9;1564;37,1;38,69770994307981;-1,5977099430798063;30;Bajo (0-100 min);0
L;298,6;310,0;1522;40,3;40,71904850148104;-0,41904850148104344;32;Bajo (0-100 min);0
L;298,6;309,9;1356;59,5;48,76785849994477;10,732141500055228;34;Bajo (0-100 min);0
L;298,6;309,9;1556;38,6;39,0806293495072;-0,48062934950719693;36;Bajo (0-100 min);0
L;298,6;309,9;1393;45,5;46,97299278025328;-1,4729927802532785;38;Bajo (0-100 min);0
L;298,7;309,9;1753;26,8;29,54846528870906;-2,7484652887090597;40;Bajo (0-100 min);0
L;298,7;309,9;1651;29,5;34,48668230774108;-4,986682307741077;42;Bajo (0-100 min);0
L;298,7;309,9;1372;54,7;47,99676678371389;6,703233216286115;44;Bajo (0-100 min);0
L;298,7;309,9;1446;43,3;44,41154497550535;-1,1115449755053532;46;Bajo (0-100 min);0
M;298,7;309,8;1501;44,7;41,757627810218146;2,9423721897818567;48;Bajo (0-100 min);0
M;298,7;309,9;1411;45,1;46,10278898903471;-1,0027889890347055;51;Bajo (0-100 min);0
H;298,6;309,7;1672;27,5;33,471700767991024;-5,971700767991024;54;Bajo (0-100 min);0
M;298,7;309,8;1475;40,5;43,00850452527098;-2,508504525270979;59;Bajo (0-100 min);0
L;298,7;309,8;1469;38,4;43,29682148788513;-4,896821487885134;62;Bajo (0-100 min);0
L;298,6;309,8;1704;28,3;31,903307887009273;-3,6033078870092723;64;Bajo (0-100 min);0
H;298,6;309,7;1463;39,1;43,58426511299029;-4,484265112990286;66;Bajo (0-100 min);0
M;298,6;309,7;1280;64,1;52,442946322153745;11,65705367784625;71;Bajo (0-100 min);0
L;298,7;309,9;1464;38,0;43,51878469542043;-5,518784695420429;74;Bajo (0-100 min);0
L;298,6;309,8;1332;46,4;49,9097388731461;-3,509738873146098;76;Bajo (0-100 min);0
L;298,5;309,7;1634;37,8;35,28266776097175;2,5173322390282493;78;Bajo (0-100 min);0
M;298,6;309,8;1430;43,1;45,16072674174054;-2,060726741740538;80;Bajo (0-100 min);0
M;298,5;309,7;1523;44,6;40,65448763171862;3,945512368281385;83;Bajo (0-100 min);0
M;298,5;309,7;1557;37,7;39,00565940632355;-1,3056594063235494;86;Bajo (0-100 min);0
L;298,5;309,6;1585;32,2;37,65856363774683;-5,458563637746828;89;Bajo (0-100 min);0
H;298,5;309,6;1579;33,5;37,94763220555673;-4,4476322055567294;91;Bajo (0-100 min);0
M;298,5;309,7;1354;60,8;48,82915518351291;11,970844816487087;96;Bajo (0-100 min);0
L;298,6;309,7;1627;33,4;35,617166870693005;-2,2171668706930063;99;Bajo (0-100 min);0
L;298,4;309,6;1477;35,6;42,868553972092585;-7,268553972092583;101;Moderado (100-200 min);0
M;298,3;309,4;1595;29,0;37,163511403377605;-8,163511403377605;103;Moderado (100-200 min);0
L;298,4;309,5;1520;38,1;40,79352554762092;-2,693525547620922;106;Moderado (100-200 min);0
L;298,3;309,4;1618;31,5;36,045894894293596;-4,545894894293596;108;Moderado (100-200 min);0
L;298,4;309,5;1397;50,3;46,7472405799663;3,552759420033695;110;Moderado (100-200 min);0
L;298,4;309,5;1450;47,9;44,1790199954626;3,7209800045373953;112;Moderado (100-200 min);0
M;298,5;309,5;1501;40,2;41,7189390812896;-1,518939081289595;114;Moderado (100-200 min);0
L;298,4;309,4;1392;50,1;46,99528317071422;3,1047168292857847;117;Moderado (100-200 min);0
L;298,4;309,4;1385;43,2;47,33278036822435;-4,132780368224346;119;Moderado (100-200 min);0
L;298,4;309,4;1461;46,3;43,65070130061535;2,6492986993846444;121;Moderado (100-200 min);0
M;298,5;309,6;1364;58,7;48,33573622484253;10,364263775157475;123;Moderado (100-200 min);0
L;298,5;309,5;1579;38,6;37,93248670232272;0,6675132976772815;126;Moderado (100-200 min);0
M;298,4;309,5;1514;38,8;41,06756201151598;-2,2675620115159845;128;Moderado (100-200 min);0
M;298,3;309,5;1560;36,9;38,82630781878793;-1,926307818787933;131;Moderado (100-200 min);0
L;298,3;309,5;1542;36,7;39,69576833780486;-2,9957683378048543;134;Moderado (100-200 min);0
L;298,3;309,4;1668;27,1;33,6034184638013;-6,503418463801296;136;Moderado (100-200 min);0
M;298,3;309,4;1816;22,6;26,43447805777571;-3,8344780577757085;138;Moderado (100-200 min);0
M;298,3;309,4;1509;34,2;41,299812560159225;-7,099812560159222;141;Moderado (100-200 min);0
L;298,4;309,6;1479;37,8;42,739377689275216;-4,939377689275219;144;Moderado (100-200 min);0
L;298,4;309,6;1655;30,2;34,21443565164317;-4,014435651643172;146;Moderado (100-200 min);0
L;298,3;309,5;1711;30,3;31,500807445725524;-1,2008074457255233;148;Moderado (100-200 min);0
L;298,4;309,7;1581;34,6;37,783987150060305;-3,183987150060304;150;Moderado (100-200 min);0
H;298,6;309,8;1279;55,9;52,41933425238191;3,4806657476180902;152;Moderado (100-200 min);0
L;298,5;309,8;1468;40,9;43,25128280212942;-2,3512828021294183;157;Moderado (100-200 min);0
L;298,4;309,7;1419;41,3;45,62266071473596;-4,32266071473596;159;Moderado (100-200 min);0
L;298,4;309,7;1530;38,6;40,24557960761889;-1,6455796076188918;161;Moderado (100-200 min);0
L;298,4;309,6;1710;27,3;31,53808372980289;-4,238083729802888;163;Moderado (100-200 min);1
L;298,4;309,7;1518;39,8;40,82371674323869;-1,023716743238694;165;Moderado (100-200 min);0
M;298,4;309,7;1679;33,3;33,02520415111011;0,2747958488898874;167;Moderado (100-200 min);0
M;298,4;309,7;1870;22,5;23,773081062778868;-1,2730810627788678;170;Moderado (100-200 min);0
L;298,3;309,7;1484;44,3;42,452994900550365;1,8470050994496319;173;Moderado (100-200 min);0
L;298,4;309,7;1457;44,2;43,77034710299533;0,42965289700467224;175;Moderado (100-200 min);0
H;298,3;309,6;1546;36,2;39,45857411697007;-3,258574116970067;177;Moderado (100-200 min);0
M;298,2;309,5;1478;36,5;42,74784117829376;-6,247841178293761;182;Moderado (100-200 min);0
L;298,2;309,4;1447;47,1;44,25803456203064;2,841965437969364;185;Moderado (100-200 min);0
L;298,2;309,4;1443;45,4;44,45024587044008;0,9497541295599206;187;Moderado (100-200 min);0
L;298,3;309,6;1527;30,9;40,36969881892554;-9,469698818925544;189;Moderado (100-200 min);0
M;298,3;309,6;1469;54,8;43,177056131147424;11,622943868852573;191;Moderado (100-200 min);0
M;298,3;309,6;1681;27,1;32,90793181911134;-5,807931819111339;194;Moderado (100-200 min);0
L;298,3;309,6;1420;44,1;45,545549355284265;-1,445549355284264;197;Moderado (100-200 min);0
M;298,3;309,5;1543;49,9;39,5984853703814;10,301514629618602;199;Moderado (100-200 min);0
L;298,4;309,5;1376;50,4;47,69509412566288;2,704905874337122;202;Alto (>200 min);0
H;298,3;309,4;1631;29,8;35,49749606933074;-5,697496069330736;0;Bajo (0-100 min);0
H;298,3;309,3;1529;41,7;40,444618951392485;1,2553810486075179;5;Bajo (0-100 min);0
L;298,3;309,4;1468;46,2;43,383846658510876;2,8161533414891267;10;Bajo (0-100 min);0
L;298,3;309,4;1378;52,3;47,740920121140135;4,559079878859862;12;Bajo (0-100 min);0
L;298,3;309,3;1401;51,9;46,6367191062603;5,263280893739697;14;Bajo (0-100 min);0
L;298,4;309,3;1531;37,4;40,350776445769085;-2,950776445769087;16;Bajo (0-100 min);0
L;298,4;309,3;1512;35,8;41,26941719968198;-5,469417199681985;18;Bajo (0-100 min);0
M;298,5;309,4;1522;47,4;40,78374942460147;6,6162505753985315;20;Bajo (0-100 min);0
M;298,5;309,3;1615;31,8;36,288792725509765;-4,488792725509764;23;Bajo (0-100 min);0
L;298,6;309,3;1449;46,5;44,33697285109102;2,1630271489089807;26;Bajo (0-100 min);0
L;298,6;309,4;1315;55,5;50,81374534191346;4,68625465808654;28;Bajo (0-100 min);0
M;298,6;309,4;1465;41,1;43,54794767648741;-2,4479476764874093;30;Bajo (0-100 min);0
M;298,6;309,5;1404;43,3;46,48867859399728;-3,188678593997281;33;Bajo (0-100 min);0
L;298,6;309,5;1547;44,8;39,561129731277106;5,238870268722891;36;Bajo (0-100 min);0
M;298,6;309,5;1426;45,4;45,4194907146135;-0,019490714613503712;38;Bajo (0-100 min);0
L;298,6;309,5;1730;30,2;30,694932470156225;-0,49493247015622543;41;Bajo (0-100 min);0
L;298,5;309,4;1548;37,7;39,50731813289341;-1,807318132893407;43;Bajo (0-100 min);0
L;298,5;309,4;1517;40,2;41,00710244320907;-0,8071024432090681;45;Bajo (0-100 min);0
L;298,6;309,5;1687;29,3;32,77285391609168;-3,472853916091676;47;Bajo (0-100 min);0
L;298,5;309,5;1738;25,2;30,290208180058215;-5,090208180058216;49;Bajo (0-100 min);0
H;298,4;309,4;1512;35,3;41,23345354960554;-5,933453549605545;51;Bajo (0-100 min);0
M;298,5;309,4;1365;48,7;48,35998650049093;0,34001349950906956;56;Bajo (0-100 min);0
H;298,5;309,4;2011;21,0;17,072836898554844;3,9271631014451565;59;Bajo (0-100 min);0
L;298,4;309,3;1806;27,6;26,9968262288101;0,6031737711899012;64;Bajo (0-100 min);0
L;298,4;309,3;1716;28,4;31,353899691439352;-2,9538996914393536;66;Bajo (0-100 min);0
M;298,4;309,4;1666;24,3;33,76266728744244;-9,46266728744244;68;Bajo (0-100 min);0
L;298,5;309,4;1578;36,3;38,033414296405724;-1,7334142964057264;71;Bajo (0-100 min);0
L;298,3;309,3;1558;37,2;38,98907953677535;-1,789079536775347;73;Bajo (0-100 min);0
L;298,3;309,2;1456;45,5;43,93845723442433;1,5615427655756733;75;Bajo (0-100 min);0
M;298,2;309,1;1457;49,0;43,88840366201934;5,111596337980657;77;Bajo (0-100 min);0
L;298,2;309,1;1467;44,5;43,40186254942981;1,0981374505701922;80;Bajo (0-100 min);0
M;298,1;309,0;1661;38,2;34,005083444880356;4,194916555119647;82;Bajo (0-100 min);0
L;298,1;309,0;1592;33,9;37,34440407860903;-3,4444040786090326;85;Bajo (0-100 min);0
L;298,2;309,0;1596;37,2;37,16046876034685;0,03953123965315086;87;Bajo (0-100 min);0
L;298,2;309,0;1489;40,6;42,34082892788002;-1,7408289278800169;89;Bajo (0-100 min);0
L;298,3;309,0;1471;48,3;43,22232346302292;5,07767653697708;91;Bajo (0-100 min);0
M;298,3;309,0;1505;41,3;41,5742468428236;-0,2742468428236009;93;Bajo (0-100 min);0
L;298,3;309,0;1519;40,0;40,893991211433146;-0,8939912114331463;96;Bajo (0-100 min);0
L;298,3;309,0;1408;45,4;46,26806589776724;-0,868065897767238;98;Bajo (0-100 min);0
L;298,2;308,9;1332;44,4;49,94701681228;-5,547016812279999;100;Bajo (0-100 min);0
L;298,1;308,9;1351;52,4;49,01408722665391;3,385912773346085;102;Moderado (100-200 min);0
L;298,0;308,9;1500;36,7;41,78543577999786;-5,085435779997859;104;Moderado (100-200 min);0
M;298,0;308,7;1614;30,7;36,28539014101403;-5,585390141014027;106;Moderado (100-200 min);0
L;298,0;308,8;1489;36,5;42,32555335933864;-5,825553359338642;109;Moderado (100-200 min);0
M;297,9;308,7;1751;26,6;29,635627435173518;-3,0356274351735166;111;Moderado (100-200 min);0
L;298,0;308,7;1511;45,8;41,267526158571826;4,532473841428171;114;Moderado (100-200 min);0
L;297,9;308,6;1691;29,6;32,54874786982559;-2,9487478698255885;116;Moderado (100-200 min);0
L;297,9;308,6;1757;27,5;29,350955099218893;-1,8509550992188935;118;Moderado (100-200 min);0
H;297,9;308,7;1545;35,9;39,605160706659305;-3,7051607066593064;120;Moderado (100-200 min);0
L;297,9;308,6;2262;15,7;4,889235864232333;10,810764135767666;125;Moderado (100-200 min);0
M;297,7;308,5;1559;35,2;38,92165518985935;-3,721655189859348;127;Moderado (100-200 min);0
L;297,6;308,4;1626;32,4;35,67456045204342;-3,274560452043424;130;Moderado (100-200 min);0
L;297,6;308,3;1424;53,9;45,46680111971544;8,433198880284557;132;Moderado (100-200 min);0
M;297,6;308,3;1648;29,1;34,61728485647234;-5,517284856472337;134;Moderado (100-200 min);0
L;297,6;308,3;1523;39,5;40,66860875341392;-1,1686087534139205;137;Moderado (100-200 min);0
L;297,6;308,3;1502;43,2;41,684106766727275;1,5158932332727275;139;Moderado (100-200 min);0
L;297,5;308,2;1489;40,7;42,312054010125514;-1,6120540101255116;141;Moderado (100-200 min);0
M;297,4;308,1;1620;31,2;35,96627857669057;-4,766278576690571;143;Moderado (100-200 min);0
L;297,5;308,1;1631;30,6;35,44259124533104;-4,842591245331036;146;Moderado (100-200 min);0
M;297,5;308,0;1429;45,8;45,23483191300306;0,565168086996934;148;Moderado (100-200 min);0
M;297,5;308,1;1334;72,0;49,822136240320766;22,177863759679234;151;Moderado (100-200 min);1
L;297,4;308,0;1423;38,0;45,50961164909977;-7,509611649099767;154;Moderado (100-200 min);0
L;297,4;307,9;1390;47,7;47,11741389743285;0,5825861025671557;156;Moderado (100-200 min);0
M;297,4;307,9;1338;48,5;49,63419943145335;-1,1341994314533466;158;Moderado (100-200 min);0
H;297,3;307,9;1461;37,5;43,66394075180755;-6,1639407518075515;161;Moderado (100-200 min);0
M;297,4;307,9;1627;34,3;35,63231260652081;-1,3323126065208157;166;Moderado (100-200 min);0
L;297,3;307,8;1385;44,4;47,34966444607608;-2,949664446076085;169;Moderado (100-200 min);0
M;297,3;307,8;1538;48,0;39,93858089154934;8,061419108450657;171;Moderado (100-200 min);0
L;297,4;307,9;1557;35,5;39,01630384397101;-3,5163038439710093;174;Moderado (100-200 min);0
L;297,4;307,9;1606;33,4;36,641797778268234;-3,2417977782682357;176;Moderado (100-200 min);0
M;297,5;308,0;1430;44,5;45,16385512743057;-0,6638551274305726;178;Moderado (100-200 min);0
M;297,4;308,0;1601;34,6;36,86902222217371;-2,26902222217371;181;Moderado (100-200 min);0
L;297,4;308,0;1356;51,9;48,73178168314295;3,1682183168570504;184;Moderado (100-200 min);0
M;297,5;308,2;1624;30,9;35,74036676678602;-4,840366766786019;186;Moderado (100-200 min);0
L;297,5;308,2;1327;56,5;50,12141497216723;6,37858502783277;189;Moderado (100-200 min);0
L;297,6;308,3;1410;47,0;46,10045722896989;0,8995427710301129;191;Moderado (100-200 min);0
L;297,6;308,3;1478;42,3;42,80580719896274;-0,5058071989627422;193;Moderado (100-200 min);0
L;297,6;308,4;1460;40,3;43,66485864455844;-3,3648586445584456;195;Moderado (100-200 min);0
L;297,5;308,3;1435;40,3;44,87394944435945;-4,5739494443594495;197;Moderado (100-200 min);0
H;297,4;308,2;1359;46,9;48,55290035887221;-1,652900358872209;199;Moderado (100-200 min);0
L;297,4;308,1;1729;31,7;30,641710022425187;1,0582899775748125;204;Alto (>200 min);0
H;297,3;308,0;1384;49,1;47,34796232629994;1,752037673700059;206;Alto (>200 min);0
L;297,4;308,2;1297;52,1;51,54645613793759;0,553543862062412;211;Alto (>200 min);0
L;297,5;308,4;1633;33,3;35,261894401964994;-1,9618944019649973;213;Alto (>200 min);0
M;297,5;308,4;1505;37,2;41,459255793203006;-4,259255793203003;215;Alto (>200 min);0
L;297,5;308,4;1433;50,0;44,94386231603237;5,056137683967627;218;Alto (>200 min);0
L;297,4;308,4;1369;50,6;48,03050899552541;2,5694910044745924;220;Alto (>200 min);1
L;297,4;308,3;1475;40,5;42,90673171552645;-2,4067317155264476;222;Alto (>200 min);1
L;297,4;308,3;1561;38,3;38,908725914761355;-0,608725914761358;0;Bajo (0-100 min);0
L;297,4;308,3;1472;45,5;43,21737074769038;2,2826292523096186;2;Bajo (0-100 min);0
L;297,5;308,4;1441;44,5;44,71727679031932;-0,21727679031931757;4;Bajo (0-100 min);0
M;297,5;308,5;1401;50,5;46,64175808932009;3,858241910679908;6;Bajo (0-100 min);0
L;297,5;308,5;1691;33,1;32,59520066066604;0,5047993393339638;9;Bajo (0-100 min);0
L;297,6;308,6;1382;47,1;47,55826575995903;-0,4582657599590263;11;Bajo (0-100 min);0
L;297,6;308,6;1355;46,4;48,864335551473765;-2,4643355514737664;13;Bajo (0-100 min);0
L;297,6;308,6;1529;45,3;40,436250773242186;4,863749226757811;15;Bajo (0-100 min);0
L;297,7;308,7;1829;24,9;25,90628038509484;-1,0062803850948399;17;Bajo (0-100 min);0
H;297,6;308,6;1480;39,8;42,80624720777051;-3,006247207770514;19;Bajo (0-100 min);0
L;297,6;308,5;1475;42,4;43,05579300890991;-0,6557930089099102;24;Bajo (0-100 min);0
M;297,6;308,5;1431;52,6;45,18514950532857;7,414850494671434;26;Bajo (0-100 min);0
L;297,5;308,3;1437;42,3;44,90336185784364;-2,6033618578436446;29;Bajo (0-100 min);0
M;297,5;308,3;1476;45,6;43,01314208914317;2,5868579108568284;31;Bajo (0-100 min);0
H;297,5;308,4;1490;39,7;42,32172577913576;-2,621725779135758;34;Bajo (0-100 min);0
L;297,4;308,3;1632;33,5;35,440980603411056;-1,940980603411056;39;Bajo (0-100 min);0
L;297,4;308,2;1402;49,7;46,589222902689535;3,110777097310468;41;Bajo (0-100 min);0
L;297,4;308,3;1347;45,8;49,240133647193765;-3,4401336471937682;43;Bajo (0-100 min);0
L;297,5;308,4;1747;31,0;29,867300289023383;1,1326997109766168;45;Bajo (0-100 min);0
H;297,5;308,5;1557;39,1;39,05607604305872;0,043923956941284814;47;Bajo (0-100 min);0
L;297,4;308,4;1371;57,4;48,059921409009604;9,340078590990395;52;Bajo (0-100 min);0
H;297,3;308,3;1506;37,0;41,52043145677374;-4,520431456773743;54;Bajo (0-100 min);0
L;297,3;308,3;1590;35,5;37,44866853597567;-1,9486685359756706;59;Bajo (0-100 min);0
L;297,4;308,3;1336;53,7;49,75931968037295;3,940680319627056;61;Bajo (0-100 min);0
L;297,3;308,3;1411;43,2;46,114386831533956;-2,914386831533953;63;Bajo (0-100 min);0
L;297,4;308,3;1704;27,3;31,934577529905177;-4,634577529905176;65;Bajo (0-100 min);0
L;297,5;308,4;1723;27,3;31,01305208752259;-3,7130520875225876;67;Bajo (0-100 min);0
L;297,5;308,5;1459;39,7;43,785546439374976;-4,085546439374973;69;Bajo (0-100 min);0
L;297,6;308,5;1572;35,9;38,32289048378768;-2,4228904837876826;71;Bajo (0-100 min);0
L;297,5;308,4;1384;56,0;47,425847924726256;8,574152075273744;73;Bajo (0-100 min);0
L;297,6;308,6;1383;47,5;47,461734397731306;0,038265602268694465;75;Bajo (0-100 min);0
M;297,6;308,5;1360;48,6;48,585250349062086;0,014749650937915249;77;Bajo (0-100 min);0
M;297,5;308,4;1596;36,6;37,153717191907205;-0,5537171919072037;80;Bajo (0-100 min);0
L;297,5;308,5;1448;54,3;44,307738893337124;9,992261106662873;83;Bajo (0-100 min);0
M;297,6;308,5;1443;38,2;44,559661242377025;-6,3596612423770225;85;Bajo (0-100 min);0
M;297,6;308,6;1492;35,5;42,173242892861545;-6,673242892861545;88;Bajo (0-100 min);0
L;297,5;308,6;1497;43,9;41,91756251784294;1,98243748215706;91;Bajo (0-100 min);0
L;297,5;308,5;1530;38,5;40,329075205960805;-1,8290752059608053;93;Bajo (0-100 min);0
M;297,4;308,4;1478;46,2;42,84573900766804;3,354260992331966;95;Bajo (0-100 min);0
L;297,4;308,4;1328;61,8;50,10777864711538;11,692221352884616;98;Bajo (0-100 min);0
H;297,4;308,3;1771;27,4;28,663553158138765;-1,263553158138766;100;Bajo (0-100 min);0
M;297,4;308,4;1564;35,0;38,6733608014908;-3,6733608014908015;105;Moderado (100-200 min);0
H;297,3;308,3;1461;41,5;43,659133112714045;-2,159133112714045;108;Moderado (100-200 min);0
M;297,4;308,3;1335;57,9;49,76866483989459;8,131335160105408;113;Moderado (100-200 min);0
M;297,4;308,4;1441;46,8;44,621814597465985;2,1781854025340124;116;Moderado (100-200 min);0
L;297,3;308,3;1268;60,6;52,99759098770535;7,60240901229465;119;Moderado (100-200 min);0
M;297,3;308,3;1697;27,4;32,220205635915015;-4,820205635915016;121;Moderado (100-200 min);0
L;297,4;308,4;1421;46,0;45,58437434990466;0,41562565009534325;124;Moderado (100-200 min);0
L;297,4;308,5;1496;36,4;41,93956323337893;-5,539563233378928;126;Moderado (100-200 min);0
L;297,5;308,5;1375;55,6;47,80920662764556;7,790793372354443;128;Moderado (100-200 min);0
L;297,4;308,5;1295;52,1;51,670711382342276;0,4292886176577255;130;Moderado (100-200 min);0
L;297,4;308,5;1643;33,8;34,8160450362706;-1,0160450362706044;132;Moderado (100-200 min);0
L;297,5;308,6;1514;36,9;41,061956789522114;-4,161956789522115;134;Moderado (100-200 min);0
L;297,5;308,6;1671;29,4;33,45715871619445;-4,057158716194451;136;Moderado (100-200 min);0
H;297,5;308,6;1355;58,9;48,75910249107579;10,140897508924212;138;Moderado (100-200 min);0
L;297,6;308,7;1365;50,6;48,27117990040804;2,328820099591958;143;Moderado (100-200 min);0
L;297,5;308,7;1407;42,5;46,224391831676655;-3,7243918316766553;145;Moderado (100-200 min);0
M;297,5;308,8;1455;46,1;43,887153717057146;2,2128462829428557;147;Moderado (100-200 min);0
L;297,5;308,8;1502;45,9;41,60875330555909;4,291246694440908;150;Moderado (100-200 min);0
M;297,5;308,8;1471;52,3;43,10853761587475;9,191462384125245;152;Moderado (100-200 min);0
L;297,5;308,9;1581;30,4;37,76797285464522;-7,367972854645224;155;Moderado (100-200 min);0
L;297,5;308,8;1530;37,8;40,24749043758244;-2,447490437582445;157;Moderado (100-200 min);0
L;297,5;308,8;1312;50,3;50,803428501841196;-0,5034285018411992;159;Moderado (100-200 min);0
L;297,4;308,6;1494;42,6;41,998953632311455;0,6010463676885465;161;Moderado (100-200 min);0
M;297,4;308,6;1528;29,1;40,350877012112136;-11,250877012112134;163;Moderado (100-200 min);0
H;297,3;308,6;1688;29,4;32,58875903355782;-3,1887590335578224;166;Moderado (100-200 min);0
M;297,3;308,5;1520;42,4;40,73217147583478;1,6678285241652162;171;Moderado (100-200 min);0
M;297,3;308,5;1664;28,9;33,75619398341438;-4,856193983414379;174;Moderado (100-200 min);0
L;297,3;308,5;1514;44,5;41,018233622861715;3,4817663771382854;177;Moderado (100-200 min);0
L;297,3;308,5;1456;54,2;43,825590935083596;10,374409064916406;179;Moderado (100-200 min);0
L;297,2;308,5;1494;39,6;41,972517385153125;-2,372517385153124;181;Moderado (100-200 min);0
L;297,2;308,4;1605;30,0;36,60659695665302;-6,606596956653021;183;Moderado (100-200 min);0
M;297,2;308,5;1353;46,5;48,79794775210265;-2,297947752102651;185;Moderado (100-200 min);0
L;297,2;308,5;1447;47,9;44,24340174469376;3,6565982553062355;188;Moderado (100-200 min);0
L;297,2;308,5;1588;40,4;37,41346174656979;2,9865382534302114;190;Moderado (100-200 min);0
H;297,2;308,5;1524;41,4;40,51139083699305;0,8886091630069473;192;Moderado (100-200 min);0
M;297,2;308,5;1611;31,6;36,294342027094295;-4,694342027094294;197;Moderado (100-200 min);0
M;297,2;308,5;1604;34,9;36,63108761940868;-1,731087619408683;200;Moderado (100-200 min);0
L;297,1;308,5;1483;46,9;42,47741458661911;4,422585413380887;203;Alto (>200 min);0
L;297,1;308,4;1543;39,6;39,581354272830765;0,01864572716923618;205;Alto (>200 min);0
L;297,1;308,5;1323;44,4;50,22298891787302;-5,822988917873019;207;Alto (>200 min);1
L;297,1;308,5;1555;36,2;39,14312910293815;-2,943129102938144;0;Bajo (0-100 min);0
L;297,1;308,4;1583;31,9;37,79678493955717;-5,896784939557172;2;Bajo (0-100 min);0
M;297,2;308,5;1584;40,0;37,74697483177872;2,253025168221278;4;Bajo (0-100 min);0
L;297,2;308,5;1766;25,8;28,930709410749557;-3,1307094107495566;7;Bajo (0-100 min);0
M;297,2;308,6;1498;44,4;41,89691828140287;2,50308171859713;9;Bajo (0-100 min);0
L;297,2;308,6;1413;49,8;46,01109699033523;3,7889030096647645;12;Bajo (0-100 min);0
L;297,3;308,6;1505;33,5;41,56544225845278;-8,065442258452777;14;Bajo (0-100 min);0
H;297,3;308,7;1438;46,2;44,79749655935978;1,4025034406402241;16;Bajo (0-100 min);0
M;297,3;308,7;1655;34,1;34,28472588843106;-0,18472588843106053;21;Bajo (0-100 min);0
M;297,3;308,7;1451;43,8;44,16191153169084;-0,36191153169084345;24;Bajo (0-100 min);0
M;297,3;308,7;1466;38,4;43,43322727060016;-5,033227270600165;27;Bajo (0-100 min);0
L;297,2;308,6;1774;23,0;28,514832775028687;-5,514832775028687;30;Bajo (0-100 min);0
M;297,2;308,6;1284;51,3;52,24335811775011;-0,9433581177501154;32;Bajo (0-100 min);0
L;297,1;308,5;1425;40,0;45,41254478211714;-5,412544782117138;35;Bajo (0-100 min);0
L;297,2;308,6;1437;52,4;44,83001974763615;7,569980252363848;37;Bajo (0-100 min);0
L;297,2;308,6;1335;53,0;49,76823676666817;3,231763233331833;39;Bajo (0-100 min);0
L;297,2;308,5;1471;41,7;43,19160059566231;-1,4916005956623053;41;Bajo (0-100 min);0
M;297,2;308,5;1364;54,0;48,37196076319548;5,6280392368045185;43;Bajo (0-100 min);0
L;297,1;308,5;1578;35,6;37,99469678082872;-2,394696780828717;46;Bajo (0-100 min);0
L;297,1;308,5;1712;32,1;31,503757190606354;0,5962428093936474;48;Bajo (0-100 min);0
L;297,1;308,5;1733;28,7;30,485252756510032;-1,7852527565100331;50;Bajo (0-100 min);0
L;297,2;308,6;1652;32,1;34,406590284150475;-2,3065902841504737;52;Bajo (0-100 min);0
L;297,2;308,6;1917;24,1;21,571500203197925;2,528499796802077;54;Bajo (0-100 min);0
M;297,2;308,6;1444;41,1;44,47673884101544;-3,376738841015438;56;Bajo (0-100 min);0
L;297,1;308,6;1442;37,1;44,56005887389845;-7,460058873898447;59;Bajo (0-100 min);0
M;297,1;308,6;1717;31,3;31,240682495943595;0,05931750405640557;61;Bajo (0-100 min);0
L;297,1;308,7;1474;42,3;42,99542401889541;-0,6954240188954159;64;Bajo (0-100 min);0
L;297,2;308,7;1509;39,3;41,31020117992608;-2,010201179926085;66;Bajo (0-100 min);0
L;297,2;308,8;1451;43,1;44,106397813531004;-1,0063978135310023;68;Bajo (0-100 min);0
L;297,3;308,8;1554;36,1;39,128028154946016;-3,028028154946014;70;Bajo (0-100 min);0
L;297,2;308,7;1669;30,7;33,55711079671476;-2,8571107967147604;72;Bajo (0-100 min);0
L;297,2;308,6;1366;50,4;48,24064306411005;2,159356935889946;74;Bajo (0-100 min);0
L;297,2;308,6;1578;34,4;37,97227035726972;-3,5722703572697228;76;Bajo (0-100 min);0
M;297,2;308,6;1513;39,0;41,11862807739321;-2,118628077393211;78;Bajo (0-100 min);0
M;297,1;308,5;1515;42,1;41,01939427009226;1,080605729907738;81;Bajo (0-100 min);0
L;297,2;308,6;1562;33,0;38,74111559090747;-5,741115590907469;84;Bajo (0-100 min);0
L;297,2;308,7;1501;38,5;41,68259811361309;-3,182598113613089;86;Bajo (0-100 min);0
M;297,2;308,7;1398;38,1;46,66924376234534;-8,569243762345337;88;Bajo (0-100 min);0
L;297,3;308,7;1352;53,8;48,905988323898946;4,8940116761010515;91;Bajo (0-100 min);0
H;297,3;308,7;1569;33,9;38,39547246855746;-4,495472468557459;93;Bajo (0-100 min);0
H;297,2;308,6;1486;46,6;42,4111689753846;4,1888310246154035;98;Bajo (0-100 min);0
L;297,2;308,6;1864;23,6;24,101388922718776;-0,5013889227187747;103;Moderado (100-200 min);0
M;297,3;308,7;1447;44,5;44,29474602963666;0,20525397036333715;105;Moderado (100-200 min);0
L;297,2;308,6;1392;41,5;46,95594411524883;-5,455944115248833;108;Moderado (100-200 min);0
L;297,3;308,6;1358;47,6;48,612296725595414;-1,0122967255954123;110;Moderado (100-200 min);0
L;297,3;308,7;1491;40,2;42,15862508645633;-1,9586250864563297;112;Moderado (100-200 min);0
L;297,3;308,7;1556;36,7;39,00926094554987;-2,309260945549866;114;Moderado (100-200 min);0
L;297,3;308,7;1531;36,7;40,21847347766415;-3,518473477664145;116;Moderado (100-200 min);0
H;297,4;308,7;1429;37,6;45,167972907626385;-7,567972907626384;118;Moderado (100-200 min);0
M;297,4;308,8;1573;33,9;38,17933152619754;-4,279331526197538;123;Moderado (100-200 min);0
L;297,4;308,8;1538;41,2;39,872078750118376;1,3279212498816264;126;Moderado (100-200 min);0
L;297,4;308,8;1467;39,0;43,30900824844325;-4,309008248443249;128;Moderado (100-200 min);0
H;297,4;308,7;1323;51,1;50,29238839350191;0,8076116064980923;130;Moderado (100-200 min);0
M;297,4;308,7;1798;23,0;27,285031259913744;-4,285031259913744;135;Moderado (100-200 min);0
L;297,4;308,6;1411;46,3;46,03581681693265;0,26418318306734534;138;Moderado (100-200 min);0
L;297,3;308,5;1528;44,5;40,368042199300945;4,131957800699055;140;Moderado (100-200 min);0
L;297,3;308,5;1504;42,0;41,52882610171499;0,47117389828500933;142;Moderado (100-200 min);0
L;297,3;308,5;1384;39,6;47,338758455351154;-7,738758455351153;144;Moderado (100-200 min);0
L;297,2;308,4;1677;26,4;33,147545010478886;-6,747545010478888;146;Moderado (100-200 min);0
L;297,3;308,5;1764;30,8;28,932872748480627;1,8671272515193742;148;Moderado (100-200 min);0
M;297,4;308,5;1472;42,0;43,08381182148665;-1,0838118214866483;150;Moderado (100-200 min);0
M;297,4;308,5;1465;55,9;43,420557413801035;12,479442586198964;153;Moderado (100-200 min);0
M;297,4;308,6;1657;33,1;34,1088450171526;-1,008845017152602;156;Moderado (100-200 min);0
L;297,4;308,6;1635;30,5;35,17202005497045;-4,672020054970453;159;Moderado (100-200 min);0
M;297,4;308,7;1582;31,9;37,726073540074225;-5,826073540074226;161;Moderado (100-200 min);0
L;297,5;308,7;1761;26,2;29,06637641907598;-2,86637641907598;164;Moderado (100-200 min);0
L;297,5;308,8;1587;34,9;37,48029409790763;-2,5802940979076325;166;Moderado (100-200 min);0
M;297,5;308,7;1446;53,0;44,3183883538656;8,6816116461344;168;Moderado (100-200 min);0
M;297,5;308,7;1352;53,0;48,86842473010004;4,131575269899962;171;Moderado (100-200 min);0
M;297,4;308,7;1392;46,4;46,91774231557336;-0,5177423155733649;174;Moderado (100-200 min);0
L;297,5;308,8;1417;49,8;45,70489348979365;4,0951065102063495;177;Moderado (100-200 min);0
H;297,5;308,8;1824;24,0;25,99293799140837;-1,9929379914083682;179;Moderado (100-200 min);0
L;297,5;308,8;1603;36,7;36,69190712918059;0,008092870819410791;184;Moderado (100-200 min);0
L;297,4;308,8;1620;33,4;35,85583480295496;-2,4558348029549606;186;Moderado (100-200 min);0
L;297,4;308,8;1353;49,4;48,784775722525;0,6152242774750007;188;Moderado (100-200 min);0
L;297,5;308,8;1360;50,7;48,455554515162135;2,2444454848378683;190;Moderado (100-200 min);0
L;297,5;308,6;1380;53,5;47,50780006799995;5,992199932000048;192;Moderado (100-200 min);0
M;297,5;308,7;1363;53,6;48,31842288389544;5,281577116104565;194;Moderado (100-200 min);0
M;297,4;308,6;1452;41,2;44,00589829267442;-2,8058982926744207;197;Moderado (100-200 min);0
L;297,4;308,6;1680;32,8;32,96191590543466;-0,16191590543466106;200;Moderado (100-200 min);0
L;297,5;308,6;1536;39,0;39,94541778280659;-0,9454177828065866;202;Alto (>200 min);0
L;297,5;308,6;1621;28,9;35,980808507826886;-7,080808507826887;0;Bajo (0-100 min);0
L;297,5;308,6;1585;37,6;37,7227359666437;-0,12273596664369535;2;Bajo (0-100 min);0
M;297,6;308,7;1408;51,5;46,293221945506275;5,206778054493725;4;Bajo (0-100 min);0
H;297,5;308,6;1536;38,7;40,091980795976276;-1,3919807959762736;7;Bajo (0-100 min);0
L;297,5;308,6;1352;52,6;48,99909063483997;3,600909365160028;12;Bajo (0-100 min);0
H;297,5;308,6;1481;38,8;42,750294193118755;-3,950294193118758;14;Bajo (0-100 min);0
L;297,5;308,7;1454;45,0;44,04294849042932;0,9570515095706824;19;Bajo (0-100 min);0
M;297,5;308,6;1349;51,5;49,137612077178986;2,3623879228210143;21;Bajo (0-100 min);0
M;297,5;308,6;1327;52,1;50,20078711499683;1,8992128850031733;24;Bajo (0-100 min);0
L;297,6;308,7;1552;42,3;39,30221234917103;2,9977876508289683;27;Bajo (0-100 min);0
L;297,5;308,7;1456;44,7;43,938575179071435;0,7614248209285677;29;Bajo (0-100 min);0
M;297,6;308,6;1254;45,8;53,74209825767368;-7,942098257673685;31;Bajo (0-100 min);0
L;297,5;308,6;1437;43,3;44,866121796014056;-1,566121796014059;34;Bajo (0-100 min);0
L;297,5;308,6;1694;27,1;32,41846075266335;-5,3184607526633485;36;Bajo (0-100 min);0
L;297,5;308,5;1306;50,7;51,218426544578236;-0,518426544578233;38;Bajo (0-100 min);0
M;297,5;308,5;1699;30,1;32,184471861996194;-2,0844718619961924;40;Bajo (0-100 min);0
L;297,4;308,5;1369;53,2;48,15238243655478;5,047617563445222;43;Bajo (0-100 min);0
L;297,4;308,5;1471;43,9;43,21115899673979;0,6888410032602081;45;Bajo (0-100 min);0
L;297,4;308,5;1410;43,9;46,16380219806236;-2,263802198062365;47;Bajo (0-100 min);0
M;297,4;308,5;1412;45,5;46,06544172827042;-0,5654417282704216;49;Bajo (0-100 min);0
L;297,4;308,5;1418;51,2;45,77261513448181;5,427384865518192;52;Bajo (0-100 min);0
L;297,4;308,5;1782;25,9;28,143090713206448;-2,243090713206449;54;Bajo (0-100 min);0
M;297,4;308,5;1497;36,4;41,94374696738064;-5,543746967380642;56;Bajo (0-100 min);0
L;297,3;308,4;1459;39,4;43,781658348088904;-4,381658348088905;59;Bajo (0-100 min);0
L;297,2;308,3;1796;23,8;27,45958519640649;-3,659585196406489;61;Bajo (0-100 min);0
L;297,2;308,3;1569;31,2;38,451380927967314;-7,251380927967315;63;Bajo (0-100 min);0
L;297,3;308,4;1469;46,7;43,29286241991215;3,4071375800878556;65;Bajo (0-100 min);0
L;297,3;308,4;1472;41,3;43,14607332041997;-1,8460733204199755;67;Bajo (0-100 min);0
L;297,4;308,5;1475;47,2;42,99940595324106;4,200594046758944;69;Bajo (0-100 min);0
L;297,4;308,6;1488;36,4;42,35716987812962;-5,957169878129619;71;Bajo (0-100 min);0
L;297,4;308,6;1524;43,1;40,61223599852984;2,487764001470161;73;Bajo (0-100 min);0
L;297,4;308,5;1486;48,6;42,46218139536408;6,137818604635925;75;Bajo (0-100 min);0
M;297,5;308,6;1255;60,7;53,64781337803909;7,052186621960914;77;Bajo (0-100 min);0
M;297,4;308,6;1469;42,6;43,27054939567232;-0,6705493956723174;80;Bajo (0-100 min);0
L;297,4;308,5;1692;34,3;32,47987083555067;1,8201291644493267;83;Bajo (0-100 min);0
M;297,4;308,6;1604;32,8;36,728926360162504;-3,9289263601625066;85;Bajo (0-100 min);0
L;297,4;308,6;1446;48,1;44,37839503721169;3,7216049627883123;88;Bajo (0-100 min);0
L;297,3;308,5;1503;43,3;41,616338201593805;1,6836617984061917;90;Bajo (0-100 min);0
M;297,3;308,5;1625;32,8;35,7065421677742;-2,906542167774205;92;Bajo (0-100 min);0
L;297,2;308,5;1574;35,8;38,1628650559685;-2,3628650559685056;95;Bajo (0-100 min);0
M;297,2;308,4;1378;41,9;47,664533945439146;-5,7645339454391475;97;Bajo (0-100 min);0
L;297,1;308,4;1693;29,5;32,39597836334911;-2,8959783633491085;100;Bajo (0-100 min);0
L;297,2;308,4;1462;51,2;43,59277102464108;7,607228975358922;102;Moderado (100-200 min);0
H;297,3;308,5;1435;55,0;44,898962548469086;10,101037451530914;104;Moderado (100-200 min);0
M;297,2;308,5;1425;45,8;45,36820840856245;0,43179159143754475;109;Moderado (100-200 min);0
H;297,3;308,6;1376;53,5;47,73907818059978;5,760921819400217;112;Moderado (100-200 min);0
M;297,4;308,7;1481;48,0;42,65043576841015;5,349564231589852;117;Moderado (100-200 min);0
H;297,4;308,7;1349;48,9;49,04076007325334;-0,1407600732533396;120;Moderado (100-200 min);0
L;297,3;308,7;1551;40,0;39,243136436897856;0,7568635631021436;125;Moderado (100-200 min);0
H;297,4;308,7;1623;33,8;35,766054299020006;-1,9660542990200085;127;Moderado (100-200 min);0
L;297,4;308,8;1462;49,7;43,54814497616144;6,151855023838564;132;Moderado (100-200 min);0
M;297,3;308,8;1447;57,4;44,26178880034318;13,138211199656816;134;Moderado (100-200 min);0
M;297,3;308,9;1799;24,5;27,201495651657893;-2,7014956516578934;137;Moderado (100-200 min);0
M;297,3;308,8;1548;41,3;39,36598756944546;1,9340124305545388;140;Moderado (100-200 min);0
M;297,2;308,8;1485;47,9;42,403454014042524;5,496545985957475;143;Moderado (100-200 min);0
L;297,2;308,7;1463;49,9;43,477789730477326;6,422210269522672;146;Moderado (100-200 min);0
L;297,3;308,7;1587;35,8;37,4824188481875;-1,6824188481875026;148;Moderado (100-200 min);0
M;297,3;308,8;1469;44,1;43,184333263806245;0,9156667361937565;150;Moderado (100-200 min);0
H;297,3;308,7;1430;42,8;45,08195568514496;-2,2819556851449647;153;Moderado (100-200 min);0
H;297,4;308,7;1726;26,8;30,75460567882827;-3,954605678828269;158;Moderado (100-200 min);0
L;297,4;308,8;1651;34,1;34,37183420174988;-0,2718342017498756;163;Moderado (100-200 min);0
L;297,4;308,8;1529;41,3;40,27862381478651;1,0213761852134837;165;Moderado (100-200 min);0
L;297,4;308,8;1473;46,2;42,98912386760793;3,210876132392073;167;Moderado (100-200 min);0
H;297,4;308,8;1324;53,5;50,20348648255078;3,2965135174492204;169;Moderado (100-200 min);0
L;297,4;308,9;1708;28,8;31,59197397306663;-2,7919739730666286;174;Moderado (100-200 min);0
M;297,5;309,1;1540;38,5;39,71544160601017;-1,2154416060101667;176;Moderado (100-200 min);0
L;297,5;309,0;1320;54,7;50,378646003090594;4,321353996909409;179;Moderado (100-200 min);0
M;297,4;308,9;1376;39,0;47,665017797172936;-8,665017797172936;181;Moderado (100-200 min);0
M;297,3;308,7;1542;37,0;39,63464939765115;-2,6346493976511525;184;Moderado (100-200 min);0
L;297,3;308,7;1506;39,3;41,375825251272225;-2,075825251272228;187;Moderado (100-200 min);0
L;297,3;308,7;1492;43,6;42,052322856683965;1,5476771433160366;189;Moderado (100-200 min);0
H;297,3;308,8;1564;38,0;38,55279762925893;-0,5527976292589329;191;Moderado (100-200 min);0
H;297,4;308,9;1645;30,8;34,62644232987482;-3,826442329874819;196;Moderado (100-200 min);0
M;297,4;308,9;1348;59,1;49,005987324864556;10,094012675135446;201;Alto (>200 min);0
M;297,4;308,8;1325;62,4;50,12875167099958;12,271248329000422;204;Alto (>200 min);1
L;297,5;308,9;1443;43,5;44,56762255861703;-1,0676225586170318;0;Bajo (0-100 min);0
M;297,5;308,9;1436;44,8;44,905119756127164;-0,1051197561271664;2;Bajo (0-100 min);0
L;297,5;308,9;1596;30,7;37,15428418850307;-6,45428418850307;5;Bajo (0-100 min);0
L;297,6;309,0;1491;43,2;42,237908828949045;0,9620911710509574;7;Bajo (0-100 min);0
M;297,7;308,9;1573;35,1;38,28770107268585;-3,1877010726858472;9;Bajo (0-100 min);0
L;297,7;308,9;1575;39,9;38,18858899769816;1,711411002301837;12;Bajo (0-100 min);0
L;297,7;308,9;1458;41,1;43,85323546223364;-2,75323546223364;14;Bajo (0-100 min);0
M;297,7;309,0;1433;41,8;45,05128731573096;-3,2512873157309627;16;Bajo (0-100 min);0
L;297,7;308,9;1662;28,1;33,97003697740792;-5,870036977407921;19;Bajo (0-100 min);0
M;297,7;308,9;1327;63,7;50,19212471659364;13,507875283406364;21;Bajo (0-100 min);0
L;297,7;308,9;1742;26,3;30,091988575410777;-3,7919885754107767;24;Bajo (0-100 min);0
L;297,8;308,9;1506;33,5;41,5309243852039;-8,030924385203903;26;Bajo (0-100 min);0
L;297,9;309,1;1457;44,4;43,89138508382001;0,5086149161799867;28;Bajo (0-100 min);0
M;297,9;309,1;1488;37,3;42,388594352721384;-5,088594352721387;30;Bajo (0-100 min);0
L;297,9;309,1;1619;34,7;36,042189046403976;-1,3421890464039734;33;Bajo (0-100 min);0
M;298,0;309,2;1558;41,7;38,994953980039824;2,7050460199601787;35;Bajo (0-100 min);0
L;298,0;309,2;1731;28,7;30,614546226312733;-1,9145462263127335;38;Bajo (0-100 min);0
M;298,0;309,1;1574;34,8;38,22749855747438;-3,4274985574743795;40;Bajo (0-100 min);0
L;297,9;309,0;1290;49,8;51,97885284443933;-2,1788528444393336;43;Bajo (0-100 min);0
H;297,9;308,9;1416;39,6;45,88650297043577;-6,2865029704357696;45;Bajo (0-100 min);0
L;297,9;308,9;1566;41,9;38,61845048942249;3,2815495105775057;50;Bajo (0-100 min);0
L;297,9;309,0;1456;46,5;43,9329358674394;2,5670641325606027;52;Bajo (0-100 min);0
L;297,9;309,0;1528;37,5;40,444571318631326;-2,9445713186313256;54;Bajo (0-100 min);0
M;297,9;309,1;1338;49,6;49,63334707266666;-0,033347072666657596;56;Bajo (0-100 min);0
M;297,9;309,1;1558;39,2;38,97679372302874;0,22320627697126127;59;Bajo (0-100 min);0
M;297,9;309,1;1614;38,1;36,262535644228606;1,8374643557713952;62;Bajo (0-100 min);0
H;298,0;309,1;1557;36,4;39,031995132484745;-2,6319951324847466;65;Bajo (0-100 min);0
L;298,1;309,3;1443;45,3;44,53806194602862;0,7619380539713774;70;Bajo (0-100 min);0
H;298,1;309,3;1332;51,0;49,91213663236272;1,0878633676372829;72;Bajo (0-100 min);0
M;298,1;309,3;1752;25,2;29,56835413228722;-4,3683541322872195;77;Bajo (0-100 min);0
M;298,1;309,2;1460;45,8;43,71841986778424;2,0815801322157554;80;Bajo (0-100 min);0
L;298,1;309,2;1802;26,9;27,15357369471821;-0,253573694718213;83;Bajo (0-100 min);0
L;298,0;309,2;1527;39,5;40,45866124095986;-0,9586612409598629;85;Bajo (0-100 min);0
L;298,0;309,2;1458;39,8;43,798733479884284;-3,9987334798842866;87;Bajo (0-100 min);0
H;298,0;309,2;1520;37,9;40,79465522807851;-2,8946552280785127;89;Bajo (0-100 min);0
L;298,0;309,2;1378;49,7;47,667762619532525;2,0322373804674783;94;Bajo (0-100 min);0
M;297,9;309,2;1529;38,1;40,342253913476014;-2,242253913476013;96;Bajo (0-100 min);0
L;298,0;309,2;1527;32,4;40,44813876821948;-8,04813876821948;99;Bajo (0-100 min);0
M;298,0;309,2;1438;42,9;44,7567836011485;-1,8567836011485;101;Moderado (100-200 min);0
L;297,9;309,0;1583;36,7;37,743416425331546;-1,043416425331543;104;Moderado (100-200 min);0
L;297,8;308,9;1530;37,6;40,30850885673902;-2,708508856739016;106;Moderado (100-200 min);0
M;297,7;308,9;1530;39,1;40,2957232354173;-1,1957232354172973;108;Moderado (100-200 min);0
M;297,7;308,8;2089;19,1;13,233025096018217;5,8669749039817845;111;Moderado (100-200 min);0
L;297,7;308,8;1616;34,2;36,13751212863998;-1,9375121286399803;114;Moderado (100-200 min);0
M;297,7;308,9;1681;28,3;32,976987309116566;-4,676987309116566;116;Moderado (100-200 min);0
L;297,6;308,8;1475;43,0;42,95090847946354;0,04909152053645727;119;Moderado (100-200 min);0
L;297,5;308,7;1371;46,5;47,98586102558276;-1,4858610255827571;121;Moderado (100-200 min);0
M;297,5;308,7;1546;38,0;39,509347617650945;-1,5093476176509455;123;Moderado (100-200 min);0
H;297,4;308,6;1461;40,1;43,623404594270035;-3,5234045942700334;126;Moderado (100-200 min);0
L;297,4;308,7;1638;31,9;35,03661843273358;-3,1366184327335844;131;Moderado (100-200 min);0
M;297,3;308,7;1577;35,6;37,97797922312593;-2,3779792231259265;133;Moderado (100-200 min);0
L;297,4;308,6;1532;38,7;40,17745583359625;-1,4774558335962453;136;Moderado (100-200 min);0
M;297,3;308,5;1710;27,7;31,555534804250488;-3,855534804250489;138;Moderado (100-200 min);0
M;297,3;308,6;1584;29,4;37,64412665227533;-8,244126652275334;141;Moderado (100-200 min);0
L;297,3;308,6;1446;50,1;44,32502273531991;5,774977264680089;144;Moderado (100-200 min);0
H;297,4;308,7;1522;46,3;40,643065400024184;5,656934599975813;146;Moderado (100-200 min);0
M;297,4;308,7;1382;49,9;47,41931553207773;2,4806844679222664;151;Moderado (100-200 min);0
L;297,4;308,7;1584;38,2;37,63447751704396;0,565522482956041;154;Moderado (100-200 min);0
L;297,3;308,6;1385;55,2;47,27014988468506;7,929850115314942;156;Moderado (100-200 min);0
L;297,3;308,7;1592;34,4;37,232759647728926;-2,8327596477289276;158;Moderado (100-200 min);0
M;297,2;308,6;1404;43,7;46,33571708866749;-2,6357170886674837;160;Moderado (100-200 min);0
L;297,2;308,5;1518;44,3;40,82375916587095;3,476240834129044;163;Moderado (100-200 min);0
L;297,1;308,4;1529;40,4;40,28941929646367;0,11058070353632843;165;Moderado (100-200 min);0
L;297,1;308,4;1550;37,0;39,27091486236735;-2,2709148623673485;167;Moderado (100-200 min);0
L;297,1;308,3;1773;23,8;28,48098790744143;-4,6809879074414305;169;Moderado (100-200 min);0
L;297,2;308,5;1446;43,7;44,30460766272161;-0,6046076627216053;171;Moderado (100-200 min);0
M;297,2;308,5;1487;46,9;42,317530634620674;4,582469365379325;173;Moderado (100-200 min);0
M;297,3;308,5;1524;49,3;40,53469893105515;8,765301068944844;176;Moderado (100-200 min);0
L;297,1;308,3;1403;54,1;46,392064844569276;7,707935155430725;179;Moderado (100-200 min);0
L;297,1;308,2;2267;15,7;4,559386251795644;11,140613748204355;181;Moderado (100-200 min);0
M;297,1;308,2;1529;37,9;40,298211760174226;-2,3982117601742274;183;Moderado (100-200 min);0
L;297,1;308,2;1402;51,2;46,44639291651627;4,753607083483736;186;Moderado (100-200 min);0
L;297,2;308,3;1693;28,0;32,35228019567099;-4,352280195670993;188;Moderado (100-200 min);0
L;297,1;308,3;1496;45,8;41,87993462529468;3,9200653747053167;190;Moderado (100-200 min);0
L;297,1;308,1;1633;33,3;35,26603050320554;-1,9660305032055447;192;Moderado (100-200 min);0
L;297,1;308,2;1399;42,6;46,585665964051024;-3,985665964051023;194;Moderado (100-200 min);0
M;297,0;308,1;1363;45,3;48,32747169055456;-3,027471690554563;196;Moderado (100-200 min);0
H;297,1;308,2;1527;42,2;40,38304333644282;1,8169566635571854;199;Moderado (100-200 min);0
M;297,2;308,2;1405;42,5;46,298860544822446;-3,798860544822446;204;Alto (>200 min);0
M;297,3;308,3;1459;59,6;43,681581457736044;15,918418542263957;207;Alto (>200 min);1
M;297,4;308,4;1789;25,0;27,698000573386043;-2,698000573386043;210;Alto (>200 min);0
L;297,4;308,4;1531;41,5;40,19033222045827;1,3096677795417335;213;Alto (>200 min);0
M;297,4;308,4;1620;35,8;35,87868096674627;-0,07868096674627623;215;Alto (>200 min);0
L;297,4;308,4;1571;39,4;38,413278939142096;0,9867210608579029;0;Bajo (0-100 min);0
L;297,4;308,4;1434;39,9;45,04649799768218;-5,146497997682182;2;Bajo (0-100 min);0
L;297,4;308,4;1474;43,6;43,10784959928148;0,492150400718522;4;Bajo (0-100 min);0
M;297,3;308,3;1544;41,7;39,7162205775606;1,9837794224394045;6;Bajo (0-100 min);0
L;297,3;308,2;1601;35,7;36,9646945476772;-1,2646945476771947;9;Bajo (0-100 min);0
L;297,4;308,3;1801;26,9;27,27758712955289;-0,377587129552893;11;Bajo (0-100 min);0
L;297,4;308,3;1465;42,0;43,548103498438834;-1,5481034984388344;13;Bajo (0-100 min);0
M;297,4;308,4;1340;52,6;49,5890183219592;3,0109816780407996;15;Bajo (0-100 min);0
M;297,4;308,4;1517;41,0;41,01489604943119;-0,014896049431186498;18;Bajo (0-100 min);0
M;297,3;308,4;1434;44,8;45,020935088032864;-0,2209350880328671;21;Bajo (0-100 min);0
H;297,3;308,3;1935;19,3;20,76709747124714;-1,4670974712471399;24;Bajo (0-100 min);0
M;297,3;308,3;1595;32,2;37,22907354334678;-5,029073543346776;29;Bajo (0-100 min);0
L;297,3;308,3;2188;17,0;8,508641315522905;8,491358684477095;32;Bajo (0-100 min);0
M;297,3;308,4;1449;44,4;44,28473477498476;0,11526522501523573;34;Bajo (0-100 min);0
L;297,3;308,3;1471;38,2;43,228210784609416;-5,0282107846094135;37;Bajo (0-100 min);0
L;297,4;308,2;1639;33,8;35,1131408741264;-1,313140874126404;39;Bajo (0-100 min);0
M;297,3;308,2;1846;24,5;25,075628904857;-0,5756289048569982;41;Bajo (0-100 min);0
M;297,3;308,2;1452;38,2;44,15425419116056;-5,954254191160558;44;Bajo (0-100 min);0
M;297,4;308,3;1483;41,9;42,650833587179456;-0,7508335871794571;47;Bajo (0-100 min);0
L;297,4;308,3;1284;60,3;52,285876081938085;8,014123918061912;50;Bajo (0-100 min);0
L;297,4;308,2;1419;50,0;45,75766854063246;4,242331459367541;52;Bajo (0-100 min);0
L;297,3;308,1;1763;28,4;29,096594981048433;-0,6965949810484346;54;Bajo (0-100 min);0
M;297,2;308,0;1478;42,5;42,89712950290935;-0,3971295029093511;56;Bajo (0-100 min);0
L;297,3;308,0;1518;36,0;40,96901191024314;-4,96901191024314;59;Bajo (0-100 min);0
L;297,3;308,0;1447;49,0;44,40594140856802;4,594058591431981;61;Bajo (0-100 min);0
M;297,4;308,0;1355;55,1;48,87115454152796;6,228845458472044;63;Bajo (0-100 min);0
L;297,4;308,1;1348;57,4;49,196739455225384;8,203260544774615;66;Bajo (0-100 min);0
L;297,4;308,1;1348;53,7;49,1952362448339;4,504763755166103;68;Bajo (0-100 min);0
M;297,4;308,1;1734;27,7;30,500281970153466;-2,800281970153467;70;Bajo (0-100 min);0
L;297,3;308,0;1420;46,5;45,70449514812533;0,7955048518746679;73;Bajo (0-100 min);0
L;297,3;307,9;1797;24,7;27,45655921936394;-2,7565592193639397;75;Bajo (0-100 min);0
M;297,3;308,0;1403;45,0;46,52477543224629;-1,5247754322462868;77;Bajo (0-100 min);0
L;297,3;307,9;1628;30,2;35,63723961272417;-5,4372396127241736;80;Bajo (0-100 min);0
M;297,2;307,9;1687;30,4;32,76716483908886;-2,367164839088865;82;Bajo (0-100 min);0
M;297,2;307,9;1456;44,9;43,95192348425486;0,9480765157451359;85;Bajo (0-100 min);0
L;297,1;307,9;1496;44,7;42,0012410697282;2,6987589302718007;88;Bajo (0-100 min);0
L;297,1;307,8;1636;30,3;35,230890379921405;-4,930890379921404;90;Bajo (0-100 min);0
L;297,1;307,8;1536;40,4;40,07225013955297;0,32774986044702814;92;Bajo (0-100 min);0
L;297,1;307,8;1454;50,6;44,04189456458038;6,55810543541962;94;Bajo (0-100 min);0
L;297,0;307,8;1396;50,0;46,837969465872035;3,1620305341279646;96;Bajo (0-100 min);0
L;297,0;307,6;1575;37,4;38,19006289637321;-0,7900628963732146;98;Bajo (0-100 min);0
L;296,9;307,6;1514;35,7;41,13142368676556;-5,431423686765555;100;Bajo (0-100 min);0
M;296,8;307,4;1455;49,9;43,998248574991365;5,901751425008634;102;Moderado (100-200 min);0
L;296,8;307,4;1549;48,3;39,443702567582484;8,856297432417513;105;Moderado (100-200 min);0
L;296,8;307,5;1474;42,4;43,06318590609132;-0,6631859060913214;107;Moderado (100-200 min);0
H;296,7;307,4;1661;34,2;34,005407209443476;0,194592790556527;109;Moderado (100-200 min);0
L;296,7;307,4;1535;34,6;40,1036565256938;-5,503656525693799;114;Moderado (100-200 min);0
M;296,9;307,5;1556;31,2;39,09655623484097;-7,896556234840968;116;Moderado (100-200 min);0
L;296,9;307,6;1435;45,0;44,943004934364666;0,056995065635334186;119;Moderado (100-200 min);0
M;296,9;307,5;1332;51,1;49,940811261713876;1,159188738286126;121;Moderado (100-200 min);0
L;297,0;307,6;1513;42,4;41,17309620269821;1,2269037973017873;124;Moderado (100-200 min);0
L;297,0;307,7;1502;39,4;41,69314724039231;-2,293147240392308;126;Moderado (100-200 min);0
L;297,0;307,7;1315;60,1;50,74779778394391;9,352202216056092;128;Moderado (100-200 min);0
M;297,0;307,7;1261;51,1;53,361440577364874;-2,2614405773648727;130;Moderado (100-200 min);0
L;297,1;307,8;1406;60,4;46,337156187557504;14,062843812442495;133;Moderado (100-200 min);0
L;297,1;307,8;1584;42,3;37,715356890525;4,584643109474996;135;Moderado (100-200 min);0
M;297,1;307,8;1443;43,9;44,54229046786601;-0,6422904678660117;137;Moderado (100-200 min);0
L;297,2;307,9;1580;35,8;37,90543511566048;-2,105435115660484;140;Moderado (100-200 min);0
L;297,2;307,9;1825;24,6;26,03891762871254;-1,438917628712538;142;Moderado (100-200 min);0
L;297,2;307,9;1469;48,2;43,278006591603095;4,921993408396908;144;Moderado (100-200 min);0
L;297,2;307,9;1493;38,4;42,114216268406075;-3,7142162684060764;146;Moderado (100-200 min);0
M;297,3;308,0;1598;29,4;37,02782867180367;-7,62782867180367;148;Moderado (100-200 min);0
H;297,2;307,9;1450;37,2;44,19288931953728;-6,9928893195372765;151;Moderado (100-200 min);0
M;297,2;307,9;1632;37,5;35,375120688116624;2,124879311883376;156;Moderado (100-200 min);0
M;297,1;307,9;1980;20,3;18,508420325918983;1,7915796740810173;159;Moderado (100-200 min);0
L;297,2;308,0;1474;43,7;43,01117387096163;0,6888261290383753;162;Moderado (100-200 min);0
L;297,2;307,9;1540;37,1;39,82454177897189;-2,72454177897189;164;Moderado (100-200 min);0
M;297,1;307,9;1609;38,9;36,47018070833428;2,4298192916657158;166;Moderado (100-200 min);0
L;297,1;308,0;1467;42,8;43,33363063156282;-0,5336306315628221;169;Moderado (100-200 min);0
L;297,1;307,9;1492;39,4;42,132572357282534;-2,7325723572825353;171;Moderado (100-200 min);0
L;297,0;307,9;1493;46,1;42,07135810626059;4,028641893739412;173;Moderado (100-200 min);0
L;297,0;307,8;1500;39,9;41,74201516658445;-1,8420151665844529;175;Moderado (100-200 min);0
L;297,1;307,8;1477;36,6;42,86565285022849;-6,265652850228491;177;Moderado (100-200 min);0
L;297,1;307,9;1342;49,1;49,39085397075117;-0,29085397075116504;179;Moderado (100-200 min);0
M;297,1;307,8;1538;34,3;39,90850001773147;-5,6085000177314726;181;Moderado (100-200 min);0
L;297,2;307,9;1337;58,1;49,64052150420383;8,45947849579617;184;Moderado (100-200 min);0
L;297,3;307,9;1417;41,8;45,77601032872414;-3,9760103287241435;186;Moderado (100-200 min);0
L;297,4;308,0;1383;46,2;47,421202260453754;-1,221202260453751;188;Moderado (100-200 min);0
M;297,4;308,0;1440;42,4;44,65926715714914;-2,2592671571491394;190;Moderado (100-200 min);0
L;297,3;307,9;1579;34,4;37,925311080916615;-3,525311080916616;193;Moderado (100-200 min);0
L;297,2;307,9;1441;40,0;44,595676358226704;-4,595676358226704;195;Moderado (100-200 min);0
M;297,2;307,9;1530;35,9;40,28402510451471;-4,384025104514713;197;Moderado (100-200 min);0
L;297,2;308,0;1705;26,0;31,795599412770194;-5,795599412770194;200;Moderado (100-200 min);0
H;297,2;308,0;1435;43,0;44,86982622144093;-1,8698262214409311;202;Alto (>200 min);0
M;297,2;308,1;1340;61,3;49,45562733836715;11,844372661632846;207;Alto (>200 min);1
L;297,2;308,1;1431;49,7;45,046367220058954;4,653632779941049;210;Alto (>200 min);1
L;297,3;308,2;1396;52,7;46,739987781488814;5,960012218511189;212;Alto (>200 min);1
M;297,3;308,1;1369;52,0;48,057218251620505;3,9427817483794954;214;Alto (>200 min);0
L;297,3;308,1;1615;35,4;36,14152052977659;-0,7415205297765937;217;Alto (>200 min);1
L;297,2;308,1;1662;31,3;34,017190850411545;-2,7171908504115443;0;Bajo (0-100 min);0
L;297,3;308,2;1553;33,5;39,29453000965845;-5,794530009658452;2;Bajo (0-100 min);0
M;297,4;308,2;1536;34,6;40,12759591510111;-5,527595915101109;4;Bajo (0-100 min);0
L;297,4;308,3;1548;46,6;39,53303686449416;7,066963135505844;7;Bajo (0-100 min);0
L;297,4;308,3;1706;30,9;31,879810161466267;-0,9798101614662684;9;Bajo (0-100 min);0
L;297,4;308,3;1366;45,5;48,344041049153134;-2,844041049153134;11;Bajo (0-100 min);0
L;297,5;308,4;1440;35,9;44,75894097325787;-8,858940973257873;13;Bajo (0-100 min);0
M;297,5;308,4;1685;28,1;32,89242348630993;-4,792423486309929;15;Bajo (0-100 min);0
M;297,4;308,3;1444;44,0;44,56134669616496;-0,5613466961649607;18;Bajo (0-100 min);0
L;297,4;308,3;1395;48,7;46,93209473588903;1,767905264110972;21;Bajo (0-100 min);0
L;297,4;308,3;1483;38,8;42,66887211187726;-3,868872111877266;23;Bajo (0-100 min);0
M;297,5;308,4;1403;44,3;46,54178100981749;-2,241781009817494;25;Bajo (0-100 min);0
H;297,5;308,4;1793;23,9;27,652360611140395;-3,7523606111403964;28;Bajo (0-100 min);0
L;297,4;308,3;1723;28,8;31,03848493186454;-2,238484931864541;33;Bajo (0-100 min);0
L;297,4;308,2;1386;41,0;47,368590609067674;-6,368590609067674;35;Bajo (0-100 min);0
H;297,4;308,2;1585;46,2;37,72979008833033;8,47020991166967;37;Bajo (0-100 min);0
M;297,3;308,1;1731;27,7;30,65533039380471;-2,9553303938047115;42;Bajo (0-100 min);0
L;297,3;308,3;1519;37,7;40,897623717432424;-3,197623717432421;45;Bajo (0-100 min);0
L;297,3;308,2;1896;24,4;22,64968778867102;1,7503122113289784;47;Bajo (0-100 min);0
L;297,3;308,3;2358;14,9;0,26299697815612433;14,637003021843876;49;Bajo (0-100 min);0
M;297,3;308,3;1341;51,9;49,513410172898986;2,3865898271010124;51;Bajo (0-100 min);0
L;297,3;308,3;1550;37,0;39,3895717499636;-2,3895717499636007;54;Bajo (0-100 min);0
L;297,3;308,3;1309;61,5;51,05936829732765;10,440631702672349;56;Bajo (0-100 min);0
M;297,3;308,4;1599;32,9;37,00240179525239;-4,102401795252391;58;Bajo (0-100 min);0
L;297,4;308,4;1343;40,0;49,40915859385438;-9,409158593854379;61;Bajo (0-100 min);0
L;297,4;308,4;1378;39,9;47,71265334395483;-7,812653343954828;63;Bajo (0-100 min);0
L;297,4;308,4;1603;34,6;36,81470845101149;-2,2147084510114894;65;Bajo (0-100 min);0
L;297,4;308,4;1664;28,1;33,85905882890595;-5,75905882890595;67;Bajo (0-100 min);0
L;297,3;308,4;1488;37,4;42,3697120348248;-4,969712034824802;69;Bajo (0-100 min);0
M;297,3;308,4;1370;50,5;48,08278712906051;2,417212870939487;71;Bajo (0-100 min);0
L;297,3;308,5;1545;34,3;39,594361437315996;-5,294361437315999;74;Bajo (0-100 min);0
M;297,4;308,5;1566;31,4;38,587139414149895;-7,187139414149897;76;Bajo (0-100 min);0
L;297,4;308,6;1820;24,6;26,27285197608718;-1,672851976087177;79;Bajo (0-100 min);0
M;297,4;308,6;1901;22,1;22,34862975997703;-0,2486297599770282;81;Bajo (0-100 min);0
M;297,4;308,5;1638;32,2;35,094265234167366;-2,8942652341673636;84;Bajo (0-100 min);0
M;297,3;308,4;1521;38,2;40,75803836119384;-2,5580383611938373;87;Bajo (0-100 min);0
H;297,3;308,4;1864;23,1;24,144763558427577;-1,0447635584275758;90;Bajo (0-100 min);0
L;297,3;308,3;1430;41,9;45,17019150096583;-3,2701915009658293;95;Bajo (0-100 min);0
M;297,3;308,4;1686;34,5;32,7597984086984;1,7402015913015987;97;Bajo (0-100 min);0
M;297,2;308,3;1326;57,2;50,19172855288086;7,008271447119142;100;Bajo (0-100 min);0
L;297,2;308,3;1805;25,6;26,992160110883255;-1,3921601108832533;103;Moderado (100-200 min);0
H;297,2;308,3;1453;45,8;44,03753455497288;1,762465445027118;105;Moderado (100-200 min);0
M;297,2;308,4;1863;26,0;24,166877673282738;1,8331223267172625;110;Moderado (100-200 min);0
L;297,2;308,3;1576;35,3;38,0748002602786;-2,774800260278603;113;Moderado (100-200 min);0
L;297,2;308,3;1419;39,7;45,6765919128233;-5,976591912823295;115;Moderado (100-200 min);0
L;297,2;308,4;1833;25,2;25,614475327919457;-0,4144753279194582;117;Moderado (100-200 min);0
H;297,2;308,4;2182;17,3;8,71138035214755;8,58861964785245;119;Moderado (100-200 min);0
L;297,2;308,3;1656;30,3;34,192242227107;-3,892242227107001;124;Moderado (100-200 min);0
L;297,1;308,2;1351;56,6;48,96134934297254;7,638650657027462;126;Moderado (100-200 min);0
H;297,1;308,2;1790;30,3;27,699677694179897;2,6003223058201037;128;Moderado (100-200 min);0
M;297,2;308,2;1678;28,1;33,13120860555722;-5,031208605557218;133;Moderado (100-200 min);0
L;297,1;308,2;1427;45,2;45,27325743379761;-0,07325743379760752;136;Moderado (100-200 min);0
L;297,0;308,1;1429;54,0;45,17477523169239;8,825224768307613;138;Moderado (100-200 min);0
H;297,2;308,1;1770;27,2;28,681674115382776;-1,481674115382777;140;Moderado (100-200 min);0
L;297,2;308,1;1689;31,2;32,60063509512273;-1,400635095122734;145;Moderado (100-200 min);0
M;297,2;308,1;1554;41,3;39,13699689426236;2,163003105737637;147;Moderado (100-200 min);0
L;297,3;308,1;1506;36,0;41,470598715216425;-5,4705987152164255;150;Moderado (100-200 min);0
L;297,2;308,1;1474;44,3;43,007529244302084;1,292470755697913;152;Moderado (100-200 min);0
L;297,3;308,1;1762;26,1;29,06986309117446;-2,96986309117446;154;Moderado (100-200 min);0
L;297,3;308,1;1566;35,7;38,560371302028145;-2,860371302028142;156;Moderado (100-200 min);0
H;297,3;308,1;1554;42,4;39,140011648039426;3,2599883519605726;158;Moderado (100-200 min);0
L;297,2;308,0;1869;25,4;23,881113534174858;1,5188864658251404;163;Moderado (100-200 min);0
L;297,3;308,0;1527;35,1;40,45348409219241;-5,35348409219241;165;Moderado (100-200 min);0
L;297,2;307,9;1309;49,6;51,0093004241379;-1,4093004241378964;167;Moderado (100-200 min);0
M;297,2;307,9;1541;35,7;39,772355123292954;-4,072355123292951;169;Moderado (100-200 min);0
L;297,2;307,9;1326;75,4;50,18225569325527;25,217744306744734;172;Moderado (100-200 min);1
H;297,1;307,9;1365;54,0;48,280753513624575;5,719246486375425;174;Moderado (100-200 min);0
L;297,1;307,8;1428;43,7;45,2371524951483;-1,5371524951482982;179;Moderado (100-200 min);0
L;297,1;307,8;1681;27,6;32,98320597059852;-5,383205970598517;181;Moderado (100-200 min);0
M;297,1;307,9;1662;26,9;33,890686045894455;-6,990686045894456;183;Moderado (100-200 min);0
L;297,2;307,9;1989;20,3;18,0635517292621;2,236448270737899;186;Moderado (100-200 min);0
M;297,2;307,9;1747;29,0;29,781776906326385;-0,7817769063263853;188;Moderado (100-200 min);0
M;297,2;308,0;1765;31,1;28,89664607751805;2,203353922481952;191;Moderado (100-200 min);0
L;297,3;308,1;1568;34,4;38,43495304518949;-4,034953045189489;194;Moderado (100-200 min);0
M;297,3;308,1;1709;30,6;31,605013047065512;-1,0050130470655105;196;Moderado (100-200 min);0
M;297,3;308,1;1370;58,8;48,02006369985641;10,77993630014359;199;Moderado (100-200 min);0
L;297,3;308,1;1458;45,7;43,7560894706489;1,9439105293511005;202;Alto (>200 min);0
L;297,2;308,1;1712;30,9;31,442431905468652;-0,5424319054686535;204;Alto (>200 min);0
L;297,3;308,1;1642;36,9;34,842215185023534;2,057784814976465;206;Alto (>200 min);0
L;297,3;308,1;1468;49,8;43,42362742318648;6,376372576813516;0;Bajo (0-100 min);0
H;297,3;308,1;1477;52,3;42,986266545492924;9,313733454507073;2;Bajo (0-100 min);0
L;297,3;308,2;1446;53,5;44,472635361604404;9,027364638395596;7;Bajo (0-100 min);0
H;297,3;308,2;1653;31,4;34,446405803265215;-3,046405803265216;9;Bajo (0-100 min);0
L;297,3;308,3;1494;38,2;42,13163922100618;-3,9316392210061792;14;Bajo (0-100 min);0
L;297,3;308,2;1490;41,0;42,33501120803258;-1,3350112080325829;16;Bajo (0-100 min);0
M;297,4;308,3;1550;47,8;39,42791194794054;8,37208805205946;18;Bajo (0-100 min);0
M;297,3;308,2;1677;34,9;33,27509942811078;1,6249005718892207;21;Bajo (0-100 min);0
L;297,4;308,3;1854;21,8;24,70109888789603;-2,9010988878960298;24;Bajo (0-100 min);0
M;297,5;308,5;1662;30,3;33,986853633645104;-3,6868536336451037;26;Bajo (0-100 min);0
M;297,5;308,6;1440;38,8;44,72459393289208;-5,92459393289208;29;Bajo (0-100 min);0
L;297,5;308,6;1513;39,7;41,18704914918803;-1,4870491491880244;32;Bajo (0-100 min);0
M;297,6;308,6;1389;49,0;47,20197843255535;1,7980215674446498;34;Bajo (0-100 min);0
L;297,6;308,6;1351;51,0;49,040011545576874;1,9599884544231259;37;Bajo (0-100 min);0
M;297,6;308,6;1482;38,3;42,694357844455205;-4,394357844455207;39;Bajo (0-100 min);0
L;297,6;308,6;1744;28,5;30,003802047407603;-1,5038020474076035;42;Bajo (0-100 min);0
L;297,6;308,7;1476;39,0;42,97001091806092;-3,9700109180609218;44;Bajo (0-100 min);0
M;297,6;308,6;1444;48,2;44,52938453669377;3,670615463306234;46;Bajo (0-100 min);0
H;297,6;308,7;1659;32,1;34,10381365694005;-2,0038136569400464;49;Bajo (0-100 min);0
M;297,6;308,7;1475;46,6;43,01092349580374;3,589076504196264;54;Bajo (0-100 min);0
L;297,6;308,6;1526;42,1;40,54996924412171;1,5500307558782893;57;Bajo (0-100 min);0
M;297,4;308,4;1675;29,5;33,33235674376935;-3,8323567437693526;59;Bajo (0-100 min);0
L;297,4;308,4;1525;38,7;40,5943963832167;-1,8943963832166943;62;Bajo (0-100 min);0
L;297,3;308,3;1396;45,9;46,84006467184167;-0,9400646718416681;64;Bajo (0-100 min);0
L;297,4;308,4;1580;41,2;37,92781532892105;3,2721846710789535;66;Bajo (0-100 min);0
L;297,4;308,5;1462;42,8;43,6297297445398;-0,8297297445398044;68;Bajo (0-100 min);0
L;297,4;308,4;1426;50,4;45,38281788197357;5,017182118026426;70;Bajo (0-100 min);0
L;297,4;308,5;1569;34,2;38,44485994583218;-4,244859945832175;72;Bajo (0-100 min);0
L;297,4;308,5;1477;40,7;42,89879066786189;-2,1987906678618856;74;Bajo (0-100 min);0
L;297,4;308,5;1761;27,2;29,14355662260496;-1,9435566226049623;76;Bajo (0-100 min);0
M;297,5;308,6;1486;45,9;42,460048312090116;3,4399516879098826;78;Bajo (0-100 min);0
L;297,6;308,6;1664;30,1;33,8487798207921;-3,7487798207921017;81;Bajo (0-100 min);0
L;297,6;308,6;1576;32,7;38,1089960240209;-5,408996024020894;83;Bajo (0-100 min);0
H;297,6;308,6;1463;46,7;43,57992796975545;3,1200720302445504;85;Bajo (0-100 min);0
M;297,6;308,6;1585;42,0;37,66787712034863;4,332122879651372;90;Bajo (0-100 min);0
L;297,7;308,7;1479;45,7;42,7991787852991;2,9008212147009047;93;Bajo (0-100 min);0
L;297,7;308,7;1449;40,2;44,25053446591453;-4,050534465914524;95;Bajo (0-100 min);0
H;297,7;308,8;1404;50,3;46,41715891341645;3,8828410865835465;97;Bajo (0-100 min);0
L;297,7;308,7;1694;29,1;32,38025895298787;-3,2802589529878716;102;Moderado (100-200 min);0
L;297,7;308,7;1731;28,4;30,586896443687866;-2,1868964436878677;104;Moderado (100-200 min);0
L;297,6;308,6;1522;37,0;40,706855108331276;-3,7068551083312755;106;Moderado (100-200 min);0
L;297,5;308,5;1536;36,9;40,027229349823294;-3,1272293498232955;108;Moderado (100-200 min);0
L;297,5;308,5;1373;39,9;47,919592780569374;-8,019592780569376;110;Moderado (100-200 min);0
L;297,5;308,5;1597;36,4;37,07007651732627;-0,6700765173262724;112;Moderado (100-200 min);0
L;297,6;308,5;1678;34,2;33,157136712146354;1,042863287853649;114;Moderado (100-200 min);0
L;297,6;308,5;1452;42,6;44,10050381400695;-1,5005038140069473;116;Moderado (100-200 min);0
M;297,5;308,5;1447;41,6;44,32986134118639;-2,7298613411863855;118;Moderado (100-200 min);0
L;297,6;308,5;1574;37,1;38,188452964600124;-1,0884529646001226;121;Moderado (100-200 min);0
L;297,6;308,6;1528;40,0;40,40350604180228;-0,4035060418022809;123;Moderado (100-200 min);0
L;297,7;308,7;1688;27,2;32,65354381168719;-5,453543811687194;125;Moderado (100-200 min);0
L;297,6;308,6;1393;40,4;46,93836463055042;-6,538364630550419;127;Moderado (100-200 min);0
M;297,5;308,6;1429;50,5;45,18214834002041;5,317851659979588;129;Moderado (100-200 min);0
M;297,5;308,6;1347;57,0;49,151041159852085;7,848958840147915;132;Moderado (100-200 min);0
L;297,6;308,6;1553;40,5;39,18377103694761;1,3162289630523887;135;Moderado (100-200 min);0
L;297,5;308,6;1260;53,6;53,36057391779342;0,23942608220658457;137;Moderado (100-200 min);0
L;297,5;308,6;1546;33,8;39,50848261313603;-5,7084826131360344;139;Moderado (100-200 min);0
L;297,5;308,6;1596;36,0;37,085547917733024;-1,0855479177330238;141;Moderado (100-200 min);0
L;297,5;308,5;1340;57,4;49,4929345892175;7,907065410782501;143;Moderado (100-200 min);0
M;297,5;308,4;1369;54,8;48,09816179613628;6,701838203863716;145;Moderado (100-200 min);0
L;297,5;308,5;1462;52,3;43,580883739810666;8,719116260189331;148;Moderado (100-200 min);0
H;297,4;308,4;1487;46,2;42,36854305460015;3,83145694539985;150;Moderado (100-200 min);0
M;297,5;308,6;1510;35,5;41,23988759921245;-5,739887599212452;155;Moderado (100-200 min);0
H;297,5;308,5;1671;28,0;33,451784080505085;-5,451784080505085;158;Moderado (100-200 min);0
M;297,5;308,5;1612;30,0;36,30531520683997;-6,305315206839971;163;Moderado (100-200 min);0
M;297,6;308,6;1509;39,7;41,29133098268975;-1,5913309826897475;166;Moderado (100-200 min);0
L;297,6;308,6;1415;47,3;45,84136735892419;1,458632641075809;169;Moderado (100-200 min);0
L;297,6;308,6;2384;14,4;-1,0874780309905958;15,487478030990596;171;Moderado (100-200 min);0
L;297,6;308,6;1326;62,4;50,14850898146173;12,251491018538267;173;Moderado (100-200 min);0
M;297,6;308,6;1390;53,4;47,04757347025549;6,3524265297445055;175;Moderado (100-200 min);0
M;297,6;308,7;1392;41,2;46,93730071665085;-5,73730071665085;178;Moderado (100-200 min);0
H;297,6;308,8;1385;44,4;47,26288563034828;-2,8628856303482806;181;Moderado (100-200 min);0
L;297,7;308,8;1896;24,5;22,523380238482037;1,9766197615179628;186;Moderado (100-200 min);0
L;297,7;308,7;1474;46,8;42,96991944020476;3,8300805597952348;188;Moderado (100-200 min);0
M;297,7;308,8;1388;45,6;47,12211770541613;-1,5221177054161288;190;Moderado (100-200 min);0
L;297,7;308,9;1715;27,2;31,272540299236603;-4,0725402992366035;193;Moderado (100-200 min);0
H;297,8;308,9;1650;32,2;34,43018043029032;-2,230180430290318;195;Moderado (100-200 min);0
L;297,8;308,9;1871;25,6;23,723695240560687;1,8763047594393143;200;Moderado (100-200 min);1
L;297,8;309,0;1403;64,2;46,527454300799974;17,67254569920003;0;Bajo (0-100 min);1
L;297,8;308,9;1518;40,4;40,967819353498946;-0,5678193534989475;2;Bajo (0-100 min);0
L;297,9;309,1;1504;43,0;41,63327801260699;1,3667219873930065;4;Bajo (0-100 min);0
L;297,8;309,0;1340;56,9;49,57394834074004;7,32605165925996;6;Bajo (0-100 min);0
H;297,9;309,1;1435;44,7;44,971847041139924;-0,271847041139921;8;Bajo (0-100 min);0
L;297,9;309,1;1507;36,9;41,48122767674462;-4,581227676744625;13;Bajo (0-100 min);0
L;297,9;309,1;1521;36,1;40,80172365054991;-4,7017236505499085;15;Bajo (0-100 min);0
M;297,8;309,0;1576;45,0;38,13652407433249;6,863475925667508;17;Bajo (0-100 min);0
L;297,9;309,1;1543;36,6;39,732535771166134;-3,1325357711661326;20;Bajo (0-100 min);0
L;298,0;309,2;1665;36,6;33,82286146965981;2,7771385303401885;22;Bajo (0-100 min);0
L;297,9;309,1;1442;50,3;44,62082095010644;5,6791790498935555;24;Bajo (0-100 min);0
L;297,9;309,0;1629;29,0;35,574324664388826;-6,574324664388826;26;Bajo (0-100 min);0
L;297,9;309,0;1379;47,3;47,67997887905495;-0,37997887905495276;28;Bajo (0-100 min);0
L;297,9;309,0;1502;40,2;41,72175421553512;-1,5217542155351182;30;Bajo (0-100 min);0
L;297,9;309,1;1595;32,0;37,205227764405244;-5,205227764405244;32;Bajo (0-100 min);0
M;298,0;309,0;1439;38,5;44,7810338767969;-6,281033876796897;34;Bajo (0-100 min);0
M;297,9;309,0;1970;21,6;19,051894279457084;2,5481057205429174;37;Bajo (0-100 min);0
L;297,9;309,0;1562;35,8;38,80852038156387;-3,0085203815638764;40;Bajo (0-100 min);0
M;297,9;309,0;1530;40,9;40,35673332157977;0,5432666784202311;42;Bajo (0-100 min);0
L;297,9;308,9;1393;40,6;47,00036145354107;-6,400361453541066;45;Bajo (0-100 min);0
L;297,9;309,0;1532;37,6;40,2561180362006;-2,6561180362005956;47;Bajo (0-100 min);0
L;298,0;308,9;1607;37,7;36,644910687839015;1,0550893121609874;49;Bajo (0-100 min);0
M;297,9;308,8;1469;49,0;43,32643664376606;5,673563356233942;51;Bajo (0-100 min);0
M;297,9;308,8;1538;37,6;39,98260637886293;-2,3826063788629313;54;Bajo (0-100 min);0
L;297,9;308,8;1613;31,4;36,348204335758425;-4,948204335758426;57;Bajo (0-100 min);0
M;297,9;308,8;1602;32,1;36,87941605206947;-4,779416052069472;59;Bajo (0-100 min);0
L;297,8;308,7;1404;44,2;46,465908184814616;-2,265908184814613;62;Bajo (0-100 min);0
L;297,8;308,8;1548;36,9;39,47952161897299;-2,57952161897299;64;Bajo (0-100 min);0
L;297,8;308,8;1559;35,2;38,945303481878966;-3,7453034818789632;66;Bajo (0-100 min);0
L;297,8;308,8;1621;36,1;35,941225230073194;0,15877476992680783;68;Bajo (0-100 min);0
L;297,8;308,8;1579;32,9;37,97372446709139;-5,073724467091388;70;Bajo (0-100 min);0
M;297,9;308,9;1547;44,0;39,52205913942055;4,4779408605794515;72;Bajo (0-100 min);0
L;297,9;308,8;1386;48,6;47,32797438418738;1,2720256158126233;75;Bajo (0-100 min);0
L;298,0;308,9;1406;40,9;46,35802031210456;-5,4580203121045585;77;Bajo (0-100 min);0
M;298,0;309,0;1393;55,9;46,97492860919911;8,925071390800888;79;Bajo (0-100 min);0
M;297,9;309,0;2456;13,9;-4,518241988663306;18,418241988663304;82;Bajo (0-100 min);0
M;298,0;309,0;1409;49,1;46,19556090282097;2,9044390971790293;85;Bajo (0-100 min);0
L;298,0;308,9;1390;53,9;47,124610730155084;6,775389269844915;88;Bajo (0-100 min);0
L;298,0;309,0;1679;32,4;33,11607285778004;-0,7160728577800413;90;Bajo (0-100 min);0
L;298,0;308,9;1508;37,1;41,40702600474493;-4,307026004744927;92;Bajo (0-100 min);0
L;297,9;308,8;1681;31,7;33,0272481239003;-1,3272481239003007;94;Bajo (0-100 min);0
H;297,7;308,8;1469;43,7;43,270049588097216;0,42995041190278727;96;Bajo (0-100 min);0
L;297,8;308,8;1421;49,6;45,6021481986598;3,997851801340204;101;Moderado (100-200 min);0
L;297,7;308,8;1354;50,2;48,834080767253525;1,365919232746478;103;Moderado (100-200 min);0
M;297,7;308,8;1350;57,0;49,02629207566296;7,973707924337042;105;Moderado (100-200 min);0
L;297,8;308,9;1282;58,1;52,317305812004676;5,782694187995325;108;Moderado (100-200 min);0
M;297,8;309,0;1675;30,0;33,272190450805674;-3,272190450805674;110;Moderado (100-200 min);0
M;297,9;309,0;1525;38,5;40,54551250118323;-2,0455125011832322;113;Moderado (100-200 min);0
L;297,9;309,0;1382;43,9;47,46855173272896;-3,568551732728963;116;Moderado (100-200 min);0
L;297,9;309,0;1450;46,8;44,17390170272181;2,6260982972781903;118;Moderado (100-200 min);0
L;298,0;309,1;1820;23,6;26,25392723555833;-2,653927235558328;120;Moderado (100-200 min);0
L;298,0;309,1;1822;23,5;26,155566765766388;-2,6555667657663875;122;Moderado (100-200 min);0
L;298,0;309,1;1473;44,3;43,05565532075533;1,2443446792446693;124;Moderado (100-200 min);0
M;298,1;309,1;1572;37,5;38,27100018097126;-0,7710001809712566;126;Moderado (100-200 min);0
M;298,1;309,0;2042;17,8;15,518450084892688;2,2815499151073126;129;Moderado (100-200 min);0
L;298,2;309,2;1922;22,6;21,31659188702942;1,28340811297058;132;Moderado (100-200 min);0
L;298,2;309,1;1539;36,5;39,87441453044315;-3,374414530443147;134;Moderado (100-200 min);0
L;298,2;309,1;1350;52,0;49,025922333395215;2,974077666604785;136;Moderado (100-200 min);0
L;298,3;309,1;1403;45,1;46,46898415982175;-1,3689841598217498;138;Moderado (100-200 min);0
L;298,3;309,1;1904;20,3;22,20473746961482;-1,904737469614819;140;Moderado (100-200 min);0
M;298,2;308,9;1592;35,2;37,32400567199892;-2,1240056719989155;142;Moderado (100-200 min);0
L;298,1;308,7;1556;31,6;39,07622047192368;-7,476220471923682;145;Moderado (100-200 min);0
M;298,1;308,8;1811;25,4;26,714256009356475;-1,3142560093564768;147;Moderado (100-200 min);0
M;298,2;308,8;1456;41,2;43,91544714828128;-2,715447148281278;150;Moderado (100-200 min);0
H;298,2;308,8;1436;51,9;44,881764926698665;7,018235073301334;153;Moderado (100-200 min);0
M;298,1;308,7;1362;49,6;48,46160376622374;1,1383962337762625;158;Moderado (100-200 min);0
L;298,1;308,7;1683;29,1;32,91375881686255;-3,8137588168625456;161;Moderado (100-200 min);0
M;298,2;308,7;1269;60,9;52,97299071329668;7,927009286703317;163;Moderado (100-200 min);0
L;298,3;308,8;1454;49,0;44,01156113548009;4,988438864519907;166;Moderado (100-200 min);0
L;298,3;308,8;1767;27,3;28,851896828916487;-1,5518968289164867;168;Moderado (100-200 min);0
L;298,3;308,9;1708;27,3;31,69652209222164;-4,396522092221641;170;Moderado (100-200 min);0
L;298,3;308,9;1862;27,0;24,237009907994672;2,762990092005328;172;Moderado (100-200 min);0
L;298,3;308,9;1695;30,7;32,32308785754167;-1,6230878575416732;174;Moderado (100-200 min);0
M;298,3;309,1;1488;40,6;42,32398963786397;-1,7239896378639656;176;Moderado (100-200 min);0
L;298,3;309,0;1657;32,2;34,14845708155475;-1,94845708155475;179;Moderado (100-200 min);0
H;298,3;309,0;1823;25,9;26,107801340925022;-0,20780134092502323;181;Moderado (100-200 min);0
M;298,2;309,1;1651;28,8;34,41132453383875;-5,611324533838751;186;Moderado (100-200 min);0
M;298,1;309,0;1533;36,1;40,12352629056546;-4,0235262905654565;189;Moderado (100-200 min);0
M;298,2;309,0;1508;40,5;41,34326962841422;-0,8432696284142196;192;Moderado (100-200 min);0
L;298,3;309,1;1616;31,1;36,11084453751537;-5,010844537515368;195;Moderado (100-200 min);0
L;298,2;309,0;1651;31,5;34,41421755530256;-2,9142175553025567;197;Moderado (100-200 min);0
L;298,2;309,1;1569;35,2;38,37270130171301;-3,172701301713005;199;Moderado (100-200 min);0
M;298,3;309,1;1296;58,7;51,60349641041466;7,096503589585346;201;Alto (>200 min);0
H;298,3;309,0;1379;43,2;47,74615346825664;-4,546153468256634;0;Bajo (0-100 min);0
M;298,2;309,0;1694;28,0;32,47609467577511;-4,4760946757751086;5;Bajo (0-100 min);0
L;298,2;309,0;1377;57,8;47,82571547516093;9,974284524839064;8;Bajo (0-100 min);0
H;298,3;309,0;1470;38,4;43,331632113578245;-4,931632113578246;10;Bajo (0-100 min);0
M;298,3;309,1;1404;47,0;46,513002969197785;0,4869970308022147;15;Bajo (0-100 min);0
L;298,3;309,1;1593;40,1;37,357737140267005;2,742262859732996;18;Bajo (0-100 min);0
M;298,3;309,0;1526;36,9;40,61211279840792;-3,7121127984079223;20;Bajo (0-100 min);0
M;298,3;308,9;1390;49,7;47,207312300668995;2,4926876993310074;23;Bajo (0-100 min);0
L;298,2;308,9;1737;25,5;30,38904056817158;-4,8890405681715805;26;Bajo (0-100 min);0
L;298,2;308,8;1362;57,3;48,55943417398346;8,740565826016535;28;Bajo (0-100 min);0
L;298,2;308,8;1666;31,5;33,83562753472192;-2,3356275347219224;30;Bajo (0-100 min);0
L;298,2;308,8;1354;60,9;48,94385679080234;11,956143209197656;32;Bajo (0-100 min);0
L;298,2;308,8;1302;60,4;51,460642324822835;8,939357675177163;34;Bajo (0-100 min);0
L;298,2;308,7;1991;20,5;18,10297392958954;2,3970260704104582;36;Bajo (0-100 min);0
L;298,2;308,6;1353;54,1;49,01009714656203;5,0899028534379696;38;Bajo (0-100 min);0
H;298,2;308,7;1520;35,7;40,909852097615115;-5,209852097615112;40;Bajo (0-100 min);0
L;298,2;308,7;1428;54,9;45,361528004057604;9,538471995942395;45;Bajo (0-100 min);0
L;298,2;308,7;1605;29,4;36,788157336725334;-7,388157336725335;47;Bajo (0-100 min);0
L;298,1;308,7;1691;30,3;32,610509561183804;-2,310509561183803;49;Bajo (0-100 min);0
L;298,2;308,7;1447;48,4;44,436874408578774;3,9631255914212247;51;Bajo (0-100 min);0
H;298,2;308,8;1606;39,9;36,72405839723369;3,175941602766308;53;Bajo (0-100 min);0
M;298,2;308,8;1645;28,2;34,83158381294599;-6,631583812945994;58;Bajo (0-100 min);0
H;298,2;308,8;1470;43,3;43,30433919489909;-0,004339194899095844;61;Bajo (0-100 min);0
L;298,2;308,9;1336;45,0;49,778856870134305;-4,778856870134305;66;Bajo (0-100 min);0
M;298,2;308,9;1414;44,3;45,999920543124844;-1,699920543124847;68;Bajo (0-100 min);0
M;298,3;309,0;1802;27,5;27,20747913616148;0,2925208638385186;71;Bajo (0-100 min);0
L;298,2;308,9;1683;31,7;32,968109522588406;-1,2681095225884071;74;Bajo (0-100 min);0
M;298,2;309,0;1410;47,6;46,176461541742874;1,423538458257127;76;Bajo (0-100 min);0
L;298,2;308,9;1605;32,0;36,74178461322767;-4,741784613227672;79;Bajo (0-100 min);0
L;298,2;308,9;1709;28,1;31,703703914012223;-3,603703914012222;81;Bajo (0-100 min);0
L;298,2;308,9;1444;53,1;44,5357875741818;8,564212425818198;83;Bajo (0-100 min);0
L;298,2;308,9;1367;45,0;48,263288850708065;-3,263288850708065;85;Bajo (0-100 min);0
L;298,2;309,0;1418;44,2;45,780764846987864;-1,5807648469878615;87;Bajo (0-100 min);0
L;298,2;309,0;1353;57,8;48,92712256711136;8,872877432888636;89;Bajo (0-100 min);0
L;298,2;309,0;1643;34,1;34,88131674365305;-0,7813167436530506;91;Bajo (0-100 min);0
L;298,3;309,1;1437;38,0;44,85623298382231;-6,856232983822309;93;Bajo (0-100 min);0
L;298,1;309,0;1437;36,2;44,84332563018733;-8,643325630187327;95;Bajo (0-100 min);0
M;298,2;309,0;1413;47,9;46,0153919435316;1,8846080564684016;97;Bajo (0-100 min);0
H;298,2;309,0;1524;39,1;40,637559231218795;-1,5375592312187933;100;Bajo (0-100 min);0
M;298,1;308,9;1479;43,4;42,81296780943719;0,5870321905628089;105;Moderado (100-200 min);0
L;298,1;308,9;1313;50,6;50,849865524088216;-0,24986552408821439;108;Moderado (100-200 min);0
M;298,1;308,9;1335;50,4;49,78293246029166;0,6170675397083372;110;Moderado (100-200 min);0
L;298,1;308,9;1367;41,9;48,23096149429706;-6,330961494297064;113;Moderado (100-200 min);0
M;298,1;308,9;1459;50,3;43,77402435148438;6,525975648515619;115;Moderado (100-200 min);0
M;298,1;308,9;1804;25,1;27,063892289317653;-1,963892289317652;118;Moderado (100-200 min);0
L;298,2;309,0;1491;38,3;42,21992030221582;-3,9199203022158216;121;Moderado (100-200 min);0
L;298,3;309,1;1537;43,0;39,990821857927;3,0091781420729973;123;Moderado (100-200 min);0
H;298,3;309,1;1646;30,2;34,7105980102104;-4,510598010210398;125;Moderado (100-200 min);0
M;298,3;309,2;1783;28,3;28,060957036683163;0,2390429633168374;130;Moderado (100-200 min);0
L;298,3;309,1;1395;49,8;46,860171223402304;2,939828776597693;133;Moderado (100-200 min);0
L;298,4;309,1;1423;48,0;45,51394879233459;2,4860512076654118;135;Moderado (100-200 min);0
L;298,3;309,2;1562;37,6;38,7584229640639;-1,1584229640638952;137;Moderado (100-200 min);0
L;298,4;309,3;1549;40,8;39,38661367208867;1,4133863279113257;139;Moderado (100-200 min);0
L;298,4;309,4;1540;43,2;39,80980745038231;3,3901925496176943;141;Moderado (100-200 min);0
H;298,5;309,4;1573;33,6;38,22144187081345;-4,621441870813449;143;Moderado (100-200 min);0
L;298,5;309,4;1418;45,1;45,724121448370454;-0,6241214483704525;148;Moderado (100-200 min);0
M;298,5;309,4;1565;33,7;38,603609672045096;-4,903609672045093;150;Moderado (100-200 min);0
L;298,5;309,5;1569;41,0;38,39647965903999;2,60352034096001;153;Moderado (100-200 min);0
H;298,5;309,4;1417;41,2;45,76728884170049;-4,567288841700488;155;Moderado (100-200 min);0
L;298,5;309,5;1480;38,1;42,701366465990304;-4,601366465990303;160;Moderado (100-200 min);0
L;298,5;309,4;1364;44,5;48,32874497944251;-3,8287449794425115;162;Moderado (100-200 min);0
L;298,5;309,4;1911;21,5;21,83678132302498;-0,33678132302497943;164;Moderado (100-200 min);0
L;298,4;309,3;1409;43,1;46,1463284898359;-3,0463284898359007;166;Moderado (100-200 min);0
L;298,4;309,2;1335;53,5;49,73970455587843;3,7602954441215672;168;Moderado (100-200 min);0
M;298,5;309,3;1512;38,1;41,16645562085942;-3,066455620859422;170;Moderado (100-200 min);0
L;298,6;309,4;1447;40,2;44,31218346810045;-4,112183468100447;173;Moderado (100-200 min);0
L;298,6;309,3;1537;37,6;39,963264263305184;-2,363264263305183;175;Moderado (100-200 min);0
M;298,6;309,3;1510;40,8;41,26933405481992;-0,4693340548199245;177;Moderado (100-200 min);0
L;298,6;309,3;1677;31,2;33,17949807929421;-1,9794980792942134;180;Moderado (100-200 min);0
L;298,5;309,2;1504;33,7;41,556026074729324;-7,856026074729321;182;Moderado (100-200 min);0
H;298,5;309,1;2051;19,0;15,075223096928745;3,9247769030712547;184;Moderado (100-200 min);0
L;298,5;309,1;1474;41,3;43,014784407983;-1,7147844079830037;189;Moderado (100-200 min);0
M;298,4;309,0;1507;36,1;41,41501468517064;-5,315014685170638;191;Moderado (100-200 min);0
L;298,4;308,9;1496;37,9;41,95663547490291;-4,056635474902912;194;Moderado (100-200 min);0
M;298,5;309,0;1921;22,0;21,37308637422676;0,6269136257732413;196;Moderado (100-200 min);0
L;298,5;309,0;1450;40,5;44,18071614744807;-3,6807161474480665;199;Moderado (100-200 min);0
L;298,4;308,9;1402;44,8;46,50366543035438;-1,7036654303543841;201;Alto (>200 min);0
L;298,4;308,9;1501;50,0;41,70772787964008;8,292272120359918;203;Alto (>200 min);0
L;298,5;308,9;1725;31,9;30,869494027327207;1,0305059726727919;205;Alto (>200 min);0
H;298,5;308,9;1500;40,3;41,764432499487576;-1,4644324994875788;207;Alto (>200 min);0
H;298,5;309,0;1531;30,8;40,24822627418476;-9,448226274184758;212;Alto (>200 min);0
L;298,5;309,0;1458;44,8;43,77975821632287;1,020241783677129;217;Alto (>200 min);0
H;298,4;308,9;1577;37,1;38,17972787715819;-1,0797278771581915;0;Bajo (0-100 min);0
M;298,3;308,9;1363;46,1;48,52841419609857;-2,428414196098572;5;Bajo (0-100 min);0
H;298,3;308,9;1706;31,8;31,915139393332307;-0,11513939333230638;8;Bajo (0-100 min);0
M;298,3;308,8;1391;50,4;47,17756040154314;3,222439598456859;13;Bajo (0-100 min);0
L;298,2;308,8;1616;33,7;36,26758149247384;-2,5675814924738347;16;Bajo (0-100 min);0
L;298,2;308,8;1442;47,0;44,69265984992245;2,3073401500775503;18;Bajo (0-100 min);0
M;298,2;308,8;1626;40,4;35,780288774688565;4,619711225311434;20;Bajo (0-100 min);0
M;298,2;308,7;1426;42,6;45,47492057776439;-2,874920577764385;23;Bajo (0-100 min);0
L;298,2;308,7;1436;49,1;44,98837946517486;4,111620534825143;26;Bajo (0-100 min);0
M;298,2;308,7;1599;36,2;37,09300961364581;-0,893009613645809;28;Bajo (0-100 min);0
L;298,2;308,7;2186;17,8;8,663149164023316;9,136850835976684;31;Bajo (0-100 min);0
L;298,3;308,8;1645;30,4;34,86165635376977;-4,461656353769769;33;Bajo (0-100 min);0
L;298,2;308,7;1780;27,9;28,322166401533906;-0,4221664015339073;35;Bajo (0-100 min);0
L;298,2;308,8;1345;44,3;49,375956432125705;-5,075956432125707;37;Bajo (0-100 min);0
M;298,2;308,8;1607;31,9;36,68615224027384;-4,786152240273843;39;Bajo (0-100 min);0
L;298,3;308,9;1708;28,0;31,79272755727662;-3,7927275572766206;42;Bajo (0-100 min);0
L;298,3;308,9;1270;52,7;53,00296415558607;-0,3029641555860678;44;Bajo (0-100 min);0
M;298,3;308,9;1646;25,4;34,792296177907936;-9,392296177907937;46;Bajo (0-100 min);0
L;298,2;308,7;1407;45,1;46,375522806979475;-1,275522806979474;49;Bajo (0-100 min);0
M;298,1;308,7;1581;47,4;37,93615561781767;9,46384438218233;51;Bajo (0-100 min);0
L;298,0;308,6;1532;42,6;40,30678192522846;2,293218074771545;54;Bajo (0-100 min);0
L;298,0;308,6;1610;33,1;36,527845598219;-3,427845598219001;56;Bajo (0-100 min);0
M;298,0;308,5;1682;33,0;33,050641728027884;-0,050641728027883914;58;Bajo (0-100 min);0
L;297,9;308,5;1519;34,3;40,93097114264799;-6,630971142647994;61;Bajo (0-100 min);0
L;297,9;308,5;1683;28,5;32,98717266141872;-4,487172661418718;63;Bajo (0-100 min);0
M;298,0;308,6;1254;55,8;53,76167332473936;2,0383266752606346;65;Bajo (0-100 min);0
L;298,0;308,5;1461;48,0;43,745852839821396;4,254147160178604;68;Bajo (0-100 min);0
L;297,9;308,5;1472;45,1;43,200352291797145;1,8996477082028562;70;Bajo (0-100 min);0
L;297,7;308,4;1510;38,6;41,34715700955341;-2,747157009553412;72;Bajo (0-100 min);0
M;297,7;308,3;1547;36,8;39,564955178870356;-2,764955178870359;74;Bajo (0-100 min);0
H;297,7;308,4;1418;51,9;45,7988329159959;6,101167084004096;77;Bajo (0-100 min);0
L;297,7;308,4;1289;51,3;52,04236812134692;-0,7423681213469209;82;Bajo (0-100 min);0
L;297,7;308,4;1487;41,4;42,45199623030981;-1,0519962303098112;84;Bajo (0-100 min);0
L;297,7;308,5;1453;45,5;44,0859057511092;1,4140942488907982;86;Bajo (0-100 min);0
M;297,8;308,5;1466;44,7;43,46611276554495;1,2338872344550538;88;Bajo (0-100 min);0
H;297,7;308,4;1288;49,5;52,08403230428547;-2,584032304285472;91;Bajo (0-100 min);0
H;297,7;308,4;1738;27,7;30,287390913203065;-2,587390913203066;96;Bajo (0-100 min);0
H;297,7;308,3;1488;41,0;42,40195099089892;-1,4019509908989178;101;Moderado (100-200 min);0
L;297,6;308,3;1816;28,8;26,502320012314403;2,297679987685598;106;Moderado (100-200 min);0
L;297,5;308,2;1419;48,5;45,72686106060113;2,7731389393988692;108;Moderado (100-200 min);0
L;297,4;308,1;1435;45,7;44,95037804269269;0,749621957307312;110;Moderado (100-200 min);0
M;297,5;308,1;1480;42,4;42,78086890672106;-0,3808689067210622;112;Moderado (100-200 min);0
L;297,5;308,2;1610;33,6;36,471731551486926;-2,871731551486924;115;Moderado (100-200 min);0
H;297,5;308,1;1548;38,2;39,483964061126684;-1,2839640611266816;117;Moderado (100-200 min);0
M;297,6;308,1;1379;57,4;47,675926865417146;9,724073134582852;122;Moderado (100-200 min);0
M;297,5;308,1;1907;23,5;22,092073157178017;1,4079268428219827;125;Moderado (100-200 min);0
M;297,5;308,0;2033;16,7;15,998971677978716;0,7010283220212834;128;Moderado (100-200 min);0
H;297,4;307,9;1390;52,0;47,13620402732639;4,863795972673607;131;Moderado (100-200 min);0
M;297,5;307,9;1544;37,9;39,685719438442426;-1,7857194384424275;136;Moderado (100-200 min);0
L;297,6;308,0;1258;57,4;53,534174449434374;3,8658255505656243;139;Moderado (100-200 min);0
M;297,5;308,0;1560;39,0;38,89594265864307;0,10405734135692768;141;Moderado (100-200 min);0
H;297,6;308,2;2071;18,5;14,135619119934404;4,364380880065596;144;Moderado (100-200 min);0
L;297,6;308,1;1437;46,3;44,846773002518745;1,4532269974812522;149;Moderado (100-200 min);0
H;297,7;308,2;1489;43,0;42,32710278002855;0,6728972199714534;151;Moderado (100-200 min);0
L;297,7;308,2;1334;53,0;49,82978235758556;3,1702176424144426;156;Moderado (100-200 min);0
L;297,7;308,2;1500;39,9;41,78912661695582;-1,8891266169558207;158;Moderado (100-200 min);0
L;297,8;308,3;1498;47,3;41,88460239827806;5,415397601721935;160;Moderado (100-200 min);0
M;297,7;308,2;1370;53,4;48,081842057202806;5,318157942797193;162;Moderado (100-200 min);0
H;297,7;308,2;1526;40,1;40,524721008379636;-0,42472100837963467;165;Moderado (100-200 min);0
L;297,8;308,3;1477;44,8;42,894087570025484;1,9059124299745136;170;Moderado (100-200 min);0
L;297,7;308,2;1446;43,9;44,39375014802788;-0,4937501480278783;172;Moderado (100-200 min);0
M;297,7;308,2;1720;25,6;31,122802399773253;-5,522802399773251;174;Moderado (100-200 min);0
L;297,7;308,1;1734;30,7;30,453707446999754;0,2462925530002451;177;Moderado (100-200 min);0
L;297,7;308,1;1697;29,1;32,244063535516794;-3,1440635355167927;179;Moderado (100-200 min);0
L;297,7;308,2;2007;19,3;17,218524439436916;2,081475560563085;181;Moderado (100-200 min);0
M;297,7;308,1;1469;48,8;43,28278468638637;5,517215313613626;183;Moderado (100-200 min);0
M;297,7;308,1;2189;15,6;8,411916486633228;7,188083513366772;186;Moderado (100-200 min);0
L;297,8;308,3;1435;50,1;44,913809518716064;5,186190481283937;189;Moderado (100-200 min);0
H;297,9;308,4;1637;34,5;35,1298448411913;-0,6298448411913;191;Moderado (100-200 min);0
L;298,0;308,5;1664;28,3;33,818635545619635;-5,5186355456196345;196;Moderado (100-200 min);0
M;298,0;308,5;1666;31,0;33,72027507582769;-2,7202750758276935;198;Moderado (100-200 min);0
L;298,0;308,5;1404;46,6;46,406321241700844;0,19367875829915704;201;Alto (>200 min);0
L;298,0;308,5;1702;26,7;31,973086380640687;-5,273086380640688;203;Alto (>200 min);0
L;298,1;308,6;1439;44,9;44,70843451372308;0,1915654862769216;205;Alto (>200 min);0
L;298,1;308,6;1354;53,9;48,82336482785118;5,076635172148819;207;Alto (>200 min);1
M;298,2;308,7;1361;44,2;48,64006842778143;-4,440068427781426;0;Bajo (0-100 min);0
M;298,1;308,5;1463;45,9;43,70913232907439;2,1908676709256056;3;Bajo (0-100 min);0
H;298,1;308,4;1515;43,8;41,19974944769214;2,6002505523078554;6;Bajo (0-100 min);0
L;298,0;308,4;1432;46,2;45,20428527590233;0,9957147240976738;11;Bajo (0-100 min);0
L;298,0;308,4;1911;22,0;22,00546843910047;-0,0054684391004684585;13;Bajo (0-100 min);0
L;298,0;308,4;1472;42,0;43,264133667110144;-1,2641336671101442;15;Bajo (0-100 min);0
M;298,1;308,5;1382;54,5;47,62132886205267;6,878671137947329;17;Bajo (0-100 min);0
L;298,1;308,5;1665;29,6;33,91377184130023;-4,31377184130023;20;Bajo (0-100 min);0
L;298,1;308,5;1676;30,5;33,37955370420621;-2,8795537042062094;22;Bajo (0-100 min);0
M;298,0;308,5;1585;33,0;37,773773385605466;-4,773773385605466;24;Bajo (0-100 min);0
M;298,1;308,6;1415;46,3;46,004507351370684;0,29549264862931324;27;Bajo (0-100 min);0
L;298,1;308,7;1341;55,7;49,574810454983556;6,125189545016447;30;Bajo (0-100 min);0
L;298,2;308,8;1540;34,8;39,936131666559476;-5,1361316665594785;32;Bajo (0-100 min);0
H;298,2;308,8;1837;28,4;25,55132543519955;2,8486745648004472;34;Bajo (0-100 min);0
L;298,2;308,8;1498;36,0;41,964872877598964;-5,964872877598964;39;Bajo (0-100 min);0
L;298,1;308,7;1671;28,8;33,58509499675435;-4,785094996754349;41;Bajo (0-100 min);0
L;298,0;308,6;1430;57,0;45,254769811805126;11,745230188194874;43;Bajo (0-100 min);0
L;298,0;308,7;1619;40,1;36,08909490945314;4,0109050905468635;45;Bajo (0-100 min);0
M;298,0;308,7;1430;51,9;45,240602712405206;6,659397287594793;47;Bajo (0-100 min);0
L;298,0;308,6;1626;33,3;35,757497154189764;-2,4574971541897668;50;Bajo (0-100 min);0
L;298,0;308,7;1443;49,3;44,607272500323496;4,692727499676501;52;Bajo (0-100 min);0
L;298,0;308,6;1481;42,5;42,776642039940214;-0,27664203994021364;54;Bajo (0-100 min);0
M;298,1;308,7;1527;43,0;40,547543595651405;2,4524564043485952;56;Bajo (0-100 min);0
M;298,1;308,7;1315;56,8;50,81215827651303;5,987841723486966;59;Bajo (0-100 min);0
M;298,1;308,8;1433;48,2;45,084164477681654;3,115835522318349;62;Bajo (0-100 min);0
M;298,1;308,8;1378;53,5;47,7454842956071;5,754515704392901;65;Bajo (0-100 min);0
L;298,1;308,8;1432;43,4;45,12808347620743;-1,7280834762074306;68;Bajo (0-100 min);0
M;298,1;308,8;1394;47,9;46,966868194424706;0,9331318055752931;70;Bajo (0-100 min);0
H;298,0;308,8;1411;53,8;46,13004426300333;7,66995573699667;73;Bajo (0-100 min);0
L;298,1;308,9;2136;15,9;11,015651436670826;4,8843485633291746;78;Bajo (0-100 min);0
M;298,2;309,0;1446;45,8;44,430024451751606;1,3699755482483909;80;Bajo (0-100 min);0
H;298,1;308,9;1388;53,5;47,23650842646448;6,263491573535518;83;Bajo (0-100 min);0
M;298,1;308,9;1323;51,7;50,38061133100076;1,3193886689992453;88;Bajo (0-100 min);0
L;298,2;309,0;1780;29,3;28,24659447472148;1,0534055252785208;91;Bajo (0-100 min);0
M;298,1;308,8;1434;41,8;45,01243608691342;-3,2124360869134208;93;Bajo (0-100 min);0
M;298,0;308,7;1494;42,6;42,1043417569991;0,49565824300090355;96;Bajo (0-100 min);0
H;298,0;308,7;1536;39,6;40,06808449400219;-0,4680844940021913;99;Bajo (0-100 min);0
M;298,0;308,7;1392;53,4;47,038049144856664;6,361950855143334;104;Moderado (100-200 min);0
H;298,2;309,0;1360;56,8;48,57459326568639;8,225406734313609;107;Moderado (100-200 min);0
L;298,4;309,2;1583;35,4;37,77149428118283;-2,3714942811828337;112;Moderado (100-200 min);0
L;298,5;309,2;1983;20,2;18,4098216016294;1,7901783983705997;114;Moderado (100-200 min);0
L;298,5;309,3;1630;33,3;35,4924639968023;-2,192463996802303;116;Moderado (100-200 min);0
M;298,5;309,3;1692;26,7;32,488385744996535;-5,7883857449965355;118;Moderado (100-200 min);0
L;298,4;309,1;1417;40,6;45,81504304327636;-5,21504304327636;121;Moderado (100-200 min);0
L;298,4;309,1;1579;36,1;37,96810182144755;-1,8681018214475458;123;Moderado (100-200 min);0
M;298,4;309,2;1399;45,2;46,67259127848059;-1,4725912784805857;125;Moderado (100-200 min);0
M;298,4;309,2;1414;46,4;45,943907017389904;0,45609298261009457;128;Moderado (100-200 min);0
L;298,5;309,3;1570;40,1;38,386907700879995;1,7130922991200066;131;Moderado (100-200 min);0
M;298,5;309,3;1552;36,8;39,25711982509266;-2,4571198250926614;133;Moderado (100-200 min);0
L;298,6;309,4;1440;48,2;44,67899326824452;3,5210067317554845;136;Moderado (100-200 min);0
M;298,6;309,4;1460;43,8;43,70891746384843;0,0910825361515677;138;Moderado (100-200 min);0
L;298,6;309,4;1471;48,0;43,17394772155867;4,826052278441331;141;Moderado (100-200 min);0
L;298,6;309,3;1702;27,6;31,996591729030904;-4,396591729030902;143;Moderado (100-200 min);0
L;298,6;309,4;1375;55,4;47,82008975199782;7,579910248002179;145;Moderado (100-200 min);0
L;298,6;309,4;1698;33,2;32,17613914843191;1,0238608515680951;147;Moderado (100-200 min);0
H;298,6;309,4;1439;47,1;44,717651030400106;2,382348969599896;149;Moderado (100-200 min);0
M;298,6;309,4;1774;27,5;28,4903020548442;-0,9903020548442001;154;Moderado (100-200 min);0
M;298,7;309,4;1375;48,3;47,82235290057914;0,4776470994208566;157;Moderado (100-200 min);0
L;298,7;309,5;1446;40,0;44,37050469765859;-4,370504697658589;160;Moderado (100-200 min);0
M;298,7;309,6;1455;46,8;43,92198314134807;2,8780168586519252;162;Moderado (100-200 min);0
L;298,8;309,6;1523;41,9;40,63786391707541;1,2621360829245916;165;Moderado (100-200 min);0
M;298,8;309,6;1692;31,9;32,45192228734498;-0,5519222873449792;167;Moderado (100-200 min);0
M;298,8;309,6;1693;33,3;32,40123884205752;0,8987611579424737;170;Moderado (100-200 min);0
L;298,8;309,6;1890;24,0;22,8585439755249;1,1414560244751009;173;Moderado (100-200 min);0
H;298,9;309,6;1600;33,5;36,912625789130466;-3,412625789130466;175;Moderado (100-200 min);0
M;298,9;309,6;1434;43,8;44,94802029339001;-1,1480202933900117;180;Moderado (100-200 min);0
L;298,9;309,6;1365;50,9;48,287340927118684;2,612659072881314;183;Moderado (100-200 min);0
H;298,8;309,6;1309;57,4;50,98655856900988;6,413441430990119;185;Moderado (100-200 min);0
H;298,9;309,6;1546;35,3;39,51649771500678;-4,216497715006781;190;Moderado (100-200 min);0
L;298,9;309,6;1663;33,7;33,84659001410111;-0,1465900141011076;195;Moderado (100-200 min);0
L;298,9;309,6;1589;34,2;37,428805401526674;-3,228805401526671;197;Moderado (100-200 min);0
M;298,9;309,6;1472;46,0;43,09345186606215;2,9065481339378465;199;Moderado (100-200 min);0
L;298,9;309,6;1583;39,8;37,71561915374935;2,084380846250646;202;Alto (>200 min);0
M;298,9;309,6;1567;34,5;38,48897401856155;-3,9889740185615494;204;Alto (>200 min);0
L;298,9;309,7;1407;41,9;46,22413927639424;-4,3241392763942414;207;Alto (>200 min);0
M;299,0;309,7;1418;44,7;45,70120355023045;-1,00120355023045;209;Alto (>200 min);0
M;299,0;309,7;1489;40,7;42,26051602592687;-1,5605160259268658;212;Alto (>200 min);0
L;299,1;309,9;1586;36,6;37,549645183113604;-0,9496451831136028;215;Alto (>200 min);0
L;299,1;309,8;1398;55,4;46,66388503498239;8,736114965017606;217;Alto (>200 min);1
L;299,2;309,9;1516;41,4;40,94792525227699;0,45207474772301026;219;Alto (>200 min);0
H;299,3;310,0;1373;44,8;47,871837821331724;-3,0718378213317266;221;Alto (>200 min);0
M;299,2;310,0;1349;50,4;49,01908449722832;1,3809155027716784;226;Alto (>200 min);0
H;299,1;309,9;1443;40,3;44,636534347331086;-4,336534347331089;0;Bajo (0-100 min);0
H;299,2;310,1;1542;36,1;39,827303034725865;-3,727303034725864;5;Bajo (0-100 min);0
L;299,2;310,1;1534;37,7;40,210974046348994;-2,5109740463489914;10;Bajo (0-100 min);0
L;299,2;310,2;1697;30,6;32,304443516202994;-1,7044435162029927;12;Bajo (0-100 min);0
L;299,3;310,3;1396;47,4;46,88007957789414;0,5199204221058551;14;Bajo (0-100 min);0
L;299,3;310,2;1495;49,2;42,095302705796804;7,1046972942031985;16;Bajo (0-100 min);0
M;299,2;310,3;1551;44,8;39,359353142645226;5,440646857354771;18;Bajo (0-100 min);0
L;299,2;310,3;1440;47,0;44,73267622378358;2,267323776216422;21;Bajo (0-100 min);0
L;299,2;310,3;1429;40,1;45,263887940094634;-5,163887940094632;23;Bajo (0-100 min);0
H;299,3;310,4;1548;41,6;39,499499527689004;2,1005004723109977;25;Bajo (0-100 min);0
L;299,3;310,5;1505;38,8;41,56701190020324;-2,7670119002032436;30;Bajo (0-100 min);0
L;299,2;310,4;1611;36,4;36,43195220927406;-0,03195220927405984;32;Bajo (0-100 min);0
M;299,2;310,4;1502;39,8;41,70916963620769;-1,909169636207693;34;Bajo (0-100 min);0
M;299,2;310,4;1504;43,3;41,61005756122;1,689942438779994;37;Bajo (0-100 min);0
L;299,1;310,3;1449;40,7;44,27125564683219;-3,571255646832185;40;Bajo (0-100 min);0
L;299,0;310,2;1575;37,8;38,1676233618984;-0,36762336189840283;42;Bajo (0-100 min);0
M;299,0;310,2;1598;33,4;37,05226166840161;-3,6522616684016143;44;Bajo (0-100 min);0
L;299,0;310,1;1416;45,9;45,87517813687328;0,024821863126717858;47;Bajo (0-100 min);0
L;299,0;310,2;1682;28,8;32,98049874760355;-4,180498747603547;49;Bajo (0-100 min);0
L;298,9;310,1;1341;54,5;49,493036532677365;5,006963467322635;51;Bajo (0-100 min);0
L;298,9;310,1;1523;39,1;40,677522716843946;-1,5775227168439443;53;Bajo (0-100 min);0
L;299,0;310,1;1580;41,9;37,92687002446955;3,9731299755304477;55;Bajo (0-100 min);0
L;299,0;310,1;1531;36,0;40,29836966938936;-4,298369669389359;57;Bajo (0-100 min);0
L;299,0;310,1;1375;48,9;47,851732692233824;1,0482673077661744;59;Bajo (0-100 min);0
M;298,9;310,1;1484;40,4;42,560226433587;-2,160226433586999;61;Bajo (0-100 min);0
M;299,0;310,2;1657;32,3;34,17994041217318;-1,879940412173184;64;Bajo (0-100 min);0
L;299,0;310,2;1494;40,6;42,071552237723516;-1,4715522377235146;67;Bajo (0-100 min);0
H;299,0;310,3;1658;27,6;34,116593077877276;-6,516593077877275;69;Bajo (0-100 min);0
L;299,1;310,3;1411;42,1;46,085988998785716;-3,9859889987857144;74;Bajo (0-100 min);0
M;299,2;310,4;1395;55,4;46,85946559591119;8,54053440408881;76;Bajo (0-100 min);0
L;299,1;310,4;1550;43,9;39,33949076585802;4,560509234141982;79;Bajo (0-100 min);0
M;299,1;310,3;1233;59,0;54,70102384905654;4,29897615094346;81;Bajo (0-100 min);0
L;299,1;310,3;1459;46,7;43,75389872121723;2,94610127878277;84;Bajo (0-100 min);0
H;299,1;310,4;1405;53,6;46,35638083602124;7,243619163978764;86;Bajo (0-100 min);0
L;299,2;310,5;1458;44,1;43,78602716824358;0,31397283175642343;91;Bajo (0-100 min);0
L;299,2;310,5;1384;48,7;47,36824255566915;1,3317574443308544;93;Bajo (0-100 min);0
L;299,2;310,5;1705;29,5;31,82114921150369;-2,321149211503691;95;Bajo (0-100 min);0
L;299,3;310,6;1443;45,7;44,50806871488585;1,1919312851141513;97;Bajo (0-100 min);0
M;299,3;310,6;1609;31,4;36,46741297425611;-5,067412974256115;99;Bajo (0-100 min);0
L;299,3;310,5;1818;26,0;26,35473522993769;-0,35473522993768825;102;Moderado (100-200 min);0
M;299,3;310,6;1457;42,1;43,82480666271243;-1,7248066627124317;104;Moderado (100-200 min);0
L;299,3;310,6;1480;45,1;42,70869336401991;2,3913066359800936;107;Moderado (100-200 min);0
L;299,4;310,8;1424;47,7;45,40815447053763;2,291845529462371;109;Moderado (100-200 min);0
M;299,4;310,8;1628;40,2;35,52721080129914;4,672789198700862;111;Moderado (100-200 min);0
M;299,5;310,8;1754;31,3;29,43423105441311;1,8657689455868898;114;Moderado (100-200 min);0
L;299,6;310,9;1716;28,5;31,272385899747913;-2,7723858997479134;117;Moderado (100-200 min);0
M;299,5;310,9;1378;48,7;47,62847711710409;1,0715228828959127;119;Moderado (100-200 min);0
L;299,6;311,0;1708;31,0;31,644896232754085;-0,6448962327540855;122;Moderado (100-200 min);0
L;299,6;311,0;1430;38,3;45,10655207902666;-6,806552079026666;124;Moderado (100-200 min);0
M;299,7;311,2;1560;43,9;38,798288061301534;5,101711938698465;126;Moderado (100-200 min);0
L;299,6;311,1;1679;30,7;33,032904579073616;-2,3329045790736167;129;Moderado (100-200 min);0
L;299,6;311,1;1521;37,2;40,68312486131854;-3,4831248613185366;131;Moderado (100-200 min);0
M;299,6;311,1;1649;33,8;34,48275704929756;-0,6827570492975639;133;Moderado (100-200 min);0
M;299,5;311,0;1451;43,3;44,06924918204269;-0,7692491820426923;136;Moderado (100-200 min);0
L;299,4;310,8;1391;48,9;46,98375109477298;1,9162489052270217;139;Moderado (100-200 min);0
M;299,3;310,8;1523;40,9;40,57838635302085;0,3216136469791451;141;Moderado (100-200 min);0
L;299,3;310,7;1495;39,2;41,94329384765704;-2,7432938476570357;144;Moderado (100-200 min);0
M;299,3;310,7;1440;45,5;44,60536527077823;0,8946347292217709;146;Moderado (100-200 min);0
H;299,4;310,8;1585;31,4;37,58108088097085;-6,181080880970853;149;Moderado (100-200 min);0
L;299,5;310,8;1374;48,3;47,80704613267099;0,4929538673290068;154;Moderado (100-200 min);0
M;299,5;310,8;1507;40,2;41,36453517214886;-1,1645351721488595;156;Moderado (100-200 min);0
M;299,5;310,9;1577;34,6;37,96111559892855;-3,3611155989285493;159;Moderado (100-200 min);0
L;299,5;310,9;1496;38,5;41,88157978905999;-3,381579789059991;162;Moderado (100-200 min);0
L;299,6;310,9;1487;42,5;42,32721665690081;0,17278334309919074;164;Moderado (100-200 min);0
L;299,6;310,9;1853;26,3;24,600834976224984;1,6991650237750164;166;Moderado (100-200 min);0
M;299,7;311,0;1435;50,1;44,842620712843086;5,257379287156915;168;Moderado (100-200 min);0
M;299,8;311,1;1763;25,5;28,955897087893547;-3,455897087893547;171;Moderado (100-200 min);0
L;299,8;311,1;1820;24,9;26,193210379393186;-1,2932103793931873;174;Moderado (100-200 min);0
M;299,8;311,1;1498;38,1;41,785725932475906;-3,685725932475904;176;Moderado (100-200 min);0
L;299,8;311,1;1603;35,1;36,69846499836448;-1,5984649983644772;179;Moderado (100-200 min);0
L;299,8;311,1;1412;42,5;45,94683006071701;-3,446830060717012;181;Moderado (100-200 min);0
L;299,8;311,1;1588;38,0;37,42188802308497;0,5781119769150322;183;Moderado (100-200 min);0
M;299,8;311,0;1948;20,0;19,997238799227492;0,0027612007725075216;185;Moderado (100-200 min);0
L;299,7;310,9;1384;48,2;47,30860940225696;0,8913905977430403;188;Moderado (100-200 min);0
L;299,7;310,8;1589;36,0;37,39039778193519;-1,3903977819351923;190;Moderado (100-200 min);0
M;299,7;310,8;1405;47,6;46,29976243638611;1,3002375636138908;192;Moderado (100-200 min);0
L;299,7;310,9;1491;40,1;42,12148478796211;-2,021484787962109;195;Moderado (100-200 min);0
H;299,7;310,8;1418;46,6;45,6664322243044;0,9335677756956002;197;Moderado (100-200 min);0
M;299,6;310,8;1603;35,4;36,69209529285284;-1,2920952928528422;202;Alto (>200 min);0
L;299,6;310,7;1922;23,3;21,252268281509064;2,0477317184909367;205;Alto (>200 min);1
M;299,5;310,7;1364;49,5;48,41824030843453;1,0817596915654732;0;Bajo (0-100 min);0
L;299,4;310,7;1551;41,2;39,348549327973984;1,8514506720260187;3;Bajo (0-100 min);0
L;299,5;310,7;1589;33,5;37,51804059990397;-4,018040599903969;5;Bajo (0-100 min);0
M;299,5;310,7;1423;56,5;45,55568991975074;10,94431008024926;7;Bajo (0-100 min);0
L;299,4;310,6;1418;53,1;45,79545652035139;7,304543479648615;10;Bajo (0-100 min);0
M;299,3;310,5;1404;47,5;46,47183239344987;1,0281676065501273;12;Bajo (0-100 min);0
L;299,3;310,5;1281;59,8;52,42629903099099;7,373700969009008;15;Bajo (0-100 min);0
L;299,3;310,5;1529;41,3;40,41449565494236;0,8855043450576403;17;Bajo (0-100 min);0
M;299,3;310,5;1563;42,1;38,76641903474304;3,3335809652569637;19;Bajo (0-100 min);0
L;299,4;310,6;1348;54,5;49,176441337018616;5,323558662981384;22;Bajo (0-100 min);0
M;299,3;310,5;1462;40,5;43,6539526084876;-3,1539526084876;24;Bajo (0-100 min);0
H;299,3;310,4;1510;45,5;41,33828424590627;4,161715754093727;27;Bajo (0-100 min);0
L;299,2;310,4;1472;43,3;43,16353173760609;0,13646826239390464;32;Bajo (0-100 min);0
M;299,2;310,4;1325;52,0;50,281037093148484;1,718962906851516;34;Bajo (0-100 min);0
L;299,2;310,4;1570;37,3;38,4137680010048;-1,1137680010048001;37;Bajo (0-100 min);0
L;299,2;310,4;1379;46,8;47,66213306335733;-0,8621330633573336;39;Bajo (0-100 min);0
L;299,1;310,2;1352;52,8;48,97924180117576;3,8207581988242367;41;Bajo (0-100 min);0
L;299,1;310,3;1727;28,7;30,805841774580898;-2,105841774580899;43;Bajo (0-100 min);0
H;299,0;310,1;1432;50,0;45,10182327206108;4,8981767279389175;45;Bajo (0-100 min);0
L;298,9;310,1;1466;43,4;43,44020942534431;-0,04020942534430816;50;Bajo (0-100 min);0
L;298,9;310,1;1510;38,0;41,30784650814268;-3,3078465081426813;52;Bajo (0-100 min);0
L;299,0;310,2;1490;41,1;42,27503762406908;-1,175037624069077;54;Bajo (0-100 min);0
L;299,0;310,1;1463;37,4;43,592268094200776;-6,192268094200777;56;Bajo (0-100 min);0
M;298,9;310,0;1561;45,3;38,844637440873434;6,455362559126563;58;Bajo (0-100 min);0
L;298,9;310,1;2109;18,0;12,292332870942975;5,707667129057025;61;Bajo (0-100 min);0
L;298,9;310,2;1705;32,5;31,84483538082763;0,6551646191723712;63;Bajo (0-100 min);0
M;298,9;310,1;1549;40,2;39,40935908228905;0,7906409177109524;65;Bajo (0-100 min);0
H;299,0;310,2;1637;38,0;35,14550658539482;2,85449341460518;68;Bajo (0-100 min);0
M;298,9;310,1;1484;37,9;42,55120717123809;-4,651207171238092;73;Bajo (0-100 min);0
L;298,9;310,1;1401;44,4;46,56852862076999;-2,1685286207699903;76;Bajo (0-100 min);0
L;298,9;310,1;1571;36,8;38,334158361339334;-1,5341583613393368;78;Bajo (0-100 min);0
M;298,9;310,1;1513;41,5;41,141515673561216;0,35848432643878425;80;Bajo (0-100 min);0
L;299,0;310,1;1470;40,3;43,232974346014124;-2,9329743460141273;83;Bajo (0-100 min);0
L;299,0;310,1;1505;41,3;41,53646909611458;-0,23646909611458256;85;Bajo (0-100 min);0
L;299,0;310,2;1432;42,2;45,059095175222964;-2,8590951752229614;87;Bajo (0-100 min);0
M;299,0;310,2;1625;31,8;35,710866432687;-3,9108664326869977;89;Bajo (0-100 min);0
L;299,0;310,2;1377;62,5;47,718911782756926;14,781088217243074;92;Bajo (0-100 min);1
M;299,1;310,3;1441;43,9;44,61809800386396;-0,7180980038639646;94;Bajo (0-100 min);0
M;299,0;310,2;1564;39,9;38,65900000283512;1,2409999971648773;97;Bajo (0-100 min);0
L;298,9;310,1;1580;37,3;37,881765379730936;-0,581765379730939;100;Bajo (0-100 min);0
L;299,0;310,2;1516;35,3;40,979816202467475;-5,679816202467478;102;Moderado (100-200 min);0
L;299,0;310,1;1447;42,8;44,33104912000884;-1,531049120008845;104;Moderado (100-200 min);0
M;298,9;310,0;1323;52,9;50,33457426013267;2,5654257398673295;106;Moderado (100-200 min);0
L;298,9;310,0;1470;45,9;43,213310878611566;2,686689121388433;109;Moderado (100-200 min);0
M;299,0;310,0;2049;19,5;15,182913482716888;4,317086517283112;111;Moderado (100-200 min);0
L;298,9;310,0;1794;27,2;27,518676829758192;-0,3186768297581928;114;Moderado (100-200 min);0
L;298,9;310,1;1356;47,8;48,71775274945068;-0,9177527494506847;116;Moderado (100-200 min);0
H;299,0;310,1;1555;38,6;39,09023463964357;-0,4902346396435675;118;Moderado (100-200 min);0
M;299,0;310,1;1487;47,5;42,37962343328053;5,120376566719472;123;Moderado (100-200 min);0
M;299,0;310,0;1341;58,9;49,45910923254391;9,44089076745609;126;Moderado (100-200 min);0
M;298,9;310,0;1487;36,6;42,37499206979281;-5,774992069792809;129;Moderado (100-200 min);0
H;299,0;310,0;1569;34,3;38,412872029716915;-4,112872029716918;132;Moderado (100-200 min);0
H;299,0;310,1;2053;19,7;14,95849655020971;4,74150344979029;137;Moderado (100-200 min);0
L;299,0;310,1;1583;35,8;37,71619448333931;-1,9161944833393108;142;Moderado (100-200 min);0
L;299,0;310,0;1672;33,2;33,415703908244275;-0,2157039082442722;144;Moderado (100-200 min);0
M;299,0;310,0;1337;57,4;49,63779164742999;7,762208352570006;146;Moderado (100-200 min);0
H;299,1;310,1;1421;41,2;45,56765366933668;-4,367653669336676;149;Moderado (100-200 min);0
L;299,1;310,2;1425;52,7;45,35902044594009;7,340979554059913;154;Moderado (100-200 min);0
L;299,2;310,2;1609;33,2;36,457931781636425;-3,2579317816364224;156;Moderado (100-200 min);0
L;299,2;310,3;1507;41,3;41,38498812205149;-0,08498812205149164;158;Moderado (100-200 min);0
L;299,2;310,3;1463;38,9;43,51434461847014;-4,614344618470142;160;Moderado (100-200 min);0
H;299,3;310,4;1393;44,9;46,90296721940806;-2,002967219408063;162;Moderado (100-200 min);0
L;299,3;310,4;1725;26,8;30,820904132952847;-4,020904132952847;167;Moderado (100-200 min);0
L;299,4;310,5;1514;36,1;41,03796352162325;-4,937963521623246;169;Moderado (100-200 min);0
L;299,3;310,4;1365;53,9;48,252204404252836;5,647795595747162;171;Moderado (100-200 min);0
L;299,4;310,5;1372;46,3;47,911822518273006;-1,6118225182730086;173;Moderado (100-200 min);0
L;299,4;310,4;1509;40,6;41,286757717566914;-0,6867577175669126;175;Moderado (100-200 min);0
L;299,3;310,4;1629;32,6;35,46253653221755;-2,862536532217547;177;Moderado (100-200 min);0
L;299,4;310,5;1749;28,1;29,649719490111675;-1,5497194901116735;179;Moderado (100-200 min);0
L;299,4;310,4;1582;31,7;37,746958118275636;-6,0469581182756365;181;Moderado (100-200 min);0
L;299,2;310,2;1458;47,0;43,75036152608619;3,249638473913812;183;Moderado (100-200 min);0
L;299,1;310,1;1416;41,2;45,78273903079111;-4,58273903079111;185;Moderado (100-200 min);0
H;299,1;310,0;1657;33,1;34,121096741261056;-1,0210967412610543;187;Moderado (100-200 min);0
M;299,1;310,0;1437;41,1;44,77163724933304;-3,6716372493330383;192;Moderado (100-200 min);0
M;299,1;310,0;1580;36,0;37,84408838661287;-1,8440883866128672;195;Moderado (100-200 min);0
M;299,0;310,0;1488;46,3;42,28598509251661;4,014014907483386;198;Moderado (100-200 min);0
L;299,0;309,9;1373;55,7;47,86418337107284;7,835816628927162;201;Alto (>200 min);1
L;299,1;310,0;1367;56,3;48,15337367119601;8,14662632880399;203;Alto (>200 min);1
H;299,1;310,0;1431;49,5;45,05243815998978;4,4475618400102235;205;Alto (>200 min);0
L;299,0;310,1;1623;33,0;35,727940142019634;-2,7279401420196336;210;Alto (>200 min);0
L;299,0;310,0;1484;39,6;42,469177138577145;-2,869177138577143;212;Alto (>200 min);0
L;299,0;309,9;1548;34,5;39,379402305987874;-4,879402305987874;214;Alto (>200 min);0
L;298,9;309,8;1287;61,9;52,017649715043255;9,882350284956743;216;Alto (>200 min);1
M;298,9;309,8;1392;43,1;46,93114038612757;-3,831140386127572;218;Alto (>200 min);0
H;299,0;310,0;1458;44,9;43,721557064021454;1,1784429359785449;221;Alto (>200 min);0
M;299,1;310,1;1570;30,9;38,2939142439302;-7,393914243930205;226;Alto (>200 min);0
L;299,1;310,1;1435;48,8;44,82952443787409;3,9704755621259054;229;Alto (>200 min);1
L;299,1;310,2;1317;54,8;50,531438853492844;4,268561146507153;231;Alto (>200 min);1
L;299,2;310,3;1610;33,3;36,340468873247104;-3,0404688732471072;233;Alto (>200 min);0
M;299,1;310,3;1838;24,0;25,285955680272856;-1,2859556802728562;235;Alto (>200 min);0
L;299,2;310,3;1352;48,9;48,83129730992785;0,06870269007215057;238;Alto (>200 min);1
L;299,1;310,3;1619;35,2;35,88806755864461;-0,6880675586446046;240;Alto (>200 min);0
L;299,1;310,3;1619;31,1;35,88656434825313;-4,78656434825313;242;Alto (>200 min);0
L;299,0;310,2;1690;30,7;32,44650669683202;-1,746506696832018;244;Alto (>200 min);0
L;299,0;310,2;1412;44,1;45,908162543104595;-1,8081625431045936;246;Alto (>200 min);0
H;299,0;310,2;1744;31,5;30,01475236078062;1,4852476392193807;0;Bajo (0-100 min);0
M;299,0;310,1;1593;35,4;37,33487809815366;-1,9348780981536606;5;Bajo (0-100 min);0
L;299,1;310,2;1695;29,6;32,393024785456205;-2,793024785456204;8;Bajo (0-100 min);0
M;299,0;310,2;1298;57,2;51,60640515512597;5,593594844874033;10;Bajo (0-100 min);0
L;299,0;310,1;1886;21,2;23,139276754420205;-1,9392767544202059;13;Bajo (0-100 min);0
L;299,0;310,1;2033;19,3;16,018764978094843;3,2812350219051574;15;Bajo (0-100 min);0
M;299,1;310,2;1711;28,1;31,611402263490838;-3,5114022634908366;17;Bajo (0-100 min);0
L;299,1;310,2;1598;33,4;37,08158260402965;-3,68158260402965;20;Bajo (0-100 min);0
L;299,1;310,1;1894;24,2;22,756365680986914;1,4436343190130856;22;Bajo (0-100 min);0
M;299,1;310,1;1412;44,4;46,0974619861065;-1,6974619861065037;24;Bajo (0-100 min);0
L;299,1;310,0;1394;46,6;46,97808318374038;-0,3780831837403795;27;Bajo (0-100 min);0
M;299,0;310,0;1338;56,4;49,677300825631576;6,722699174368422;29;Bajo (0-100 min);0
H;298,9;309,9;1376;51,0;47,83463634912232;3,16536365087768;32;Bajo (0-100 min);0
L;299,0;310,0;1360;48,1;48,605858130660565;-0,5058581306605632;37;Bajo (0-100 min);0
L;299,1;310,1;1486;40,7;42,50246931035332;-1,8024693103533167;39;Bajo (0-100 min);0
M;299,1;310,1;1649;31,6;34,60709945882427;-3,007099458824271;41;Bajo (0-100 min);0
L;299,1;310,1;1367;45,6;48,26171821870203;-2,6617182187020276;44;Bajo (0-100 min);0
L;299,0;310,1;1362;59,5;48,49107574588147;11,008924254118533;46;Bajo (0-100 min);0
M;298,9;310,0;1520;35,6;40,8377273105403;-5,237727310540301;48;Bajo (0-100 min);0
L;299,0;310,0;1582;31,9;37,84417986446902;-5,944179864469021;51;Bajo (0-100 min);0
M;299,0;310,0;1667;30,0;33,72624312955795;-3,7262431295579503;53;Bajo (0-100 min);0
L;298,9;310,0;1693;28,8;32,453561530834506;-3,653561530834505;56;Bajo (0-100 min);0
L;298,9;310,0;1559;33,4;38,9414947002739;-5,541494700273901;58;Bajo (0-100 min);0
L;298,9;309,9;1592;32,0;37,353007388391774;-5,353007388391774;60;Bajo (0-100 min);0
L;298,9;309,9;1404;39,8;46,45608656164361;-6,656086561643612;62;Bajo (0-100 min);0
M;298,8;309,8;1413;45,5;46,018603951636784;-0,5186039516367842;64;Bajo (0-100 min);0
L;298,8;309,8;1663;28,2;33,90919171099195;-5,7091917109919486;67;Bajo (0-100 min);0
L;298,8;309,8;1508;36,3;41,41412610413618;-5,114126104136183;69;Bajo (0-100 min);0
M;298,9;309,8;1353;53,7;48,93034290821064;4,769657091789362;71;Bajo (0-100 min);0
L;298,8;309,8;1485;42,4;42,52422656126277;-0,12422656126277332;74;Bajo (0-100 min);0
L;298,9;310,0;1633;31,2;35,34424720893349;-4,144247208933489;76;Bajo (0-100 min);0
L;298,9;310,0;1422;43,6;45,56118486529063;-1,961184865290626;78;Bajo (0-100 min);0
L;298,9;310,1;1577;41,4;38,04208337274647;3,3579166272535304;80;Bajo (0-100 min);0
L;298,9;310,0;1482;41,1;42,65246066249384;-1,5524606624938357;82;Bajo (0-100 min);0
M;299,0;310,1;1705;30,1;31,85149476126423;-1,7514947612642295;84;Bajo (0-100 min);0
L;299,0;310,1;1699;32,9;32,13981172387839;0,7601882761216103;87;Bajo (0-100 min);0
L;299,0;310,1;1664;29,7;33,833310552994966;-4,133310552994967;89;Bajo (0-100 min);0
M;299,0;310,0;1486;34,6;42,46326410786146;-7,863264107861461;91;Bajo (0-100 min);0
L;299,1;310,1;1336;61,3;49,725425479622075;11,574574520377922;94;Bajo (0-100 min);0
H;299,1;310,1;1429;42,9;45,22005970710916;-2,3200597071091593;96;Bajo (0-100 min);0
M;299,1;310,2;1456;48,4;43,89756800060727;4,502431999392726;101;Moderado (100-200 min);0
L;299,1;310,2;1496;45,0;41,958167997010825;3,0418320029891746;104;Moderado (100-200 min);0
L;299,1;310,1;1894;20,1;22,693230844544587;-2,5932308445445855;106;Moderado (100-200 min);0
L;299,1;310,1;1373;55,6;47,92304370797316;7,676956292026844;108;Moderado (100-200 min);0
H;299,0;310,0;1387;45,2;47,243417949465176;-2,043417949465173;110;Moderado (100-200 min);0
L;298,9;309,9;1500;44,2;41,767103035047164;2,432896964952839;115;Moderado (100-200 min);0
L;298,9;309,9;1517;36,6;40,94231311975176;-4,342313119751758;117;Moderado (100-200 min);0
L;298,9;309,9;1309;56,2;51,01396488700821;5,186035112991796;119;Moderado (100-200 min);0
M;298,9;309,9;1357;54,5;48,687887451005665;5,812112548994335;121;Moderado (100-200 min);0
L;298,8;309,8;1490;40,6;42,24450315297452;-1,644503152974515;124;Moderado (100-200 min);0
H;298,8;309,8;1911;21,6;21,854546838786018;-0,25454683878601614;126;Moderado (100-200 min);0
L;298,8;309,8;1599;33,6;36,960521279279206;-3,3605212792792045;131;Moderado (100-200 min);0
M;298,8;309,7;2098;19,0;12,804292527089693;6,195707472910307;133;Moderado (100-200 min);0
M;298,7;309,7;1629;27,9;35,503782629980314;-7,603782629980316;136;Moderado (100-200 min);0
L;298,8;309,8;1557;37,2;38,98851088512295;-1,788510885122946;139;Moderado (100-200 min);0
L;298,8;309,8;1461;39,4;43,63615612595359;-4,236156125953592;141;Moderado (100-200 min);0
L;298,8;309,8;1563;33,7;38,6949326861386;-4,994932686138597;143;Moderado (100-200 min);0
L;298,7;309,8;1695;29,0;32,28956794438647;-3,2895679443864694;145;Moderado (100-200 min);0
L;298,8;310,0;1528;36,7;40,36460694762978;-3,6646069476297782;147;Moderado (100-200 min);0
L;298,8;310,0;1389;49,6;47,094683265570325;2,5053167344296767;149;Moderado (100-200 min);0
L;298,9;310,0;2231;17,4;6,327556258515038;11,07244374148496;151;Moderado (100-200 min);0
M;298,9;310,1;1442;42,9;44,52508120298841;-1,6250812029884116;153;Moderado (100-200 min);0
H;298,9;310,1;1458;44,3;43,74796831219749;0,5520316878025042;156;Moderado (100-200 min);0
L;299,0;310,1;1444;47,7;44,43349351295224;3,2665064870477636;161;Moderado (100-200 min);0
M;298,9;310,0;1348;58,2;49,081017021469606;9,118982978530397;163;Moderado (100-200 min);0
L;298,9;310,0;1791;27,6;27,6248792486803;-0,02487924868029978;166;Moderado (100-200 min);0
L;299,0;310,0;1509;38,0;41,29153202468403;-3,291532024684031;168;Moderado (100-200 min);0
L;298,9;310,0;1515;42,9;40,98817462516093;1,9118253748390686;170;Moderado (100-200 min);0
M;298,9;310,1;1655;31,5;34,19550257812023;-2,6955025781202266;172;Moderado (100-200 min);0
L;298,9;310,1;1495;42,9;41,94182851456987;0,9581714854301282;175;Moderado (100-200 min);0
L;298,9;310,2;1623;37,2;35,73030002393194;1,469699976068064;177;Moderado (100-200 min);0
L;298,9;310,2;1562;42,5;38,68294322525451;3,817056774745488;179;Moderado (100-200 min);0
L;298,8;310,1;1574;36,2;38,10017472614699;-1,900174726146986;181;Moderado (100-200 min);0
L;298,8;310,0;1611;32,4;36,31797289546394;-3,91797289546394;183;Moderado (100-200 min);0
L;298,8;310,0;1403;45,6;46,389624662720394;-0,7896246627203922;185;Moderado (100-200 min);0
L;298,8;310,1;1481;47,4;42,59952765709397;4,800472342906026;187;Moderado (100-200 min);0
M;298,9;310,1;1441;41,2;44,54645204564193;-3,346452045641925;189;Moderado (100-200 min);0
H;298,8;310,1;1483;45,4;42,4989123717148;2,9010876282851967;192;Moderado (100-200 min);0
L;298,7;310,0;1555;32,6;39,00817127500623;-6,408171275006225;197;Moderado (100-200 min);0
L;298,6;309,9;1615;28,8;36,10082855028766;-7,300828550287658;199;Moderado (100-200 min);0
L;298,6;309,8;1561;32,6;38,72563202232557;-6,1256320223255685;201;Alto (>200 min);0
L;298,5;309,8;1593;35,1;37,16313025059648;-2,0631302505964797;203;Alto (>200 min);0
M;298,5;309,7;1552;34,0;39,15836153653141;-5,158361536531409;205;Alto (>200 min);0
H;298,5;309,7;1561;35,3;38,72024905364211;-3,4202490536421095;208;Alto (>200 min);0
L;298,6;309,8;1597;35,9;36,97318209076837;-1,0731820907683698;213;Alto (>200 min);0
M;298,6;309,9;1517;34,0;40,83480857777837;-6,834808577778368;215;Alto (>200 min);0
L;298,6;309,8;2271;16,2;4,328527646834345;11,871472353165654;218;Alto (>200 min);1
L;298,5;309,7;1613;36,7;36,35829418994446;0,3417058100555437;0;Bajo (0-100 min);0
M;298,5;309,6;1509;47,3;41,404529146993895;5,895470853006103;2;Bajo (0-100 min);0
L;298,6;309,7;1703;26,1;32,00724190187524;-5,9072419018752385;5;Bajo (0-100 min);0
L;298,6;309,7;1925;22,1;21,2545828980326;0,8454171019674028;7;Bajo (0-100 min);0
M;298,6;309,6;1635;29,7;35,3085429793249;-5,608542979324898;9;Bajo (0-100 min);0
L;298,5;309,5;1294;66,7;51,820329159202984;14,879670840797019;12;Bajo (0-100 min);1
L;298,6;309,6;1472;39,1;43,19865159448375;-4,098651594483748;14;Bajo (0-100 min);0
H;298,6;309,6;1449;42,5;44,31100686719756;-1,8110068671975625;16;Bajo (0-100 min);0
L;298,6;309,6;1563;35,0;38,786385055392586;-3,7863850553925857;21;Bajo (0-100 min);0
L;298,6;309,6;1611;35,7;36,46030761939004;-0,7603076193900407;23;Bajo (0-100 min);0
L;298,6;309,6;1386;48,6;47,355246091550406;1,2447539084495958;25;Bajo (0-100 min);0
H;298,6;309,5;1584;31,8;37,77603487913026;-5,976034879130257;27;Bajo (0-100 min);0
M;298,7;309,6;1424;50,4;45,52097933750168;4,87902066249832;32;Bajo (0-100 min);0
L;298,5;309,5;1561;34,8;38,872598109739386;-4,072598109739388;35;Bajo (0-100 min);0
L;298,5;309,4;1560;37,9;38,930684207665095;-1,0306842076650966;37;Bajo (0-100 min);0
H;298,6;309,5;1375;41,0;47,888599224129514;-6,888599224129514;39;Bajo (0-100 min);0
M;298,6;309,5;1684;27,8;32,9203946207796;-5,120394620779596;44;Bajo (0-100 min);0
M;298,6;309,6;1397;54,1;46,80599585054155;7,294004149458452;47;Bajo (0-100 min);0
L;298,6;309,6;1387;57,6;47,28802733195662;10,311972668043381;50;Bajo (0-100 min);0
H;298,7;309,7;1311;54,5;50,96722171109592;3,5327782889040833;52;Bajo (0-100 min);0
L;298,8;309,8;1509;36,2;41,374716736784855;-5,174716736784852;57;Bajo (0-100 min);0
M;298,8;309,8;1477;46,7;42,92292967680074;3,7770703231992613;59;Bajo (0-100 min);0
L;298,8;309,9;1441;41,6;44,65294485180486;-3,0529448518048596;62;Bajo (0-100 min);0
L;298,7;309,9;1404;47,1;46,43201852939167;0,667981470608332;64;Bajo (0-100 min);0
H;298,8;309,9;1466;44,6;43,43922268851613;1,1607773114838693;66;Bajo (0-100 min);0
M;298,7;309,8;1435;48,8;44,93663045093129;3,8633695490687074;71;Bajo (0-100 min);0
H;298,7;309,7;1697;29,8;32,25723533250065;-2,457235332500648;74;Bajo (0-100 min);0
M;298,7;309,6;1738;27,3;30,279064167429446;-2,9790641674294456;79;Bajo (0-100 min);0
H;298,6;309,5;1420;50,4;45,676991864202236;4,7230081357977625;82;Bajo (0-100 min);0
M;298,5;309,5;1535;39,8;40,0926590117668;-0,2926590117668013;87;Bajo (0-100 min);0
L;298,6;309,6;1715;28,4;31,37337258245136;-2,9733725824513613;90;Bajo (0-100 min);0
L;298,6;309,5;1483;43,2;42,6184721411303;0,5815278588697055;92;Bajo (0-100 min);0
M;298,5;309,4;1521;37,5;40,77655926981679;-3,2765592698167865;94;Bajo (0-100 min);0
H;298,5;309,4;1573;36,0;38,25601570981758;-2,256015709817582;97;Bajo (0-100 min);0
H;298,5;309,4;1414;46,7;45,95240980617551;0,7475901938244931;102;Moderado (100-200 min);0
L;298,5;309,3;1590;33,9;37,4363736315732;-3,5363736315731984;107;Moderado (100-200 min);0
L;298,5;309,3;1623;33,1;35,83672564107411;-2,736725641074109;109;Moderado (100-200 min);0
H;298,4;309,3;1694;30,9;32,38550731103604;-1,485507311036038;111;Moderado (100-200 min);0
M;298,4;309,2;1597;33,5;37,090487044596635;-3,5904870445966353;116;Moderado (100-200 min);0
L;298,5;309,3;1471;44,7;43,19036130355172;1,5096386964482846;119;Moderado (100-200 min);0
M;298,5;309,3;1551;34,7;39,3145677171418;-4,614567717141796;121;Moderado (100-200 min);0
H;298,5;309,3;1421;50,3;45,60803476258453;4,691965237415467;124;Moderado (100-200 min);0
M;298,4;309,3;1496;45,6;41,960847098158304;3,6391529018416975;129;Moderado (100-200 min);0
H;298,4;309,3;1984;19,2;18,325420988858625;0,8745790111413747;132;Moderado (100-200 min);0
L;298,4;309,2;1692;29,8;32,473983513964164;-2,6739835139641634;137;Moderado (100-200 min);0
L;298,4;309,1;1467;42,5;43,38008266474148;-0,8800826647414794;139;Moderado (100-200 min);0
L;298,4;309,2;1651;28,5;34,45655091089064;-5,956550910890641;141;Moderado (100-200 min);0
L;298,3;309,1;1417;60,5;45,787225318039816;14,712774681960184;143;Moderado (100-200 min);0
L;298,2;309,0;1413;55,0;45,97931489413598;9,020685105864018;145;Moderado (100-200 min);0
M;298,2;309,0;1441;44,2;44,621810052138045;-0,4218100521380421;147;Moderado (100-200 min);0
M;298,2;309,0;1353;50,3;48,8812746501711;1,4187253498288968;150;Moderado (100-200 min);0
L;298,1;309,0;1502;40,9;41,65187159831932;-0,7518715983193189;153;Moderado (100-200 min);0
L;298,2;309,0;1610;31,7;36,431358791233166;-4,731358791233166;155;Moderado (100-200 min);0
M;298,2;309,1;1411;45,8;46,05599221257058;-0,25599221257058247;157;Moderado (100-200 min);0
L;298,3;309,1;1387;52,3;47,227306920719116;5,0726930792808815;160;Moderado (100-200 min);0
H;298,3;309,1;1430;40,9;45,14337263321772;-4,243372633217724;162;Moderado (100-200 min);0
M;298,4;309,1;1576;38,8;38,08031708193559;0,7196829180644073;167;Moderado (100-200 min);0
M;298,5;309,2;1721;29,4;31,056032692128227;-1,6560326921282282;170;Moderado (100-200 min);0
M;298,5;309,3;1465;42,4;43,44034640118303;-1,0403464011830295;173;Moderado (100-200 min);0
M;298,6;309,4;1407;45,1;46,24707384052245;-1,1470738405224452;176;Moderado (100-200 min);0
M;298,6;309,4;1464;36,9;43,484387132022086;-6,584387132022087;179;Moderado (100-200 min);0
M;298,6;309,5;1568;36,7;38,43439414899393;-1,7343941489939283;182;Moderado (100-200 min);0
L;298,6;309,4;1667;35,6;33,648865671700854;1,9511343282991476;185;Moderado (100-200 min);0
L;298,5;309,4;1360;60,9;48,50366936834988;12,396330631650116;187;Moderado (100-200 min);1
M;298,5;309,3;1488;43,7;42,31446223494586;1,3855377650541456;189;Moderado (100-200 min);0
L;298,4;309,3;1504;39,3;41,52606693322471;-2,2260669332247147;192;Moderado (100-200 min);0
L;298,4;309,2;1610;32,4;36,402289653225765;-4,002289653225766;194;Moderado (100-200 min);0
L;298,4;309,2;1345;52,7;49,23437331339535;3,465626686604651;196;Moderado (100-200 min);0
M;298,3;309,3;1376;57,0;47,709139492749536;9,290860507250464;198;Moderado (100-200 min);0
L;298,4;309,4;1385;50,0;47,2711487421735;2,7288512578264985;201;Alto (>200 min);0
M;298,4;309,4;1429;41,8;45,13878582497188;-3,338785824971886;203;Alto (>200 min);0
L;298,3;309,3;1337;56,1;49,59184320949259;6,508156790507414;206;Alto (>200 min);1
L;298,4;309,3;1542;35,4;39,673753321484085;-4,273753321484087;208;Alto (>200 min);0
L;298,4;309,2;2118;17,7;11,788520082376827;5,911479917623172;210;Alto (>200 min);0
L;298,3;309,1;1386;45,3;47,23665208024076;-1,936652080240762;212;Alto (>200 min);0
M;298,3;309,1;1632;32,7;35,48254947548138;-2,7825494754813747;0;Bajo (0-100 min);0
L;298,4;309,3;1545;36,9;39,68254649751051;-2,782546497510509;3;Bajo (0-100 min);0
M;298,4;309,3;1390;53,6;47,18748089065474;6,412519109345261;5;Bajo (0-100 min);0
M;298,4;309,3;1355;50,6;48,88022811457558;1,7197718854244215;8;Bajo (0-100 min);0
L;298,4;309,2;1425;45,5;45,49912989858918;0,0008701014108183358;11;Bajo (0-100 min);0
M;298,4;309,2;1491;51,2;42,30133712798249;8,89866287201751;13;Bajo (0-100 min);0
H;298,3;309,2;1486;42,4;42,52994304996619;-0,12994304996619377;16;Bajo (0-100 min);0
M;298,3;309,2;1359;51,4;48,67662099591675;2,723379004083249;21;Bajo (0-100 min);0
L;298,4;309,3;1395;47,6;46,93105724343449;0,6689427565655137;24;Bajo (0-100 min);0
L;298,3;309,2;1383;52,1;47,51057585713251;4,589424142867493;26;Bajo (0-100 min);0
H;298,3;309,1;1484;37,0;42,628941725634704;-5,628941725634704;28;Bajo (0-100 min);0
L;298,3;309,1;1421;47,4;45,67618737077051;1,723812629229485;33;Bajo (0-100 min);0
L;298,3;309,0;1339;58,8;49,656992474414885;9,143007525585112;35;Bajo (0-100 min);0
L;298,4;309,1;1362;46,1;48,54175251323136;-2,441752513231357;37;Bajo (0-100 min);0
H;298,5;309,2;1568;40,6;38,564073316905684;2,035926683094317;39;Bajo (0-100 min);0
L;298,6;309,4;2312;15,5;2,518375847651839;12,98162415234816;44;Bajo (0-100 min);0
M;298,5;309,3;1498;34,6;41,93765548093466;-7,337655480934657;46;Bajo (0-100 min);0
M;298,5;309,3;1761;27,2;29,19867105418683;-1,998671054186829;49;Bajo (0-100 min);0
L;298,6;309,4;1316;51,4;50,74727818751542;0,6527218124845788;52;Bajo (0-100 min);0
L;298,6;309,4;1525;37,8;40,62419136977578;-2,8241913697757823;54;Bajo (0-100 min);0
H;298,6;309,4;1362;45,3;48,51655480052185;-3,2165548005218554;56;Bajo (0-100 min);0
L;298,7;309,6;1516;38,5;41,04374885440396;-2,543748854403958;61;Bajo (0-100 min);0
L;298,6;309,5;1450;44,2;44,23841347191442;-0,03841347191441713;63;Bajo (0-100 min);0
M;298,6;309,5;1366;55,0;48,30491515634229;6,69508484365771;65;Bajo (0-100 min);0
L;298,5;309,5;1547;33,1;39,52579595408313;-6,425795954083128;68;Bajo (0-100 min);0
M;298,6;309,5;1580;33,9;37,93743037451427;-4,037430374514273;70;Bajo (0-100 min);0
H;298,7;309,6;1755;26,9;29,46028709369998;-2,56028709369998;73;Bajo (0-100 min);0
M;298,7;309,6;1800;24,8;27,2772407312109;-2,477240731210898;78;Bajo (0-100 min);0
M;298,8;309,7;1439;45,8;44,75784296972014;1,04215703027986;81;Bajo (0-100 min);0
L;298,9;309,8;1411;56,3;46,11171151805263;10,188288481947367;84;Bajo (0-100 min);0
M;298,9;309,9;1645;31,4;34,76674827919027;-3,3667482791902685;86;Bajo (0-100 min);0
M;298,9;309,8;2450;13,9;-4,209392766465498;18,109392766465497;89;Bajo (0-100 min);0
L;299,0;309,9;1630;34,0;35,4999505044495;-1,499950504449501;92;Bajo (0-100 min);0
L;299,0;309,9;1411;44,7;46,10431719840848;-1,404317198408478;94;Bajo (0-100 min);0
L;298,9;309,9;1526;35,4;40,522239161560265;-5,122239161560266;96;Bajo (0-100 min);0
L;298,9;309,9;1590;31,3;37,421303650354034;-6,121303650354033;98;Bajo (0-100 min);0
H;299,0;309,9;1884;25,6;23,193065719025032;2,406934280974969;100;Bajo (0-100 min);0
M;298,9;309,8;1947;21,7;20,138182289618527;1,5618177103814723;105;Moderado (100-200 min);0
L;298,9;309,9;1373;52,1;47,92280024334662;4,17719975665338;108;Moderado (100-200 min);0
L;298,9;309,8;1616;36,5;36,16430069441609;0,33569930558390837;110;Moderado (100-200 min);0
M;298,9;309,9;1449;44,1;44,23921796534614;-0,13921796534614117;112;Moderado (100-200 min);0
M;298,9;309,8;1363;50,6;48,412985982595686;2,187014017404316;115;Moderado (100-200 min);0
H;298,8;309,7;1461;55,1;43,66460372407261;11,435396275927388;118;Moderado (100-200 min);0
L;298,8;309,7;1374;58,6;47,87413648201395;10,725863517986049;123;Moderado (100-200 min);0
L;298,7;309,7;1293;59,1;51,7840698664109;7,315930133589099;125;Moderado (100-200 min);0
M;298,8;309,8;1490;38,6;42,242248337387295;-3,6422483373872936;127;Moderado (100-200 min);0
L;298,8;309,8;1753;27,5;29,50326391063946;-2,003263910639461;130;Moderado (100-200 min);0
L;298,8;309,8;1493;38,5;42,09320442230789;-3,593204422307892;132;Moderado (100-200 min);0
L;298,8;309,8;1895;22,0;22,62339207242377;-0,6233920724237692;134;Moderado (100-200 min);0
H;298,7;309,6;1654;34,3;34,304227566091505;-0,004227566091508095;136;Moderado (100-200 min);0
L;298,7;309,5;1673;30,8;33,39148625442538;-2,59148625442538;141;Moderado (100-200 min);0
L;298,8;309,6;1613;27,7;36,29582255836099;-8,59582255836099;143;Moderado (100-200 min);0
L;298,8;309,6;1903;22,3;22,250016734902683;0,04998326509731754;145;Moderado (100-200 min);0
L;298,8;309,5;1368;44,7;48,16899109275144;-3,4689910927514376;147;Moderado (100-200 min);0
M;298,8;309,6;1575;34,4;38,1316008557953;-3,7316008557952998;149;Moderado (100-200 min);0
H;298,8;309,6;1516;40,2;40,98663519252167;-0,7866351925216648;152;Moderado (100-200 min);0
L;298,8;309,5;1645;32,8;34,74674461383019;-1,946744613830191;157;Moderado (100-200 min);0
L;298,8;309,5;1374;48,1;47,86940005220116;0,23059994779884363;159;Moderado (100-200 min);0
H;298,9;309,7;1407;48,6;46,25871311539838;2,3412868846016224;161;Moderado (100-200 min);0
M;298,9;309,6;1284;55,3;52,222837221164966;3,0771627788350315;166;Moderado (100-200 min);0
L;298,9;309,5;1645;31,1;34,74900776241151;-3,6490077624115074;169;Moderado (100-200 min);0
L;298,8;309,4;1387;54,1;47,24196928236621;6,858030717633788;171;Moderado (100-200 min);0
M;298,8;309,3;1618;35,1;36,064613289838455;-0,9646132898384536;173;Moderado (100-200 min);0
L;298,8;309,3;1357;47,1;48,70223082601137;-1,6022308260113718;176;Moderado (100-200 min);0
L;298,7;309,2;1396;44,8;46,81188932499764;-2,0118893249976395;178;Moderado (100-200 min);0
L;298,7;309,2;1586;31,4;37,60894647156237;-6,208946471562371;180;Moderado (100-200 min);0
H;298,7;309,2;1449;42,3;44,242165530102454;-1,9421655301024572;182;Moderado (100-200 min);0
M;298,7;309,2;1423;48,9;45,49755187632973;3,4024481236702684;187;Moderado (100-200 min);0
H;298,7;309,3;1402;45,3;46,50113760583039;-1,2011376058303895;190;Moderado (100-200 min);0
M;298,7;309,2;1437;45,7;44,81353821896057;0,8864617810394293;195;Moderado (100-200 min);0
L;298,6;309,1;1537;35,7;39,968298701037035;-4,268298701037033;198;Moderado (100-200 min);0
M;298,7;309,1;1423;49,5;45,498941687402045;4,001058312597955;200;Moderado (100-200 min);0
M;298,6;309,1;1587;37,3;37,5431091900468;-0,24310919004680187;203;Alto (>200 min);0
M;298,6;309,1;1487;43,2;42,38371734448262;0,8162826555173837;206;Alto (>200 min);0
L;298,6;309,0;1456;47,7;44,050996214129576;3,649003785870427;0;Bajo (0-100 min);0
L;298,7;309,1;1607;32,7;36,736891651316554;-4,036891651316552;2;Bajo (0-100 min);0
L;298,6;309,0;1469;46,0;43,41841760724361;2,5815823927563883;4;Bajo (0-100 min);0
M;298,6;309,0;1481;40,8;42,835770840449364;-2,0357708404493664;6;Bajo (0-100 min);0
L;298,6;308,9;1327;58,8;50,302685677314585;8,497314322685412;9;Bajo (0-100 min);0
L;298,5;308,8;1589;30,6;37,61275975314945;-7,012759753149446;11;Bajo (0-100 min);0
L;298,5;308,8;1670;29,6;33,6885375370393;-4,088537537039301;13;Bajo (0-100 min);0
M;298,5;308,7;1662;28,3;34,08562404286662;-5,785624042866619;15;Bajo (0-100 min);0
M;298,5;308,8;1553;34,9;39,35092918598755;-4,450929185987555;18;Bajo (0-100 min);0
M;298,5;308,8;1557;36,0;39,15495985159941;-3,1549598515994077;21;Bajo (0-100 min);0
L;298,4;308,8;1352;56,7;49,06929171362919;7,630708286370812;24;Bajo (0-100 min);0
L;298,5;308,8;1305;58,7;51,35521651007876;7,344783489921241;26;Bajo (0-100 min);0
H;298,5;308,7;1450;43,9;44,34272267177083;-0,4427226717708308;28;Bajo (0-100 min);0
M;298,5;308,7;1347;48,5;49,32711350491586;-0,8271135049158573;33;Bajo (0-100 min);0
H;298,6;308,8;1566;39,1;38,71911051729143;0,38088948270856804;36;Bajo (0-100 min);0
M;298,5;308,7;1615;33,3;36,34222790368816;-3,0422279036881648;41;Bajo (0-100 min);0
M;298,5;308,6;1384;54,4;47,53814722747112;6,861852772528877;44;Bajo (0-100 min);0
M;298,5;308,7;1367;47,3;48,348018438170854;-1,0480184381708568;47;Bajo (0-100 min);0
M;298,5;308,6;1897;20,2;22,689750560078455;-2,4897505600784555;50;Bajo (0-100 min);0
L;298,5;308,6;1522;36,9;40,84823188207764;-3,9482318820776428;53;Bajo (0-100 min);0
M;298,4;308,5;1576;27,4;38,23146093556044;-10,831460935560443;55;Bajo (0-100 min);0
H;298,4;308,4;1479;39,2;42,93794387951253;-3,737943879512528;58;Bajo (0-100 min);0
L;298,3;308,3;1452;45,5;44,24163712312677;1,2583628768732282;63;Bajo (0-100 min);0
L;298,3;308,3;1432;46,9;45,2087065067399;1,6912934932600976;65;Bajo (0-100 min);0
L;298,3;308,2;1663;28,4;34,03135051421214;-5,631350514212144;67;Bajo (0-100 min);0
L;298,3;308,3;1597;32,4;37,21497618541891;-4,814976185418914;69;Bajo (0-100 min);0
L;298,3;308,2;1472;44,3;43,27821236617319;1,0217876338268042;71;Bajo (0-100 min);0
L;298,4;308,3;1452;48,5;44,245403482099576;4,254596517900424;73;Bajo (0-100 min);0
H;298,3;308,2;1534;33,2;40,27263090397594;-7,072630903975934;75;Bajo (0-100 min);0
L;298,3;308,1;1505;46,1;41,684463817920864;4,415536182079137;80;Bajo (0-100 min);0
L;298,3;308,1;1528;33,9;40,56910212442408;-6,669102124424079;82;Bajo (0-100 min);0
H;298,3;308,1;2636;12,8;-13,091322793822734;25,891322793822734;84;Bajo (0-100 min);0
M;298,3;308,1;1722;28,6;31,16868672620918;-2,5686867262091795;89;Bajo (0-100 min);0
L;298,4;308,1;1395;44,0;47,013876233527526;-3,013876233527526;92;Bajo (0-100 min);0
L;298,4;308,1;1375;50,8;47,980945617140655;2,819054382859342;94;Bajo (0-100 min);0
M;298,3;308,0;1766;26,0;29,043726461645807;-3,0437264616458073;96;Bajo (0-100 min);0
L;298,3;307,9;1399;47,8;46,82593942466011;0,9740605753398839;99;Bajo (0-100 min);0
L;298,3;308,0;1578;37,8;38,14455081931042;-0,3445508193104203;101;Moderado (100-200 min);0
L;298,3;307,9;1502;42,0;41,83478414475341;0,16521585524659343;103;Moderado (100-200 min);0
M;298,2;307,9;1529;36,6;40,514425521525474;-3,914425521525473;105;Moderado (100-200 min);0
L;298,2;307,8;1804;25,1;27,20545821699183;-2,1054582169918277;108;Moderado (100-200 min);0
M;298,2;307,8;1411;53,4;46,23640647879091;7,163593521209087;110;Moderado (100-200 min);0
L;298,1;307,8;1413;54,1;46,126011992873;7,973988007126998;113;Moderado (100-200 min);0
L;298,2;307,8;1355;59,4;48,944651716025106;10,455348283974892;115;Moderado (100-200 min);0
L;298,2;307,8;1429;46,9;45,35942990781657;1,5405700921834296;117;Moderado (100-200 min);0
L;298,1;307,8;1565;35,3;38,76035064726352;-3,4603506472635246;119;Moderado (100-200 min);0
M;298,1;307,9;1446;42,8;44,51069369258251;-1,7106936925825096;121;Moderado (100-200 min);0
M;298,2;307,9;1462;38,8;43,74486321272182;-4,94486321272182;124;Moderado (100-200 min);0
M;298,2;307,8;1578;34,5;38,13604803052481;-3,6360480305248117;127;Moderado (100-200 min);0
L;298,1;307,8;1606;33,0;36,76650917240091;-3,7665091724009088;130;Moderado (100-200 min);0
M;298,1;307,8;1525;35,9;40,687724967728094;-4,787724967728096;132;Moderado (100-200 min);0
L;298,1;307,8;1379;49,1;47,75605008837451;1,3439499116254936;135;Moderado (100-200 min);0
L;298,2;307,8;1575;35,0;38,273817867668086;-3,273817867668086;137;Moderado (100-200 min);0
L;298,2;307,9;1399;54,9;46,7845928059002;8,115407194099795;139;Moderado (100-200 min);0
L;298,2;307,9;1429;49,4;45,33023070450181;4,06976929549819;141;Moderado (100-200 min);0
L;298,3;307,9;1435;39,9;45,04943812683917;-5,149438126839172;143;Moderado (100-200 min);0
L;298,3;307,9;1766;26,5;29,01805848567141;-2,5180584856714106;145;Moderado (100-200 min);0
L;298,3;307,9;1703;28,9;32,06755894639444;-3,1675589463944434;147;Moderado (100-200 min);0
L;298,3;307,9;1507;41,2;41,558067157248125;-0,3580671572481222;149;Moderado (100-200 min);0
M;298,3;307,9;1609;32,4;36,616843717433134;-4,216843717433136;151;Moderado (100-200 min);0
L;298,4;308,0;1605;32,4;36,8084251529601;-4,408425152960099;154;Moderado (100-200 min);0
L;298,4;308,1;1491;50,0;42,31662504977792;7,683374950222081;156;Moderado (100-200 min);0
H;298,4;308,1;1891;24,7;22,94366995929426;1,7563300407057376;158;Moderado (100-200 min);0
H;298,5;308,2;1563;44,6;38,82462420730441;5,775375792695591;163;Moderado (100-200 min);0
L;298,6;308,2;1390;51,4;47,210301530395796;4,189698469604203;168;Moderado (100-200 min);0
L;298,5;308,2;1444;40,5;44,582369905261636;-4,082369905261636;170;Moderado (100-200 min);0
L;298,6;308,2;1361;68,2;48,61172537091951;19,588274629080495;172;Moderado (100-200 min);1
M;298,6;308,3;1589;34,1;37,55733391025852;-3,4573339102585194;174;Moderado (100-200 min);0
L;298,6;308,2;1705;26,3;31,94851872806153;-5,6485187280615285;177;Moderado (100-200 min);0
L;298,6;308,3;1422;40,4;45,641157044218296;-5,241157044218298;179;Moderado (100-200 min);0
H;298,6;308,3;1377;52,1;47,81894217033718;4,281057829662821;181;Moderado (100-200 min);0
L;298,5;308,3;1334;49,8;49,88633281053815;-0,08633281053815267;186;Moderado (100-200 min);0
L;298,6;308,4;1559;36,6;38,988509649908096;-2,3885096499080944;188;Moderado (100-200 min);0
L;298,7;308,5;1353;47,0;48,963425890077346;-1,963425890077346;190;Moderado (100-200 min);0
M;298,7;308,4;1507;45,7;41,51507438446733;4,18492561553267;192;Moderado (100-200 min);0
L;298,7;308,4;1694;28,7;32,45666581493702;-3,756665814937019;195;Moderado (100-200 min);0
H;298,7;308,4;1432;42,8;45,14346358600591;-2,3434635860059103;197;Moderado (100-200 min);0
H;298,7;308,5;1572;35,6;38,348536723377975;-2,748536723377974;202;Alto (>200 min);0
M;298,8;308,6;1507;42,3;41,49276136022751;0,8072386397724856;207;Alto (>200 min);0
M;298,8;308,6;1500;37,1;41,8295069525419;-4,729506952541897;210;Alto (>200 min);0
L;298,9;308,6;1771;24,1;28,714375899122444;-4,614375899122443;213;Alto (>200 min);0
M;298,8;308,5;1577;33,2;38,26950023534694;-5,069500235346936;0;Bajo (0-100 min);0
L;298,8;308,5;1527;36,2;40,688676904771235;-4,488676904771232;3;Bajo (0-100 min);0
M;298,9;308,4;1827;26,1;26,1810278738578;-0,08102787385779919;5;Bajo (0-100 min);0
L;298,8;308,4;1484;39,2;42,77851063451939;-3,5785106345193896;8;Bajo (0-100 min);0
L;298,8;308,4;1401;47,3;46,796583689247036;0,5034163107529608;10;Bajo (0-100 min);0
L;298,8;308,3;1634;27,9;35,52237043731881;-7,622370437318814;12;Bajo (0-100 min);0
M;298,8;308,4;1604;29,5;36,96256543931729;-7,462565439317288;14;Bajo (0-100 min);0
H;298,9;308,4;1632;31,8;35,615591403053834;-3,8155914030538334;17;Bajo (0-100 min);0
M;299,0;308,6;1645;33,4;34,97122224466843;-1,5712222446684336;22;Bajo (0-100 min);0
H;299,0;308,7;1408;48,5;46,43539198941887;2,064608010581132;25;Bajo (0-100 min);0
M;299,0;308,7;1500;40,2;41,976200031018955;-1,776200031018952;30;Bajo (0-100 min);0
